id,date,title,author,content,link
41837,2025-05-27T12:05:01,Social,Doug Stuart,"# Follow LCI on Social Media

[ X-twitter ](https://X.com/LCIOfficial) [ Youtube ](https://www.youtube.com/@LibertarianChristianInstitute) [ Instagram ](https://Instagram.com/lcinstitute) [ Facebook ](https://Facebook.com/LibertarianChristians)

[ Visit our Website ](https://libertarianchristians.com)",https://libertarianchristians.com/social/
41554,2025-04-22T13:04:06,The LCI Story: From Blog to Movement,Doug Stuart,"## **The Story of the Libertarian Christian Institute**

by Dr. Norman Horn

It started with a blog. In the aftermath of the 2008 election, as the Obama era dawned and the Ron Paul Revolution lingered in our minds, I sensed a need to speak out in an area few were exploring with theological or intellectual rigor: the intersection of Christianity and libertarianism. I wanted to do more than post essays and link to news. I wanted to make a case—not just for libertarian ideas, but for their harmony with historic Christian theology. 

So, I launched a small blog on Blogspot called “The Christian Libertarian,” intending it to be a home for my thoughts about political and economic liberty from a distinctly Christian perspective. After some early exposure from folks like Tom Woods and Bob Murphy, I bought the domain LibertarianChristians.com and started building an independent website. Little did I know that this quirky little website held together by WordPress code would become the foundation for a full-fledged organization.

The earliest content was driven largely by questions I had wrestled with myself: “What does Romans 13 really mean?” “Can a Christian support free markets without endorsing greed?” “Is the state a God-ordained institution or a rebellious tower of Babel?” I’d write long-form essays, share theological reflections, and occasionally critique the left-right dichotomy that so often entraps believers into choosing the lesser of two evils. The audience was small at first, but deeply engaged. People were hungry for thoughtful, theologically sound exploration of Christian political thought that rejected both progressive statism and nationalist conservatism.

Over time, others joined the effort. Friends and collaborators like Doug Stuart, Isaac Morehouse, Dick Clark, and Nick Gausling brought fresh insights and helped expand our vision. What began as a solo blogging project slowly grew into a team endeavor. We experimented with podcasts and videos, published articles from a variety of voices, and started engaging with people all over the world who resonated with our message.

By 2015, we saw the need to go even deeper. The ideas we were promoting weren’t just good blog material—they were vital truths with far-reaching implications. We believed that liberty isn’t just a political philosophy; it's part of God’s essential design for human flourishing. And so, we founded the Libertarian Christian Institute (LCI), a nonprofit organization committed to a simple mission: equipping the Church to promote a free society, all grounded in biblical truth and supported by sound economics and ethical clarity.

From the beginning, LCI has sought to demonstrate that libertarianism is the most consistent expression of Christian political thought. We do not mean libertinism, or the rejection of moral standards. We mean the principled stance that no one may initiate force or coercion against another—what libertarians call the non-aggression principle—which aligns naturally with the biblical commands to love our neighbor, treat others as we wish to be treated, and refuse to “lord it over” one another.

Our growth has been steady and organic. Our core medium for years was our weekly articles to help Christians learn about theology, economics, history, ethics, and libertarian theory. We then added The Libertarian Christian Podcast, which became a crucial pillar of our content strategy. Then we took this idea even further, expanding into multimedia production more concretely by establishing the [Christians For Liberty Network](https://libertarianchristians.com/shows/), which now hosts six active podcasts and two legacy shows. We’ve published books like [_Faith Seeking Freedom_](https://libertarianchristians.com/store/faith-seeking-freedom-2/) that have reached thousands of readers and helped clarify what Christian libertarianism actually is. _Faith Seeking Freedom_ in particular was born from a desire to answer the dozens of tough questions we regularly received. Why do Christians care about property rights? Is taxation theft? Should Christians support the welfare state? What about Romans 13? Our book addressed over 100 questions in a concise, conversational format, and has served as a gateway for many believers curious about these ideas.

In addition to books and articles, we’ve hosted conferences, partnered with other organizations, and launched new projects like the _Faith Ventures_ podcast, which tells the stories of Christian entrepreneurs making an impact through the marketplace. Because if we really believe that voluntary exchange and peaceful cooperation are God’s preferred means of societal flourishing, then we ought to spotlight the believers who are doing just that—serving others, creating value, and glorifying God in their work.

One of our milestones along the way was to lay out what we believe as Christian Libertarians in a simple, articulate way. This resulted in the creation of our Core Values statement, and it has been available publicly on LibertarianChristians.com for all to see since 2018. These include our belief in the compatibility of Christianity and libertarianism, our emphasis on biblical justice over political partisanship, and our commitment to integrity, humility, and truth-seeking. We want to make it abundantly clear: you _can_ be a Christian and a libertarian—not only that, you probably _ought_ to be one if you're taking both the Bible and liberty seriously. And we’re inviting every Christian across the world to learn and embrace these ideas.

Looking back, it’s almost surreal to see how far we’ve come—from a simple Blogspot page to a robust institute influencing conversations around theology, economics, and freedom. We are so grateful that so many in the liberty movement – from our fellow Christian-led organizations to even the curious atheists and agnostics – have recognized and promoted the work LCI has done for the cause of liberty. But in another sense, this journey has always been simple: tell the truth, love your neighbor, and trust God. That’s what motivates us at LCI every day.

There is still much work to be done. Christians are still too often beholden to false dichotomies, lured by promises of safety from the state or tempted by the illusion of moral purity through legislation. But we understand the essential reality: liberty is not the enemy of Christian virtue, but rather liberty is its natural outgrowth. Christ sets us free from sin and death, and that means we no longer have to be tied to the domination of human rulers and systems.

That’s the story of LCI—not just an organization, but a movement grounded in the gospel and committed to the radical idea that peace, freedom, and voluntary cooperation are not just possible, but God-honoring.

And we’re just getting started.",https://libertarianchristians.com/lci-story/
41466,2025-04-12T11:20:59,Book Request,Doug Stuart,"## CFLN Host Expense Request

To be used for CFLN hosts to request an expense approval for CFLN-related expenses.

Name(Required)

Podcast/Show(Required)

Please describe the expense request.(Required)

Where can this item be acquired?(Required)

Please describe how this expense will support your show.(Required)

Research Purposes

Interview prep for guest

Other

You chose ""other."" Please explain in brief.

Has the publisher declined to send you a review/complimentary copy of this resource?(Required)

Yes

Have you confirmed the guest will appear on your show?

Yes

No

Who is the guest, and their relation to the resource you are requesting(Required)

What is the scheduled date of recording?(Required)

MM slash DD slash YYYY

Please contact the guest and confirm an interview

Address

Street Address Address Line 2 City State / Province / Region ZIP / Postal Code AfghanistanAlbaniaAlgeriaAmerican SamoaAndorraAngolaAnguillaAntarcticaAntigua and BarbudaArgentinaArmeniaArubaAustraliaAustriaAzerbaijanBahamasBahrainBangladeshBarbadosBelarusBelgiumBelizeBeninBermudaBhutanBoliviaBonaire, Sint Eustatius and SabaBosnia and HerzegovinaBotswanaBouvet IslandBrazilBritish Indian Ocean TerritoryBrunei DarussalamBulgariaBurkina FasoBurundiCabo VerdeCambodiaCameroonCanadaCayman IslandsCentral African RepublicChadChileChinaChristmas IslandCocos IslandsColombiaComorosCongoCongo, Democratic Republic of theCook IslandsCosta RicaCroatiaCubaCuraçaoCyprusCzechiaCôte d'IvoireDenmarkDjiboutiDominicaDominican RepublicEcuadorEgyptEl SalvadorEquatorial GuineaEritreaEstoniaEswatiniEthiopiaFalkland IslandsFaroe IslandsFijiFinlandFranceFrench GuianaFrench PolynesiaFrench Southern TerritoriesGabonGambiaGeorgiaGermanyGhanaGibraltarGreeceGreenlandGrenadaGuadeloupeGuamGuatemalaGuernseyGuineaGuinea-BissauGuyanaHaitiHeard Island and McDonald IslandsHoly SeeHondurasHong KongHungaryIcelandIndiaIndonesiaIranIraqIrelandIsle of ManIsraelItalyJamaicaJapanJerseyJordanKazakhstanKenyaKiribatiKorea, Democratic People's Republic ofKorea, Republic ofKuwaitKyrgyzstanLao People's Democratic RepublicLatviaLebanonLesothoLiberiaLibyaLiechtensteinLithuaniaLuxembourgMacaoMadagascarMalawiMalaysiaMaldivesMaliMaltaMarshall IslandsMartiniqueMauritaniaMauritiusMayotteMexicoMicronesiaMoldovaMonacoMongoliaMontenegroMontserratMoroccoMozambiqueMyanmarNamibiaNauruNepalNetherlandsNew CaledoniaNew ZealandNicaraguaNigerNigeriaNiueNorfolk IslandNorth MacedoniaNorthern Mariana IslandsNorwayOmanPakistanPalauPalestine, State ofPanamaPapua New GuineaParaguayPeruPhilippinesPitcairnPolandPortugalPuerto RicoQatarRomaniaRussian FederationRwandaRéunionSaint BarthélemySaint Helena, Ascension and Tristan da CunhaSaint Kitts and NevisSaint LuciaSaint MartinSaint Pierre and MiquelonSaint Vincent and the GrenadinesSamoaSan MarinoSao Tome and PrincipeSaudi ArabiaSenegalSerbiaSeychellesSierra LeoneSingaporeSint MaartenSlovakiaSloveniaSolomon IslandsSomaliaSouth AfricaSouth Georgia and the South Sandwich IslandsSouth SudanSpainSri LankaSudanSurinameSvalbard and Jan MayenSwedenSwitzerlandSyria Arab RepublicTaiwanTajikistanTanzania, the United Republic ofThailandTimor-LesteTogoTokelauTongaTrinidad and TobagoTunisiaTurkmenistanTurks and Caicos IslandsTuvaluTürkiyeUS Minor Outlying IslandsUgandaUkraineUnited Arab EmiratesUnited KingdomUnited StatesUruguayUzbekistanVanuatuVenezuelaViet NamVirgin Islands, BritishVirgin Islands, U.S.Wallis and FutunaWestern SaharaYemenZambiaZimbabweÅland Islands Country",https://libertarianchristians.com/bookrequest/
40929,2025-03-19T13:16:20,Books,Doug Stuart,"## Featured Books

[](https://libertarianchristians.com/store/what-do-libertarian-christians-believe-ebook/)

[Add to cart](?add-to-cart=41613)

##### [What do Libertarian Christians Believe? eBook](https://libertarianchristians.com/store/what-do-libertarian-christians-believe-ebook/)

$3.99

[](https://libertarianchristians.com/store/a-house-divided/)

[Add to cart](?add-to-cart=40508)

##### [A House Divided Paperback](https://libertarianchristians.com/store/a-house-divided/)

$19.99

[](https://libertarianchristians.com/store/anarchist-anabaptist/)

[Add to cart](?add-to-cart=39987)

##### [The Anarchist Anabaptist](https://libertarianchristians.com/store/anarchist-anabaptist/)

$11.99

[](https://libertarianchristians.com/store/strangers-with-candy-2/)

[Add to cart](?add-to-cart=33131)

##### [Strangers with Candy Paperback](https://libertarianchristians.com/store/strangers-with-candy-2/)

$14.99

[](https://libertarianchristians.com/store/faith-seeking-freedom-2/)

[Add to cart](?add-to-cart=25688)

##### [Faith Seeking Freedom](https://libertarianchristians.com/store/faith-seeking-freedom-2/)

$11.99

## FREE Books

[](https://libertarianchristians.com/store/christians-must-love-peace-even-now/)

[Add to cart](?add-to-cart=40923)

##### [Christians Must Love Peace, Even Now](https://libertarianchristians.com/store/christians-must-love-peace-even-now/)

$0.00

[](https://libertarianchristians.com/store/can-a-christian-be-a-libertarian/)

[Add to cart](?add-to-cart=40917)

##### [Can a Christian be a Libertarian?](https://libertarianchristians.com/store/can-a-christian-be-a-libertarian/)

$0.00

[](https://libertarianchristians.com/store/a-biblical-case-for-anarchy/)

[Add to cart](?add-to-cart=40911)

##### [A Biblical Case for Anarchy](https://libertarianchristians.com/store/a-biblical-case-for-anarchy/)

$0.00

[](https://libertarianchristians.com/store/against-school-notes-on-education/)

[Add to cart](?add-to-cart=40901)

##### [Against School: Notes on Education](https://libertarianchristians.com/store/against-school-notes-on-education/)

$0.00

[](https://libertarianchristians.com/store/america-the-beautiful/)

[Add to cart](?add-to-cart=40894)

##### [America the Beautiful?](https://libertarianchristians.com/store/america-the-beautiful/)

$0.00

[](https://libertarianchristians.com/store/the-beautiful-marketplace/)

[Add to cart](?add-to-cart=40891)

##### [The Beautiful Marketplace](https://libertarianchristians.com/store/the-beautiful-marketplace/)

$0.00

[](https://libertarianchristians.com/store/caesar-god/)

[Add to cart](?add-to-cart=40885)

##### [Caesar & God](https://libertarianchristians.com/store/caesar-god/)

$0.00

[](https://libertarianchristians.com/store/the-things-that-make-for-peace/)

[Add to cart](?add-to-cart=40879)

##### [The Things that Make for Peace](https://libertarianchristians.com/store/the-things-that-make-for-peace/)

$0.00

[](https://libertarianchristians.com/store/incarnation-liberty/)

[Add to cart](?add-to-cart=40873)

##### [Incarnation & Liberty](https://libertarianchristians.com/store/incarnation-liberty/)

$0.00

[](https://libertarianchristians.com/store/40864/)

[Add to cart](?add-to-cart=40864)

##### [Thanksgiving, Christian Hospitality, & Immigrants](https://libertarianchristians.com/store/40864/)

$0.00

[](https://libertarianchristians.com/store/politics-and-equality/)

[Add to cart](?add-to-cart=40859)

##### [Politics and Equality](https://libertarianchristians.com/store/politics-and-equality/)

$0.00

[](https://libertarianchristians.com/store/living-free/)

[Add to cart](?add-to-cart=40851)

##### [Living Free: Reflections on Libertarian Christian Living](https://libertarianchristians.com/store/living-free/)

$0.00

[](https://libertarianchristians.com/store/the-way-of-the-christian/)

[Add to cart](?add-to-cart=40844)

##### [The Way of the Christian](https://libertarianchristians.com/store/the-way-of-the-christian/)

$0.00

[](https://libertarianchristians.com/store/ten-things-i-hate-about-taxes/)

[Add to cart](?add-to-cart=37910)

##### [Ten Things I Hate About Taxes](https://libertarianchristians.com/store/ten-things-i-hate-about-taxes/)

$0.00

[](https://libertarianchristians.com/store/jesus-wasnt-a-libertarian-but-hes-glad-i-am/)

[Add to cart](?add-to-cart=35292)

##### [Jesus Wasn't a Libertarian (But He's Glad I Am)](https://libertarianchristians.com/store/jesus-wasnt-a-libertarian-but-hes-glad-i-am/)

$0.00

[](https://libertarianchristians.com/store/what-about-abortion/)

[Add to cart](?add-to-cart=35300)

##### [What About Abortion?](https://libertarianchristians.com/store/what-about-abortion/)

$0.00

[](https://libertarianchristians.com/store/the-church-of-christ-world-powers/)

[Add to cart](?add-to-cart=35299)

##### [The Church of Christ & World Powers](https://libertarianchristians.com/store/the-church-of-christ-world-powers/)

$0.00

[](https://libertarianchristians.com/store/christianity-libertarianism-allies-not-enemies-2/)

[Add to cart](?add-to-cart=35298)

##### [Christianity & Libertarianism: Allies, not Enemies](https://libertarianchristians.com/store/christianity-libertarianism-allies-not-enemies-2/)

$0.00

[](https://libertarianchristians.com/store/madness-of-politics/)

[Add to cart](?add-to-cart=37781)

##### [The Madness of Politics](https://libertarianchristians.com/store/madness-of-politics/)

$0.00

[](https://libertarianchristians.com/store/romans-13-a-libertarian-guide/)

[Add to cart](?add-to-cart=35297)

##### [Romans 13: A Libertarian Guide](https://libertarianchristians.com/store/romans-13-a-libertarian-guide/)

$0.00

[](https://libertarianchristians.com/store/the-birth-of-mercy-essays-on-the-birth-of-the-christ/)

[Add to cart](?add-to-cart=35296)

##### [The Birth of Mercy: Essays on the Birth of the Christ](https://libertarianchristians.com/store/the-birth-of-mercy-essays-on-the-birth-of-the-christ/)

$0.00

[](https://libertarianchristians.com/store/peaceful-christians-what-does-the-bible-say-about-war/)

[Add to cart](?add-to-cart=35295)

##### [Peaceful Christians: What does the Bible Say About War?](https://libertarianchristians.com/store/peaceful-christians-what-does-the-bible-say-about-war/)

$0.00

[](https://libertarianchristians.com/store/is-the-bible-pro-coercion/)

[Add to cart](?add-to-cart=35294)

##### [Is the Bible Pro-Coercion?](https://libertarianchristians.com/store/is-the-bible-pro-coercion/)

$0.00

[](https://libertarianchristians.com/store/make-immigration-great-again/)

[Add to cart](?add-to-cart=35293)

##### [Make Immigration Great Again](https://libertarianchristians.com/store/make-immigration-great-again/)

$0.00

[](https://libertarianchristians.com/store/idolatry-of-statism-ebook/)

[Add to cart](?add-to-cart=34548)

##### [Idolatry of Statism eBook](https://libertarianchristians.com/store/idolatry-of-statism-ebook/)

$0.00

[](https://libertarianchristians.com/store/faith-seeking-freedom-study-guide/)

[Add to cart](?add-to-cart=33443)

##### [Faith Seeking Freedom Study Guide](https://libertarianchristians.com/store/faith-seeking-freedom-study-guide/)

$0.00",https://libertarianchristians.com/books/
39968,2025-01-18T20:13:59,A House Divided,Doug Stuart,"# A House Divided

## Technology, Worship, and Healing the Church After COVID

### Book Details

Author: Benjamin D. Giffone  
240 pages

### Summary

COVID-19 is firmly in the past for most of us today. However, the social harms of the pandemic are only just beginning to be recognized in the global church. In truth, many Christians all over the world experienced spiritual harms which linger today. This book kickstarts the much-needed conversation about responses to the COVID pandemic in the church. Giffone identifies pre-existing pathologies in theology and practice which were revealed in the crisis, and which still threaten Christian communities.

A House Divided advocates the importance of corporate worship, which was suspended during the pandemic. Tragically, the uncritical adoption of technology in recent decades has led Christians to undervalue the experience of God through embodied practices such as the Lord’s Supper, baptism, and fellowship. Moreover, Giffone demonstrates that church leaders too often abdicated their spiritual responsibilities to secular authorities. Using the theme of flawed leadership in the book of Ezekiel, Giffone argues that leaders, and their congregations, can be restored through truth-telling and repentance.

Full of theological insight, sobering reflection, but ultimately hopeful prescriptions—this book applies biblical principles to current issues. Anyone who cares about the future of the church—scholars, pastors, church leaders, and lay people—will find this book provocative and engaging.

[ Buy Kindle  ](https://www.amazon.com/dp/B0F1JQ2S1P) [ Buy Paperback on Amazon  ](https://a.co/d/grMzoZL) [ Buy Paperback Direct  ](https://libertarianchristians.com/store/a-house-divided/)

### Have a show or podcast? Book Benj today! 

If you have a show or podcast, you can book Benj today by contacting us through the LCI contact page below:

[ Book Today ](https://libertarianchristians.com/contact)

## Interviews

[ ](https://youtu.be/UAopKhlV8eE?si=MIMc531S16ILpytG)

[ ](https://youtube.com/live/NTgK4o0y0yc)

[ ](https://youtu.be/1Tb4JQXTCyw?si=6OI3BDPpCrPT1BTg)

[ ](https://www.youtube.com/watch?v=CDJF24n8R7A)

[ ](https://creators.spotify.com/pod/profile/onefear5/episodes/S5E05---A-House-Divided-Author-Interview-e31dsdn)

[ ](https://libertarianchristians.com/episode/episode-399-worship-technology-healing-the-church-after-covid/)

## Endorsements

“Benjamin Giffone takes readers on a dark but necessary journey into the COVID-stricken world of 2020. This is a must read for those who seeking restoration and holiness for Christ's church.”

David H. Wenkel, PhD (Aberdeen)

LCC International University, Lithuania

“Benjamin Giffone's book is at once a badly needed critique of the Church's unreflective embrace of modern technology in worship and a powerful call to the Church to repent over its failure to respond properly to the Covid-19 crisis by embracing the pseudo-scientific consensus narrative that was forced upon much of the world's population by political, cultural, and economic elites. It should be read far and wide by ministers, clergy, and laity alike.”

Fr. Jamie Franklin, DPhil (Oxford)

Anglican priest, host of ""Irreverend: Faith and Current Affairs"" podcast

""Giffone explains that the impacts on the church of technology and the COVID-19 pandemic were profound, perhaps even existential. Going online to avoid in-person worship, for instance, exacts a far higher cost than most people might realize. The author urges Christians to resist mob mentalities and government overreach by a recommitment to truth, courage, and the very essence of the faith—a message both the clergy and the laity urgently need to hear now. This is not a book for faint-hearted, fair-weather believers.""

Lawrence W. Reed

Foundation for Economic Education

## Get the latest updates on this book!

Name(Required)

First

Email(Required)

Enter Email Confirm Email

Consent(Required)

I agree to join the LCI Mailing List

## Interviews",https://libertarianchristians.com/house-divided/
39749,2024-12-23T20:33:43,The Anarchist Anabaptist,Doug Stuart,"## **Now Available on Audible!**

You can now listen to  _The Anarchist Anabaptist,_ read by Gordon Greenhill. 

[Get it here on Audible](https://www.audible.com/pd/B0F111LGFP/?source_code=AUDFPWS0223189MWT-BK-ACX0-438008&ref=acx_bty_BK_ACX0_438008_rh_us)

# The Anarchist Anabaptist

Almost two hundred years before the liberal tradition of religious freedom, toleration, and consent was birthed, a group of radical Christians in northern Europe discovered these ideas in the New Testament. They were called the Anabaptists.

_The Anarchist Anabaptist_ encourages libertarians to give Anabaptism a second look while reminding contemporary Anabaptists of their heritage and its influence.

_"" A mature and compelling reflection on some controversial and challenging ideas—ones that resonate with the Christian claim that Christ is King. I highly recommend it.”_  
– Preston Sprinkle

_"" The Anarchist Anabaptist offers our polarized world a radical political vision formed by the words and ways of Jesus of Nazareth.""_  
– David Ritchie

_"" An important contribution for the ongoing conversation about the role of the state, its relationship with the church, and ultimately the nature of human societies themselves.""_  
– Jon Carlson

[ Buy on Amazon  ](https://a.co/d/bGbAWLY) [ Buy from LCI  ](https://libertarianchristians.com/store/anarchist-anabaptist/)

## Interviews

[ ](https://jakedoberenz.substack.com/p/a-voluntary-faith-cody-cook)

[ ](https://open.spotify.com/episode/2r5xqB4o6oNKj4n8XiPTZa?si=9OPduFWWQJK_doN141brIg)

[ ](https://www.bobmurphyshow.com/episodes/ep-394-cody-cook-on-his-new-book-the-anarchist-anabaptist/)

[ ](https://libertarianchristians.com/episode/ep-183-anabaptist-anarchy-with-cody-cook/)

[ ](https://theologyintheraw.com/podcast/the-anarchist-anabaptist-cody-cook/)

[ ](https://www.thebadroman.com/show-notes/episode-128)

[ ](https://libertarianchristians.com/episode/unscripted-conversations-on-liberty-pacifism-and-the-gospel-with-cody-cook/)

[ ](https://libertarianchristians.com/episode/episode-389-the-anarchist-anabaptist-with-cody-cook/)

[ ](https://thefourthway.transistor.fm/episodes/interview-w-cody-cook)

## Endorsements

“Cody Cook’s The Anarchist Anabaptist is a clear, informed, and compelling book. He explains the roots of both Anarchism and Anabaptism, then puts them into conversation with Libertarianism, and shows how they can converge into a robust political theology. I found Cody’s book to be a mature and compelling reflection on some controversial and challenging ideas—ones that resonate with the Christian claim that Christ is King. I highly recommend it.” 

Preston Sprinkle (Ph.D.)

Author of Exiles: The Church in the Shadow of Empire and host of the Theology in the Raw podcast

""In recent years, a host of scholars and theologians have rightly described, examined, and criticized the phenomenon of Christian nationalism. However, there is a growing need to venture beyond a mere critique of Christian nationalism toward a better alternative. Cody Cook’s The Anarchist Anabaptist offers our polarized world a radical political vision formed by the words and ways of Jesus of Nazareth. This work represents a brilliant, sincere, and passionate culmination of years of faithful work and writing of an author who invites readers to expand the horizons of their political imaginations beyond the confined categories of the kings and kingdoms of men.""

David A. Ritchie

Author of Why Do the Nations Rage? The Demonic Origin of Nationalism 

""The Anarchist Anabaptist does remarkable work identifying the resonances as well as the tensions that exist between Anabaptism and anarchism. While few people might naturally associate the two schools of thought, Cook demonstrates how anarchists and Anabaptists alike prioritize freedom of conscience and voluntarism. Although not universally held within either tradition, nonviolence and non-aggression represent key dimensions within anarchic and Anabaptist practice—which Cook recognizes as a source of both convergence and divergence. In this book, Cook offers an important contribution for the ongoing conversation about the role of the state, its relationship with the church, and ultimately the nature of human societies themselves.""

Jon Carlson

Mennonite Pastor

""When most people hear the word anarchy they think 'chaos, free for all.' But in this collection of essays Cody Cook offers a different perspective, closer to 'freedom from coercion.' In matters of Christian faith, and how we relate to the world around us, he draws from the best of the Anabaptist tradition to encourage a better way forward, one that indeed calls on us to be peaceable to others, and to learn that coercion rarely accords with the way of Jesus.""

Matthew E. Ferris

author of If One Uses It Lawfully: The Law of Moses and the Christian Life

### Have a show or podcast? Book Cody today! 

If you have a show or podcast, you can book Cody today! 

[ Book Today ](https://libertarianchristianinstitute.notion.site/The-Anarchist-Anabaptist-19267899c74080749f96ecd1a7869af0?pvs=73)

## Get the latest updates on books from LCI!

Join our mailing list and be the first to know when LCI publishes new books, articles, and episodes. 

Name(Required)

First

Email(Required)

Enter Email Confirm Email

Consent(Required)

I agree to join the LCI Mailing List",https://libertarianchristians.com/anarchist-anabaptist/
39645,2024-12-15T12:17:56,Beyond DOGE,Doug Stuart,"## Do you think D.O.G.E.  
will do good?

## We think we can do better!

### Full Site Coming Soon",https://libertarianchristians.com/beyond-doge/
39304,2024-11-13T13:30:33,Update Billing Card,Doug Stuart,[rcp_update_card],https://libertarianchristians.com/register/update-billing-card/
39303,2024-11-13T13:30:33,Edit Your Profile,Doug Stuart,[rcp_profile_editor],https://libertarianchristians.com/register/edit-your-profile/
39302,2024-11-13T13:30:33,Your Membership,Doug Stuart,[subscription_details],https://libertarianchristians.com/register/your-membership/
39301,2024-11-13T13:30:33,Welcome,Doug Stuart,Welcome! This is your success page where members are redirected after completing their registration.,https://libertarianchristians.com/register/welcome/
39300,2024-11-13T13:30:33,Register,Doug Stuart,[register_form],https://libertarianchristians.com/register/
39180,2024-11-06T18:51:37,Ways to Give to LCI,Doug Stuart,"### The Libertarian Christian Institute has been advancing the case for liberty by creating more and more resources to help believers make the Christian case for a free society!

If there were ever a critical time to begin supporting LCI financially, now is such a crucial year for us to gain traction toward spreading the message. 

 _**No matter your method, your money is put to good work!**_

####  Send a Check 

Send checks to:

Libertarian Christian Institute  
11016 Pem Road  
St. Louis, MO 63146

** _Please be sure to include your full contact information so that we can send you a donation receipt as soon as possible._**

####  Use a Donor-Advised Fund 

DAF Direct makes it easier to support your favorite charities by giving directly from your donor-advised fund.

[ Donate Today  ](https://www.dafdirect.org/DAFDirect/daflink?_dafdirect_settings=NDc0NDk4MzczXzIxMTFfZmVjMjQ3NTItYzM4NS00ZDNlLTlmMTYtMzYyYmI4YzliY2Jm&designatedText=d2hlcmUgaXQncyBuZWVkZWQgbW9zdA==&amountValue=)

####  Give Directly Online 

This is the fastest way to give!

  
Donate Today  

## Become a Libertarian Christian Insider

We want everyone to feel engaged and excited about what we are doing, which is why if you become a monthly supporter, we will keep you updated and informed regularly on our progress. Click to learn more. 

[ Become an insider ](/insider/)

## Your support enables us to equip others to flourish with the message of freedom!

### The Libertarian Christian Institute has helped me to be more bold in proclaiming to friends, family, and strangers that all people, everywhere, are freely given God's love, and in this we can move in our freedom and love each other completely.""

#### Laura

### LCI has helped me know I am not alone in my Christian convictions concerning the illegitimacy of the state. The resources they make available have been challenging and edifying. 

#### Gregory

## Non-financial ways to support LCI

We know not everyone can support us financially, but we know you can support our efforts in other important ways. 

So here are are four simple ways you can support us: 

  1. **Pray for us** – if you regularly pray for LCI, please send us a note and we'll share with you specific ways we know you can pray for us

  2. **Share our work on social media** – Wherever you follow us, please share our work with your friends.
  3. **Rate and Review our shows** – This is one of the key ways you can support what we do by getting the word out! It's not just a nice gesture to tell us you like us, it tells the podcasting world that more people are listening! 
  4. **Connect us to Christian influencers** – if you know a podcaster, a preacher, or publication willing to talk to LCI about our book, reply to this email with the details
  5. **Encourage us** – if you have a moment, [send us a brief note of encouragement](https://libertarianchristians.com/contact/), and be specific about what you're thankful for! We love hearing from you!",https://libertarianchristians.com/donate/ways-to-give-to-lci/
39165,2024-11-06T18:38:48,Donor Dashboard,Unknown,[give_donor_dashboard],https://libertarianchristians.com/donor-dashboard/
39164,2024-11-06T18:38:47,Donation Failed,Unknown,"We're sorry, your donation failed to process. Please try again or contact site support.",https://libertarianchristians.com/donation-failed/
39163,2024-11-06T18:38:47,Donation Confirmation,Unknown,[give_receipt],https://libertarianchristians.com/donation-confirmation/
39001,2024-10-23T14:47:36,Essay Submissions,Doug Stuart,"## ""How did you become a libertarian?"" Essay Submission Form

Full Name(Required)

Email(Required)

Brief Bio(Required)

Headshot(Required)

Please upload a 1:1 ratio (""square"") headshot. 

Max. file size: 1 MB.

Google Doc Link to your Article(Required)

Sharing Permissions must be set for ""Allow anyone with the link to View""

Consent to Editorial Policy(Required)

I have read and agree to the Editorial Policy stated above

Consent to Writing Guidelines(Required)

I have read and fully agree to the writing guidelines fo LCI.

You can [click here](https://docs.google.com/document/d/1YjJ6fq5MeYLC8Fc4zLxtE0PkAwoIP3KIS8xpUafe3ns/edit#heading=h.a7qh73nb9ulj) to find LCI's Guidelines

Affirmation of LCI's Mission, Vision, & Core Values(Required)

I have read and affirm LCI's [Mission, Vision, & Core Values](https://libertarianchristians.com/mission)

Comments

This field is for validation purposes and should be left unchanged.",https://libertarianchristians.com/essay-submissions/
38708,2024-09-13T09:17:02,Submit a Question,Doug Stuart,"## Help us make _Faith Seeking Freedom_ even better! 

### Exclusive Access to Development Phase

As an enthusiastic supporter of LCI and our mission, we want to offer you a special opportunity to submit questions for the next edition of Faith Seeking Freedom.

#### The Plan

Our primary priority is to add over 50% more content that we did not cover in the first edition. In addition to this, we will (thankfully!) have to admit we predicted that Roe v Wade would not be overturned, and revise the chapter on abortion. We will also do some cosmetic changes to the cover, add some contributors, and expand the ""Further Reading"" sections. 

If we achieve enough funding, we will also translate into Spanish and Portuguese! 

#### How You Fit In

Below, please submit as many questions as you'd like in the question field. You can suggest other improvements in the feedback field. 

What question(s) should we consider adding to the second edition?(Required)

What feedback do you want to provide about the first edition?(Required)

e.g. typos, unclear verbiage, outdated comments

Name

First Last

Email(Required)

Name

This field is for validation purposes and should be left unchanged.",https://libertarianchristians.com/bookfeedback/
37702,2024-06-04T16:05:02,CLR News & Updates,Doug Stuart,,https://libertarianchristians.com/clr/clr-news-updates/
37591,2024-06-04T14:47:08,Submission Guidelines,Doug Stuart,"CLR submissions are done with Scholastica!

[](https://clr.scholasticahq.com/for-authors)

The Scholastica platform integrates submission, peer-review process, and open-access article production, making it easier on all parties to get our scholarship right.

### General Submission Information

CLR charges no fees for article submission or processing at this time.

Submissions should be of academic quality and tone, and should generally conform to the standards laid out within the Chicago Manual of Style: Sixteenth Edition supplemented by The SBL Handbook of Style for Biblical Studies and Related Disciplines: Second Edition for ancient text citation and abbreviation. All submissions will be evaluated through blind peer-review and edited for publication. The initial review process generally takes a minimum of two months. Once final edits are completed, accepted articles are released as soon as possible online in the open-access platform. Volumes for CLR now follow calendar years, and print editions will be made available from time to time consisting of at least one Volume.

### Submission Requirements

  1. Only digital, typed, English-language submissions will be accepted.
  2. Authors may choose consistent American, British, or Canadian English spelling. However, American punctuation must be used.
  3. Articles must be submitted with the [Scholastica platform](https://clr.scholasticahq.com/for-authors). Contributors must create a Scholastica account with a valid email address that they check regularly, as it will be the primary means by which peer-reviews will be communicated to the Contributor.
  4. Should the submission be accepted for publication, all contributors understand and agree to their work becoming licensed under Creative Commons 4.0 by virtue of their submission to the General Editor and its being published in CLR. Authors will be required to sign a short, straight-forward publication agreement to this effect before publication.
  5. Articles must fall between 5,000 - 10,000 words, and book reviews must fall between 1,000 - 2,500 words. Both of these figures exclude footnotes.

### Formatting Requirements

The easiest way to format your submission is to imitate published articles as closely as possible (see [Archives](http://christianlibertarianreview.com/archives/)) - except for an anonymous cover page for the review process. Grossly under-formatted submissions will be returned to the author before submission to peer-review. Otherwise, the full list of properties are listed below:

  1. Cover page with title, 100 - 250 word abstract, and 3 - 5 keywords/search terms. 
     1. No author should be mentioned (references to the author trivialize blind review and may decrease your chance of acceptance.)
     2. The cover page and abstract are not necessary for book reviews.
     3. Title should be 11.5-point Palatino Linotype font, bold, centered, and all-caps.
  2. Please include a separate document in your submission labeled ""Author-Affiliations"" that includes the full name of each author as you would like it to appear in the final article along with a one-sentence statement of affiliation, such as: ""John A. Doe (Ph.D. Philosophy, University of Texas) is Professor of Philosophy at the University of Chicago and Director of the Center for XYZ Studies."" Again, this should be a separate document from the primary manuscript, and is requested so that we can honor your preferences for recognition. Please indicate in this document if you would like your email address to be included in the final publication for contact (and include the proper email address as well).
  3. 6×9 page size
  4. .75” page margins on sides; 1″ page margins on top and bottom
  5. Regular 1.15 spacing (not double-spaced) for both main text and footnotes
  6. .25” paragraph indentation
  7. No paragraph spacing
  8. Justified alignment for all text
  9. 10-point Palatino Linotype for the main text
  10. 8-point Palatino Linotype for footnotes (but not footnote numbers; use default superscript); no footnote indentations
  11. Quotes longer than two sentences must take the form of block quotes (an indented paragraph by itself, .25″ from edges).
  12. Block quotes lack opening and closing quotation marks, are indented by .25” on both sides, exhibit 9 pt font size, and have one space above and below.
  13. As noted above, American punctuation is required. This includes first-level quotations, which are double (e.g., “words”) instead of European single (e.g., ‘words’). Second-level quotes (quotes within a quote) are single.
  14. Headings must be bold, centered, all-caps, and numbered in Roman numerals (e.g., I, II, III, IV.); headings should also be 10-point Palatino Linotype font.
  15. Subheadings should be centered, italic text with a space above and below.
  16. Words to be printed in italics (e.g., titles of books and periodicals, foreign words) should be italicized.
  17. Words and letters to be printed in caps should appear in caps.
  18. Respect for accuracy in verbatim quotations demands that the spelling, capitalization, punctuation, and abbreviations of the original be reproduced exactly, even if they differ from the style of this journal. Should a quotation contain an error, this may be indicated by [sic] or [?], at the author’s discretion.
  19. As with all matters of grammar, the author should take care to use ellipses correctly (i.e., using three or four dots depending on if the first quote ends with a period).
  20. Citations and abbreviations of ancient texts, as well as commonly used journals, periodicals, reference works, and serials should conform to The SBL Handbook of Style (note that the full title of all secondary sources should appear in footnotes). Thus, when quoting biblical and ancient texts… 
     1. Titles should be abbreviated without periods when in parenthesis (e.g., Lk 1:1). Otherwise full titles and chapters should be given (e.g., “Chapter 4 in the Gospel of Luke records that…”).
     2. All digits should be linked by means of an en-dash (e.g., Phil 3:1–3; 1 Tim 2:8–3:13; Chr 9–11; Wright, Jesus and the Victory of God, 244–47).
     3. Additional verse references to the same writing are separated by commas while references to other writings are separated by semi-colons (e.g., “1 Tim 2:2-4, 5, 9; Hebrews 3:1, 4, 9, 10-11; Jn 3:2”).
     4. The abbreviation v. and vv. can be used in parentheses to denote “verse” and “verses.” (e.g., vv. 8-9).
     5. All citations of major translations not produced by the author must be cited by abbreviation after the quotation. (e.g., NIV, NRSV, ESV, etc.), not in a footnote. Unusual translation publications can be cited in full like any other source. Translations not cited are assumed to be the author’s own.
  21. Translations of biblical texts from the NRSV, CEB, or NIV (2011) are preferred. Where necessary, authors are free to use other translations, including their own, for their preferred renderings. Texts of the Greek New Testament from either the United Bible Society (5th ed) or Nestle-Aland (28th ed) are preferred. Texts of the Hebrew Bible from the Biblia Hebraica Stuttgartensia are preferred.
  22. For non-English text, authors should only use transliteration if they do not know the foreign language themselves and cannot translate it into English for readers. Otherwise, the original languages must be used (in unicode font) along with an English translation (e.g., “Οὕτως γὰρ ἠγάπησεν ὁ θεὸς τὸν κόσμον” (“For God so loved the world”) is preferred over “houtōs gar ēgapēsen ho theos ton kosmon”).
  23. Because of blind review, the submission should not include any first-person reference to the author, whether in the body of the article or in its footnotes (for example, statements such as “See my article…,” or “As I have argued in…”). Should the submission be accepted for publication, such references, if preferred by the author, may be included in the final draft at the discretion of the General Editor.
  24. Gender-neutral pronouns (e.g., “they,” “one,” “person,” “humankind,” etc.) are preferred for general references to groups instead of androcentric terms (e.g., “men,” “man,” “mankind,” “he,” etc.).
  25. When applicable, except when linking digits, em-dashes (—) without spaces should be used in all text. (“Notice that when she 'says taxation is theft,' she is—contrary to contemporary, popular belief—not suggesting that…”).
  26. No endnotes, reference lists, or bibliography are necessary.
  27. Special Specifications for Book Reviews: 
     1. It is the responsibility of the contributor, not the journal staff, to secure a complimentary review copy (should they desire one). Publishers will often provide complementary review copies to reviewers if they have been assured by the Editor of a journal that the review will probably be published in the journal. For that reason, reviewers may want to contact the [Assistant Editor](mailto:bookreviews@libertarianchristians.com) of CLR about writing a book review before asking publishers for a complimentary copy.
     2. Preference will be given to more recently published books. Otherwise, there is no limit to the age of the publication.
     3. Please include a small image file of the book cover in your book review submission (you can usually obtain this from the publisher's website or from Amazon).
     4. No more than 2/3 of a review may contain chapter summaries; at least 1/3 of the review must contain critical analysis and an assessment of the book’s contribution(s) and what readers can expect to find.",https://libertarianchristians.com/clr/submission-guidelines/
37553,2024-06-04T14:36:18,Christian Libertarian Review Editorial Staff,Doug Stuart,"### General Editor

### Dr. Norman Horn

Norman Horn (PhD Chemical Engineering, University of Texas) is the founder and President of the Libertarian Christian Institute. His professional work as a engineer has taken him to MIT, leadership in startups, and research positions in multiple scientific disciplines. In addition, he holds an MA in Theological Studies from Lipscomb University and has published broadly in areas of political theory, theology, and science.

## Associate Editors

### Adam Barger

Adam Barger (PhD Education, William & Mary) the Director of the Studio for Teaching & Learning Innovation at William & Mary. Adam’s teaching and research focus on digital fluency, web-based pedagogies, and learning in community. He is the editor of Drive-thru Pedagogy, and a founding board member of Cambridge House Christian Study Center in Williamsburg, Virginia.

### Doug Bandow

Doug Bandow (JD, Stanford University) is a Senior Fellow at the Cato Institute and served as a Special Assistant to President Ronald Reagan. He is the author of Beyond Good Intentions: A Biblical View of Politics (Crossway) and The Politics of Envy: Statism as Theology (Transaction), as well as several other books. He has written for Christianity Today, World, Wall Street Journal, Washington Post, New York Times, and other leading publications.

### Gerard Casey

Gerard Casey (PhD Philosophy, University of Notre Dame; DLitt, National University of Ireland; JD, University of London) is Professor Emeritus of Philosophy at University College Dublin. In addition to being an Associated Scholar of the Ludwig von Mises Institute, he has taught at The Catholic University of America and Pontifical Institute in Washington D.C., and is the author of many books including Libertarian Anarchy and Liberty’s Progress.

### Victor Claar

Victor Claar (PhD Economics, West Virginia University) is Associate Professor of Economics at Florida Gulf Coast University, where he holds the BB&T; Distinguished Professorship in Free Enterprise. In addition to being an Affiliate Scholar of the Acton Institute and Fulbright Scholar at the American University of Armenia, he has taught economics at Henderson State University and is the author of Economics in Christian Perspective and Fair Trade?.

### Nick Gausling

Nick Gausling is a businessman who has previously served the Libertarian Christian Institute as Executive Director and as an Assistant Editor of CLR. He presently serves as a member of the Advisory Board of LCI.

### Kevin Gutzman

Kevin Gutzman (PhD History, University of Virginia; JD, University of Texas) is Professor of History at Western Connecticut State University. In addition to being a faculty member of LibertyClassroom.com, he is the author of five books, including Thomas Jefferson – Revolutionary, James Madison and the Making of America, and The Politically Incorrect Guide to the Constitution.

### Jeffrey Herbener

Jeffrey Herbener (PhD Economics, Oklahoma State University) is Professor and Chair of Economics at Grove City College. In addition to being a Senior Fellow at the Ludwig von Mises Institute and Fellow at the Center for Vision and Values (Grove City College), he is the editor of The Meaning of Ludwig von Mises and The Pure Time Preference Theory of Interest.

### Jason Jewell

Jason Jewell (PhD Humanities, Florida State University) is Professor and Chair of Humanities at Faulkner University. In addition to being the Associate Editor of The Journal of Faith and the Academy and Associated Scholar at the Ludwig Von Mises Institute, he is a contributor to Christian Faith and Social Justice: Five Views and many other book and encyclopedia publications.

### Deirdre McCloskey

Deirdre McCloskey (PhD Economics, Harvard University) is the Emerita Distinguished Professor of Economics and of History, and Professor of English and of Communication at the University of Illinois (Chicago) and a visiting Professor at a number of other prominent institutions. In addition to being the author of the acclaimed three-volume “The Bourgeois Era” triology, Dr. McCloskey has authored over a dozen books, over three hundred articles on economic theory, economic history, philosophy, rhetoric, feminism, ethics, and law, and recently served as a Distinguished Affiliated Fellow of the F.A. Hayek Program for Advanced Study in Philosophy, Politics, and Economics (Mercatus Institute) and Inaugural Michael Polanyi Visiting Scholar of Ideas and Innovation (Charles Koch Institute).

### Robert P. Murphy

Robert P. Murphy (PhD Economics, New York University) is Research Assistant Professor at Texas Tech University. He has taught at Hillsdale College, and is an Associated Scholar at the Ludwig von Mises Institute, Research Fellow at the Independent Institute, Senior Fellow at the Fraser Institute, Senior Economist at Institute for Energy Research, and is the President of Consulting by RPM.

### David Riggs

David Riggs (PhD Economics, Clemson University) is Vice President of philanthropic strategy at Philanthropy Roundtable. In addition to having served as Senior Fellow at the Capital Research Center, Competitive Enterprise Institute, and Center of the American Experiment, he is a board member at the Martin Center and has served as Vice President of the John William Pope Foundation.

### Shawn Ritenour

Shawn Ritenour (PhD Economics, Auburn University) is Professor of Economics at Grove City College. In addition to having taught at Southwest Baptist University (Ruby Letsch-Roderique Chair of Economics), the University of Angers in France, and serving as an economist for the U.S. Bureau of Labor Statistics, he is the author of Foundations of Economics: A Christian View.

### Alexander Salter

Alexander Salter (PhD Economics, George Mason University) is a Comparative Economics Research Fellow at the Free Market Institute and an Assistant Professor of Economics in the Jerry S. Rawls College of Business Administration at Texas Tech University. He also serves as an adjunct program officer with the Institute for Humane Studies at George Mason University, a project fellow with the Atlas Sound Money Project, and an associate editor of the Journal of Private Enterprise.

### Charles Taliaferro

Charles Taliaferro (PhD Philosophy, Brown University) is Professor and Chair of Philosophy at Saint Olaf College. He has taught as a visiting scholar at Oxford, Cambridge, Princeton, Yale, Columbia, University of Chicago, St. Andrews, and elsewhere, as well as being a graduate of Harvard (MA). In addition to being the co-editor of The Routledge Companion to Theism, The Ashgate Companion to Theological Anthropology, The Blackwell Companion to the Philosophy of Religion, and the senior co-editor of the six-volume The History of Evil, he is the Editor-in-Chief of Open Theology and author of many other books on theology and philosophy.

### Timothy Terrell

Timothy Terrell (PhD Economics, Auburn University) is T.B. Stackhouse Professor of Economics and Business at Wofford College. He is Assistant Editor of the Quarterly Journal of Austrian Economics, and serves on the editorial board of Political Economy of the Carolinas. Dr. Terrell is also Associated Scholar at the Ludwig von Mises Institute and is a Senior Fellow of the Cornwall Alliance for the Stewardship of Creation.

### David V. Urban

David V. Urban (PhD English, University of Illinois at Chicago) is Professor of English at Calvin College. He is a scholar on John Milton and C. S. Lewis, the author of The Parabolic Milton: The Self and the Bible in John Milton’s Writings and is the recipient of a number academic awards and fellowships. In addition to also being an MDiv graduate of Trinity Evangelical Divinity School, Dr. Urban is a member of the Milton Society of America, Conference on Christianity and Literature, and Intercollegiate Studies Institute.

### Alex Voss

Alex Voss (CFA, CMA, FRM, ACCA, University of Notre Dame, University of Chicago) has an extensive background in finance and economics, and is finalizing a Master of Austrian Economics at the Mises Institute. Mr. Voss has written and spoken extensively on Bitcoin, Austrian Economics and Private Governance around the US and globally. His writings are regularly published in Escape Artist Insiders magazine, Mises.org and the Free Cities Foundation.

### Christopher Zoccali

Christopher Zoccali (PhD, University of Wales, Trinity Saint David) is Director of the Doctor of Ministry Program and Assistant Professor of New Testament at Northeastern Seminary in Rochester, NY., and also serves on the Executive Board of the Canadian-American Theological Association. He is the author of two books, including Reading Philippians After Supersessionism: Jews, Gentiles, and Covenant Identity (2017), as well as a number of other publications on the New Testament.",https://libertarianchristians.com/clr/staff/
37520,2024-06-04T14:05:46,Christian Libertarian Review,Doug Stuart,"The _Christian Libertarian Review_(_CLR_) is an open access academic publication (licensed by [Creative Commons](https://creativecommons.org/licenses/by-sa/4.0/) BY-SA 4.0) founded in 2017 by the 501(c)(3) Libertarian Christian Institute (LCI). Users have the right to read, download, copy, distribute, print, search, or link to the full text of articles in the  _CLR_ , and to use them in any other lawful way.__ The purpose of the  _CLR_ is to foster intellectual dialogue, exploration, and research surrounding the relationship between Christianity and libertarian thought. As a multidisciplinary and interdisciplinary journal, contributions may span into fields of philosophy, political philosophy, theology, ethics, law, economics, anthropology, history, social studies and similar disciplines in the humanities and social sciences.  
_CLR_ is blind-reviewed by a team of scholars with terminal degrees in their respective fields. Each annual volume contains full-length articles and critical book reviews and review articles. Some accepted articles/reviews may be published online prior to the release date of the volume in which they appear. Contributors come from a wide variety of backgrounds and typically have graduate education and/or professional experience in the business world. The journal publishes contributions primarily by those who identify as “Christian” and “libertarian,” and occasionally by agnostic/atheists/irreligious persons with research contributions relevant to the journal. The intended reader audience is generally upper-class undergraduate or graduate level.

* * *

## Current Edition Volume 5

[_Call For Papers_](https://christianlibertarianreview.com/call-for-papers-2024-volume/)

### Articles

[""Fool's Gold? A Libertarian Analysis of VanDrunen's Account of State Legitimacy""](https://libertarianchristians.com/wp-content/uploads/2024/05/CLR-5-Drummond.pdf) (pp. 54-82)  
Taylor Drummond, Grace Community Church (Allentown, PA)

### Book Reviews

[Rainer Zitelmann, _How Nations Escape Poverty_](https://libertarianchristians.com/wp-content/uploads/2024/06/CLR-5-Review-by-Miller.pdf)  
Shawn Miller",https://libertarianchristians.com/clr/
37518,2024-06-04T14:04:21,Volume 5 (2024),Doug Stuart,"[_Call For Papers_](https://christianlibertarianreview.com/call-for-papers-2024-volume/)

### Articles

[""Fool's Gold? A Libertarian Analysis of VanDrunen's Account of State Legitimacy""](https://libertarianchristians.com/wp-content/uploads/2024/05/CLR-5-Drummond.pdf) (pp. 54-82)  
Taylor Drummond, Grace Community Church (Allentown, PA)

### Book Reviews

[Rainer Zitelmann, _How Nations Escape Poverty_](https://libertarianchristians.com/wp-content/uploads/2024/06/CLR-5-Review-by-Miller.pdf)  
Shawn Miller",https://libertarianchristians.com/clr/volume-5/
37515,2024-06-04T14:04:10,Volume 4 (2023),Doug Stuart,"[_Call For Papers_](https://libertarianchristians.com/wp-content/uploads/2023/03/CLR-Call-for-Papers-2023-1.pdf)

### Articles

[""Christian Ducats and Jewish Scales: Religious Currency in  _The Merchant of Venice_ ""](https://libertarianchristians.com/wp-content/uploads/2023/11/CLR-4-Fullman.pdf) (pp. 1-35)  
Joshua S. Fullman, California Baptist University

[""Edmund Opitz and the Chastening of Secular Libertarianism""](https://libertarianchristians.com/wp-content/uploads/2023/11/CLR-4-McCracken.pdf) (pp. 36-53)  
Vic McCracken, Abilene Christian University

### Book Reviews

Nick Watts, [ _Taxation is Slavery: The Biblical Case for Libertarian Politics_](https://libertarianchristians.com/wp-content/uploads/2023/10/CLR-4-Review-by-Drummond.pdf) (pp. R1-6)  
Taylor Drummond",https://libertarianchristians.com/clr/volume-4/
37513,2024-06-04T14:03:52,Volume 3,Doug Stuart,"[Complete](https://libertarianchristians.com/wp-content/uploads/2020/07/CLR-3.pdf)

### Articles

""[Cultural Libertarianism and the Judeo-Christian Tradition in Murray Rothbard, Bob Dylan, and Woody Allen](https://libertarianchristians.com/wp-content/uploads/2020/07/CLR-3-Fields.pdf)""

Kollin Fields

""[Departurism: Gentleness and Practical Consistency in Trespasses Inside and Outside the Womb](https://libertarianchristians.com/wp-content/uploads/2020/07/CLR-3-Parr.pdf)""

Sean Parr

""[Biblical Christianity and Legislating Economic Justice](https://libertarianchristians.com/wp-content/uploads/2020/07/CLR-3-Schansberg.pdf)""

Eric Schansberg

""[One-and-a-Half Cheers, But Not Three: A Concise and Critical Review of  _Just Capitalism_](https://libertarianchristians.com/wp-content/uploads/2020/07/CLR-3-Hubner.pdf)""

Jamin Andreas Hübner

### [Book Reviews](https://libertarianchristians.com/wp-content/uploads/2019/06/CLR-2-book-reviews-3.pdf)

Brandon O'Brien, [ _Demanding Liberty_](https://libertarianchristians.com/wp-content/uploads/2020/07/CLR-3-review-by-ehrett-1.pdf)

John Ehrett

Mary Hirschfeld, [ _Aquinas and the Market_](https://libertarianchristians.com/wp-content/uploads/2020/07/CLR-3-review-by-salter-.pdf)

Alexander William Salter

Sanjit Dhami, [ _The Foundations of Behavioral Economic Analysis_](https://libertarianchristians.com/wp-content/uploads/2020/07/CLR-3-Review-by-Hubner.pdf)

Jamin Andreas Hübner

Samuel Bowles, [ _The Moral Economy_](https://libertarianchristians.com/wp-content/uploads/2020/07/CLR-3-review-by-ehrett-2.pdf)

John Ehrett

Mark Skousen, [ _Economic Logic_](https://libertarianchristians.com/wp-content/uploads/2020/07/CLR-3-Review-by-Hubner-2.pdf)

Jamin Andreas Hübner",https://libertarianchristians.com/clr/volume-3/
37510,2024-06-04T14:03:29,Volume 2,Doug Stuart,"[Complete](https://libertarianchristians.com/wp-content/uploads/2019/10/CLR-2-final-complete.pdf)

### Articles

""[Understanding the Anti-Suffragists as Christians: Understanding the Men and Women Opposed to Women's Suffrage from a Religious Point of View](https://libertarianchristians.com/wp-content/uploads/2019/01/CLR-2-Tharp4.pdf)"" ([abstract](https://libertarianchristians.com/2019/01/30/abstract-understanding-the-anti-suffragists-as-christians-tharp/))

Angela Tharp

""[The Constitution of Economic Expertise: Social Science in the Public Square, Past, and Present](https://libertarianchristians.com/wp-content/uploads/2019/03/CLR-2-Salter.pdf)"" ([abstract](https://libertarianchristians.com/2019/03/08/abstract-the-constitution-of-economic-expertise-salter/))

Alexander Salter

[""Origen's Interpretation of Violence in the Book of Joshua""](https://libertarianchristians.com/wp-content/uploads/2019/05/CLR-2-Chenoweth.pdf) ([abstract](https://libertarianchristians.com/2019/05/12/abstract-origens-interpretation-of-violence-in-the-book-of-joshua-chenoweth/))

Mark Chenoweth

### [Book Reviews](https://libertarianchristians.com/wp-content/uploads/2019/06/CLR-2-book-reviews-3.pdf)

[Laura Weinrib,_The Taming of Free Speech: America’s Civil Liberties Compromise_](https://libertarianchristians.com/wp-content/uploads/2019/03/CLR-2-review-of-weinrib.pdf)

John Ehrett

[Fred Van Geest,  _Introduction to Political Science: A Christian Perspective_](https://libertarianchristians.com/wp-content/uploads/2019/03/CLR-2-review-of-vangeest.pdf)

Jacqueline Isaacs

[Sathianathan Clarke,  _Competing Fundamentalisms: Violent Extremism in Christianity, Islam, and Hinduism_](https://libertarianchristians.com/wp-content/uploads/2019/03/CLR-2-review-of-clarke.pdf)

Jamin Andreas Hübner

[James Halteman and Edd Noell,  _Reckoning with Markets: Moral Reflection in Economics_](https://libertarianchristians.com/wp-content/uploads/2019/03/CLR-2-review-of-halteman.pdf)

Alexander William Salter

[Moshe Halbertal and Stephen Holmes,  _The Beginning of Politics: Power and the Biblical Book of Samuel_](https://libertarianchristians.com/wp-content/uploads/2019/05/CLR-2-review-of-halbertal.pdf)

Jamin Andreas Hübner

[Alan Kreider,  _The Patient Ferment of the Early Church: The Improbable Rise of Christianity in the Roman Empire_](https://libertarianchristians.com/wp-content/uploads/2019/05/CLR-2-review-of-kreider.pdf)

Ruth Ryder

[Thomas Blanton IV and Raymond Pickett, _Paul and Economics: A Handbook_](https://libertarianchristians.com/wp-content/uploads/2019/05/CLR-2-review-of-blanton.pdf)

Nicholas Rudolph Quient

[Dylan Pahman, _Foundations of a Free and Virtuous Society_](https://libertarianchristians.com/wp-content/uploads/2019/05/CLR-2-review-of-pahman.pdf)

Jonathan Lawler

[Mark Spitznagel,  _The Dao of Capital: Austrian Investing in a Distorted World_](https://libertarianchristians.com/wp-content/uploads/2019/05/CLR-2-review-of-spitznagel.pdf)

Nicholas Gausling

Bradley Birzer, [_Russell Kirk_](https://libertarianchristians.com/wp-content/uploads/2019/06/CLR-2-review-of-birzer-kirk-3.pdf)

David V. Urban",https://libertarianchristians.com/clr/volume-2/
37507,2024-06-04T14:02:54,Volume 1,Doug Stuart,"[Complete](https://libertarianchristians.com/wp-content/uploads/2018/01/CLR-1-complete.pdf)

### Articles

“[Christian Libertarianism: An Introduction and Signposts for the Road Ahead](https://libertarianchristians.com/wp-content/uploads/2018/01/CLR-1-hubner.pdf)” ([abstract](https://libertarianchristians.com/2018/01/03/christian-libertarianism/))  
Jamin Hübner

“[Contextualizing C. S. Lewis’ Christian Libertarianism: Engaging Dyer and Watson and Beyond](https://libertarianchristians.com/wp-content/uploads/2018/01/CLR-1-urban.pdf)” ([abstract](https://libertarianchristians.com/2018/01/03/contextualizing-c-s-lewis-christian-libertarianism/))  
David V. Urban

“[Dead Ends and Living Currents: Distributism as a Progressive Research Program](https://libertarianchristians.com/wp-content/uploads/2018/01/CLR-1-callahan-and-salter.pdf)” ([abstract](https://libertarianchristians.com/2018/01/03/abstract-dead-ends-and-living-currents-distributism-as-a-progressive-research-program/))  
Eugene Callahan and Alexander William Salter

“[An Extended Review of Boyd’s _Crucifixion of the Warrior God_](http://libertarianchristians.com/wp-content/uploads/2019/03/CLR-1-gausling.pdf)” ([abstract](https://libertarianchristians.com/2018/01/03/abstract-an-extended-review-of-boyds-crucifixion-of-the-warrior-god/))  
Nick Gausling

### Book Reviews

[Helen Rhee, _Loving the Poor, Saving the Rich_](https://libertarianchristians.com/wp-content/uploads/2018/01/CLR-1-ryderreview.pdf)  
Ruth Ryder

[Deirdre McCloskey, _Bourgeois Dignity  
_](https://libertarianchristians.com/wp-content/uploads/2018/01/CLR-1-jewellreview.pdf)Jason Jewell

[Oleg Khlevniuk, _Stalin_](https://libertarianchristians.com/wp-content/uploads/2018/01/CLR-1-hubnerreview1.pdf)  
Jamin Hübner

[William Goetzmann, _Money Changes Everything_](https://libertarianchristians.com/wp-content/uploads/2018/01/CLR-1-kuiperreview.pdf)  
Christopher Kuiper

[William Cavanaugh, _Being Consumed_](https://libertarianchristians.com/wp-content/uploads/2018/01/CLR-1-saundersreview.pdf)  
Bret Saunders

[Mary Ruwart, _Healing Our World_](https://libertarianchristians.com/wp-content/uploads/2018/01/CLR-1-hubnerreview2.pdf)  
Jamin Hübner

[Roland Boer and Christina Petterson, _Time of Troubles_](https://libertarianchristians.com/wp-content/uploads/2018/01/CLR-1-quientreview.pdf)  
Nicholas Quient",https://libertarianchristians.com/clr/volume-1/
36977,2024-04-18T12:29:22,Book Club Survey,Doug Stuart,"## LCI Book Club Feedback

Name(Required)

First Last

Email(Required)

What book club(s) did you attend?(Required)

__This field is hidden when viewing the form

Which Book Club did you participate in

Nov 2023 - The Prophetic Imagination

Jan 2024 - Jesus is Lord, Caesar is Not

March/April 2024 - An Ethic for Christians & Aliens in a Strange Land

June 2024 - The Maker vs. The Takers

Select all that apply

How valuable were each of the following aspects of the book club?(Required)

| Not valuable| Somewhat valuable| Valuable| Highly valuable  
---|---|---|---|---  
Accountability to read weekly| | | |   
Community element for weekly calls| | | |   
The discipline of reading a new book| | | |   
The content of the book itself| | | |   
The insights gained from hearing other club participants| | | |   
That my participation fee was a donation to LCI| | | |   
Two facilitators (to keep scheduling consistent)| | | |   
Freeform nature of the discussion| | | |   
  
Please answer the following accordingly:(Required)

| Strongly disagree| Disagree| Neutral| Agree| Strongly agree  
---|---|---|---|---|---  
The book content was appropriate for a libertarian Christian reading group| | | | |   
The length of the book was appropriate.| | | | |   
The pace at which we read was approprirate| | | | |   
I learned more about my Christian faith| | | | |   
I understand libertarian ideas better, or on a deeper level| | | | |   
The schedule for weekly meetings was appropriate| | | | |   
I used the recordings to listen/watch later| | | | |   
  
Please answer the following accordingly:(Required)

| Strongly disagree| Disagree| Neutral| Agree| Strongly agree  
---|---|---|---|---|---  
The donation amount to join the club was appropriate| | | | |   
I would be willing to read a longer book if the we extended the time of the club| | | | |   
I would be willing to read a longer book if we read more each week, but kept it to the same number of weeks| | | | |   
I would be willing to accept homework beyond merely reading the book each week| | | | |   
I would rather the facilitators come with more directed questions to guide the discussion.| | | | |   
  
My favorite part of the book club was...(Required)

How likely are you to join another book club in the next 3 months?(Required)

Not likely at all

Somewhat likely

Very likely

The following books are under consideration for future book clubs. Please indicate your enthusiasm for each book, regardless of whether you plan to join the club or not. If you're not familiar with the book, go with your instinct based on(Required)

| No way!| Probably not| Possibly| Looks good| Woohoo! Yes, please!  
---|---|---|---|---|---  
The King Jesus Gospel, by Scot McKnight| | | | |   
Anarchy and Christianity, by Jacque Ellul| | | | |   
I Came to Cast Fire, by Elias Carr| | | | |   
Exiles, by Preston Sprinkle| | | | |   
Political Gospel, by Patrick Schreiner| | | | |   
Myth of a Christian Nation, by Gregory Boyd| | | | |   
How God Became King, by NT Wright| | | | |   
The Anarchist Anabaptist, by Cody Cook| | | | |   
  
Do you have any suggestions for books that could be included in future clubs?

If you could make one suggestion for improvement, it would be...

Would you be willing to write a short testimonial about the LCI Book Club so we could use it to promote future book clubs?(Required)

Yes

No

Do we have permission to use your name in the testimonial?

Full Name and State (e.g. ""John Smith from Oregon"")

First Name and State (e.g. ""John from Oregon"")

First Name and Last Initial (e.g. ""John S."")

No, please make it anonymous (e.g. ""Anonymous, from Oregon"")

What State do you live in?

Please write your testimonial below.

Please be as specific as possible, incorporating the reasons why you found it valuable to you as an individual.",https://libertarianchristians.com/book-club-survey/
36711,2024-03-21T11:20:05,2024 Content Survey,Doug Stuart,"## LCI Content & Distribution Survey

Name(Required)

First Last

Email(Required)

What is your gender?(Required)

Female

Male

Prefer not to answer

What is your age range?(Required)

Under 18

18-22

23-29

30-39

40-49

50-59

60+

What denomination do you most align with?(Required)

Please choose the best answer, even if you don't quite align perfectly with your choice. 

Anabaptist

Anglican/Episcopalian

Eastern (or Other) Orthodox

Evangelical Free (EFCA)

Lutheran

Methodist

Pentecostal

Presbyterian/Reformed

Reformed Baptist

Non-Reformed Baptist

Roman Catholic

Restorationist

Seventh Day Adventist

Non-Denominational

Not listed here

Are you currently employed in a full- or part-time PAID ministry position?(Required)

Yes

No

If you were describing LCI to a Christian who was familiar with libertarianism, what would you say?(Required)

If you were describing LCI to a Christian who was NOT familiar with libertarianism, what would you say?(Required)

How frequently do you engage with the following content?(Required)

| Daily| Weekly| Occasionally| Rarely| Never  
---|---|---|---|---|---  
Blog posts & Articles| | | | |   
Christians for Liberty Network (podcasts)| | | | |   
LCI Posts on Twitter/X| | | | |   
LCI Posts on Facebook| | | | |   
LCI Posts on Instagram| | | | |   
LCI YouTube channels| | | | |   
Books we sell| | | | |   
Our Free eBooks| | | | |   
Christian Libertarian Review (Academic Journal)| | | | |   
  
What are your favorite type of blog posts?

What are the reason(s) you do not listen to or watch our podcasts?

What show(s) do you listen to or watch?

| Religiously| Occasionally| Depends on the Episode| Didn't know this existed  
---|---|---|---|---  
Libertarian Christian Podcast| | | |   
Protestant Libertarian Podcast| | | |   
Biblical Anarchy Podcast| | | |   
Faith Seeking Freedom Podcast| | | |   
LCI Greenroom| | | |   
Reformed Libertarians Podcast| | | |   
Faith Ventures Podcast| | | |   
The Godarchy Podcast| | | |   
Good News, Bad News| | | |   
  
How often do you share LCI's materials with a friend or family member?

(Do not include sharing or re-posting on social media.)

So much I annoy my friends!

Often, but not so much it's annoying.

Sometimes

Rarely

Never

Great to hear! What do you share the most?

What reason(s) explain why you don't share?

What subjects do you want LCI to cover MORE?

What subjects would you want LCI to cover LESS?

Have you ever donated financially to LCI?(Required)

Yes

Yes, and I'm an LCI Insider

No

I don't remember

Thank you for your support! Would you mind telling us what was your main reason for donating?

If you have not, that's okay! What would have to happen for you to decide to give to LCI in the future?

Some of the things we dream of doing are listed below. We'd like to gauge which ones are most likely to appeal to you.(Required)

| No, please don't| Maybe, but this isn't for me| Maybe| This could work| Yes, please!  
---|---|---|---|---|---  
Spanish-language translations| | | | |   
Add video to our podcasts| | | | |   
More frequent podcast output| | | | |   
Attend more liberty events| | | | |   
Online courses| | | | |   
Monthly Book Clubs| | | | |   
Book against Christian Nationalism| | | | |   
Faith Seeking Freedom, 2nd Edition| | | | |   
Local Meetups with LCI staff as guest speakers| | | | |   
  
Was there anything not listed above that you think we should consider?

What are your thoughts about a membership to LCI?

Most major digital platforms are no longer a great place to build community, and LCI is considering ways to create community using our website. We currently offer perks to supporters who give $10+/month, and we want to offer more. What kind of exclusive donor-only membership community would we have to build for you to be interested in joining? (Please tell us everything that comes to mind!)

What factors would make it likely that you would attend a Libertarian Christian conference?

Would you be willing to volunteer for LCI if it suited your skillset?(Required)

Yes

No

What skill(s) do you have that might be useful to LCI?

Would you be willing to write below a testimonial that LCI can use publicly to promote our work?(Required)

Yes, please!

No thank you

What would you like to say about LCI that we can share publicly?

Would you be willing to create a 60-second testimony on video for LCI to share on our social media?(Required)

If you send us a video testimonial, we will send you paperback copies of Faith Seeking Freedom and Strangers with Candy. 

Yes, please!

No thank you

### Yay! thank you!

We will be in touch in the near future to explain what we're looking for, and to get your info to send you the books! 

Email

This field is for validation purposes and should be left unchanged.",https://libertarianchristians.com/2024-content-survey/
34943,2023-12-02T14:12:16,Why LCI,Doug Stuart,"# Why People Support   
the Libertarian Christian Institute

[ ](https://www.canva.com/design/DAF1m9DV-bE/JrBOs4xi_l55Lyd6eTjpjA/view?utm_content=DAF1m9DV-bE&utm_campaign=designshare&utm_medium=link&utm_source=viewer)

##  [ Report: How LCI is Making a Difference ](https://www.canva.com/design/DAF1m9DV-bE/JrBOs4xi_l55Lyd6eTjpjA/view?utm_content=DAF1m9DV-bE&utm_campaign=designshare&utm_medium=link&utm_source=viewer)

[Download our brief report](https://www.canva.com/design/DAF1m9DV-bE/JrBOs4xi_l55Lyd6eTjpjA/view?utm_content=DAF1m9DV-bE&utm_campaign=designshare&utm_medium=link&utm_source=viewer) on how much LCI is making an impact for the cause of liberty! 

## What People Are Saying About LCI

[](https://libertarianchristians.com/wp-content/smush-webp/2023/12/helping-with-walk-in-christ.jpg.webp)

[](https://libertarianchristians.com/wp-content/smush-webp/2023/12/maneuvering-everyday-life.jpg.webp)

[](https://libertarianchristians.com/wp-content/smush-webp/2023/12/much-clearer-view-of-how-Christianity-and-libertarianism-work.jpg.webp)

[](https://libertarianchristians.com/wp-content/smush-webp/2023/12/libertarian-values-in-the-real-world.jpg.webp)

[](https://libertarianchristians.com/wp-content/smush-webp/2023/12/Foreign-Policy-of-Peace.jpg.webp)

[](https://libertarianchristians.com/wp-content/smush-webp/2023/12/LCI-has-emboldened-me.jpg.webp)

[](https://libertarianchristians.com/wp-content/smush-webp/2023/12/joel-bomgar-why-lci.jpg.webp)

[](https://libertarianchristians.com/wp-content/smush-webp/2023/12/opened-my-eyes.jpg.webp)

[](https://libertarianchristians.com/wp-content/smush-webp/2023/12/LCI-has-helped-me-spread-message-of-liberty.jpg.webp)

[](https://libertarianchristians.com/wp-content/smush-webp/2023/12/lci-has-produced-great-content.jpg.webp)

[](https://libertarianchristians.com/wp-content/smush-webp/2023/12/liberty-movement-needs-a-thought-leader.jpg.webp)

[](https://libertarianchristians.com/wp-content/smush-webp/2023/12/Blue-vs-Red.jpg.webp)

[](https://libertarianchristians.com/wp-content/smush-webp/2023/12/new-way-to-think.jpg.webp)

[](https://libertarianchristians.com/wp-content/smush-webp/2023/12/conservatives-contradictory-to-theology-and-liberty.jpg.webp)

[](https://libertarianchristians.com/wp-content/smush-webp/2023/12/I-was-not-alone.jpg.webp)

[](https://libertarianchristians.com/wp-content/smush-webp/2023/12/donating-to-lci-is-easy.jpg.webp)

[](https://libertarianchristians.com/wp-content/smush-webp/2023/12/Jesus-wants-us-to-be-free-from-oppresison.jpg.webp)

[](https://libertarianchristians.com/wp-content/smush-webp/2023/12/no-better-vehicle-than-LCI.jpg.webp)

[](https://libertarianchristians.com/wp-content/smush-webp/2023/12/Deepen-Understanding.jpg.webp)

[](https://libertarianchristians.com/wp-content/smush-webp/2023/12/LCI-has-opened-my-eyes.jpg.webp)

[](https://libertarianchristians.com/wp-content/smush-webp/2023/12/LCI-has-thoughtful-content.jpg.webp)

[](https://libertarianchristians.com/wp-content/smush-webp/2023/12/LCI-helps-me-promote-small-government.jpg.webp)

[](https://libertarianchristians.com/wp-content/smush-webp/2023/12/label-such-as-libertarian-christian.jpg.webp)

[](https://libertarianchristians.com/wp-content/smush-webp/2023/12/both-christian-and-libertarian.jpg.webp)

[](https://libertarianchristians.com/wp-content/smush-webp/2023/12/one-of-my-primary-resources.jpg.webp)

[ Click here to join others in supporting LCI ](/donate/)",https://libertarianchristians.com/whylci/
34815,2023-11-28T09:27:18,Giving Tuesday,Doug Stuart,"## Donate Today

## Double Your Impact

Thanks to a generous matching gift,every dollar you give   
between now and December 31, 2023 will be doubled! 

$$15,000 !!! of $24,000 goal

0%

Donate Today",https://libertarianchristians.com/giving-tuesday/
34640,2023-11-24T16:11:24,Quiz: How Well Do You Know Christian Libertarianism?,Doug Stuart,"**Time Left:

00

:

00

:

00

 

 

**

Time expired. Sorry, you will not be able to continue with this quiz. Please opt-in to see the result.

HRS

MIN

SEC

SEC

**Total Time**

**[SQBTimeSpent]**

0 

HRS

0 

MIN

0 

SEC

How well do you know Christian libertarianism?

Hide Image Show Image

__

[1](javascript:void\(0\))

[__Insert Video](javascript:void\(0\))

Take this quiz to see how well you know what a Christian view of libertarianism is.

Start Quiz

1%

**Which Bible passages are often cited referencing submission to government?**

(choose all that apply)

Hide Image Show Image Delete Image Add Image

__

[1](javascript:void\(0\))

[__Insert Video](javascript:void\(0\))

Hide Description Show Description

Enter any additional information about the quiz.

Romans 13:1-7

Correct Answer

Enter Points

...

**Show Other**

A text area will be displayed in the frontend when users select this answer.

[**Add Recommendation**](javascript:void\(0\))[**Add Tags**]( javascript:void\(0\))[**View All Assigned Tags**](javascript:void\(0\))

__

1 Peter 2:13-14

Correct Answer

Enter Points

...

**Show Other**

A text area will be displayed in the frontend when users select this answer.

[**Add Recommendation**](javascript:void\(0\))[**Add Tags**]( javascript:void\(0\))[**View All Assigned Tags**](javascript:void\(0\))

__

Titus 3:1

Correct Answer

Enter Points

...

**Show Other**

A text area will be displayed in the frontend when users select this answer.

[**Add Recommendation**](javascript:void\(0\))[**Add Tags**]( javascript:void\(0\))[**View All Assigned Tags**](javascript:void\(0\))

__

Proverbs 31:10

Correct Answer

Enter Points

...

**Show Other**

A text area will be displayed in the frontend when users select this answer.

[**Add Recommendation**](javascript:void\(0\))[**Add Tags**]( javascript:void\(0\))[**View All Assigned Tags**](javascript:void\(0\))

__

Next

**Are all governments established by God?**

Hide Image Show Image Delete Image Add Image

__

[1](javascript:void\(0\))

[__Insert Video](javascript:void\(0\))

Hide Description Show Description

Enter any additional information about the quiz.

Yes, of course! ""... for there is no authority except that which God has established.""

Correct Answer

Enter Points

...

**Show Other**

A text area will be displayed in the frontend when users select this answer.

[**Add Recommendation**](javascript:void\(0\))[**Add Tags**]( javascript:void\(0\))[**View All Assigned Tags**](javascript:void\(0\))

__

Yes, but they are limited to what is in the US Constitution.

Correct Answer

Enter Points

...

**Show Other**

A text area will be displayed in the frontend when users select this answer.

[**Add Recommendation**](javascript:void\(0\))[**Add Tags**]( javascript:void\(0\))[**View All Assigned Tags**](javascript:void\(0\))

__

God has ordained civil governance, but that doesn't mean everyone who claims governmental authority have been ordained by God to rule.

Correct Answer

Enter Points

...

**Show Other**

A text area will be displayed in the frontend when users select this answer.

[**Add Recommendation**](javascript:void\(0\))[**Add Tags**]( javascript:void\(0\))[**View All Assigned Tags**](javascript:void\(0\))

__

Next

**What limitations do I have as an individual under libertarianism?**

Hide Image Show Image Delete Image Add Image

__

[1](javascript:void\(0\))

[__Insert Video](javascript:void\(0\))

Hide Description Show Description

Enter any additional information about the quiz.

Whatever is listed in the Bill of Rights or US Constitution.

Correct Answer

Enter Points

...

**Show Other**

A text area will be displayed in the frontend when users select this answer.

[**Add Recommendation**](javascript:void\(0\))[**Add Tags**]( javascript:void\(0\))[**View All Assigned Tags**](javascript:void\(0\))

__

Civilly, individuals are prohibited from intiating aggression against others. Non-aggressive immorality may be addressed by non-civil entities such as the church.

Correct Answer

Enter Points

...

**Show Other**

A text area will be displayed in the frontend when users select this answer.

[**Add Recommendation**](javascript:void\(0\))[**Add Tags**]( javascript:void\(0\))[**View All Assigned Tags**](javascript:void\(0\))

__

Anything that the government can't physically stop.

Correct Answer

Enter Points

...

**Show Other**

A text area will be displayed in the frontend when users select this answer.

[**Add Recommendation**](javascript:void\(0\))[**Add Tags**]( javascript:void\(0\))[**View All Assigned Tags**](javascript:void\(0\))

__

Absolutely nothing, you heathen!

Correct Answer

Enter Points

...

**Show Other**

A text area will be displayed in the frontend when users select this answer.

[**Add Recommendation**](javascript:void\(0\))[**Add Tags**]( javascript:void\(0\))[**View All Assigned Tags**](javascript:void\(0\))

__

Next

**Since libertarians are capitalist, are Christian libertarians disobeying 1 Tim 6:10 by pursuing profit?**

Hide Image Show Image Delete Image Add Image

__

[1](javascript:void\(0\))

[__Insert Video](javascript:void\(0\))

Hide Description Show Description

Enter any additional information about the quiz.

Christians can seek profit so long as they donate all their excesses to charity.

Correct Answer

Enter Points

...

**Show Other**

A text area will be displayed in the frontend when users select this answer.

[**Add Recommendation**](javascript:void\(0\))[**Add Tags**]( javascript:void\(0\))[**View All Assigned Tags**](javascript:void\(0\))

__

Christians can seek profit, but must be willing to pay higher taxes for government programs that help the poor.

Correct Answer

Enter Points

...

**Show Other**

A text area will be displayed in the frontend when users select this answer.

[**Add Recommendation**](javascript:void\(0\))[**Add Tags**]( javascript:void\(0\))[**View All Assigned Tags**](javascript:void\(0\))

__

Christians aren't disobeying 1 Tim 6:10 so long as they aren't pursuing money as an end in itself. It's the _love_ of money that's prohibited, not the mere accumulation of it.

Correct Answer

Enter Points

...

**Show Other**

A text area will be displayed in the frontend when users select this answer.

[**Add Recommendation**](javascript:void\(0\))[**Add Tags**]( javascript:void\(0\))[**View All Assigned Tags**](javascript:void\(0\))

__

Next

**As a Christian libertarian, would I have to endorse prostitution as legitimate work?**

(choose all that apply)

Hide Image Show Image Delete Image Add Image

__

[1](javascript:void\(0\))

[__Insert Video](javascript:void\(0\))

Hide Description Show Description

Enter any additional information about the quiz.

No

Correct Answer

Enter Points

...

**Show Other**

A text area will be displayed in the frontend when users select this answer.

[**Add Recommendation**](javascript:void\(0\))[**Add Tags**]( javascript:void\(0\))[**View All Assigned Tags**](javascript:void\(0\))

__

The legality of a behavior doesn't make it a moral behavior. 

Correct Answer

Enter Points

...

**Show Other**

A text area will be displayed in the frontend when users select this answer.

[**Add Recommendation**](javascript:void\(0\))[**Add Tags**]( javascript:void\(0\))[**View All Assigned Tags**](javascript:void\(0\))

__

Decrminalizing prostitution makes it easier for women to leave it. We endorse that.

Correct Answer

Enter Points

...

**Show Other**

A text area will be displayed in the frontend when users select this answer.

[**Add Recommendation**](javascript:void\(0\))[**Add Tags**]( javascript:void\(0\))[**View All Assigned Tags**](javascript:void\(0\))

__

Yes! Sex work is work. 

Correct Answer

Enter Points

...

**Show Other**

A text area will be displayed in the frontend when users select this answer.

[**Add Recommendation**](javascript:void\(0\))[**Add Tags**]( javascript:void\(0\))[**View All Assigned Tags**](javascript:void\(0\))

__

Next

**Without government, who would build the roads?**

(choose all that apply)

Hide Image Show Image Delete Image Add Image

__

[1](javascript:void\(0\))

[__Insert Video](javascript:void\(0\))

Hide Description Show Description

Enter any additional information about the quiz.

Christians can seek profit so long as they donate all their excesses to charity.

Correct Answer

Enter Points

...

**Show Other**

A text area will be displayed in the frontend when users select this answer.

[**Add Recommendation**](javascript:void\(0\))[**Add Tags**]( javascript:void\(0\))[**View All Assigned Tags**](javascript:void\(0\))

__

No one! You will have dirt roads, and you'll be happy.

Correct Answer

Enter Points

...

**Show Other**

A text area will be displayed in the frontend when users select this answer.

[**Add Recommendation**](javascript:void\(0\))[**Add Tags**]( javascript:void\(0\))[**View All Assigned Tags**](javascript:void\(0\))

__

Christians can seek profit, but must be willing to pay higher taxes for government programs that help the poor.

Correct Answer

Enter Points

...

**Show Other**

A text area will be displayed in the frontend when users select this answer.

[**Add Recommendation**](javascript:void\(0\))[**Add Tags**]( javascript:void\(0\))[**View All Assigned Tags**](javascript:void\(0\))

__

Business interested in making it easier to get to their businesses. It would be a cost of doing business.

Correct Answer

Enter Points

...

**Show Other**

A text area will be displayed in the frontend when users select this answer.

[**Add Recommendation**](javascript:void\(0\))[**Add Tags**]( javascript:void\(0\))[**View All Assigned Tags**](javascript:void\(0\))

__

Christians aren't disobeying 1 Tim 6:10 so long as they aren't pursuing money as an end in itself. It's the _love_ of money that's prohibited, not the mere accumulation of it.

Correct Answer

Enter Points

...

**Show Other**

A text area will be displayed in the frontend when users select this answer.

[**Add Recommendation**](javascript:void\(0\))[**Add Tags**]( javascript:void\(0\))[**View All Assigned Tags**](javascript:void\(0\))

__

Businesses who specialize in the service of building roads and charge tolls.

Correct Answer

Enter Points

...

**Show Other**

A text area will be displayed in the frontend when users select this answer.

[**Add Recommendation**](javascript:void\(0\))[**Add Tags**]( javascript:void\(0\))[**View All Assigned Tags**](javascript:void\(0\))

__

Construction companies building neighborhoods will write the cost of the roads into the price of the house.

Correct Answer

Enter Points

...

**Show Other**

A text area will be displayed in the frontend when users select this answer.

[**Add Recommendation**](javascript:void\(0\))[**Add Tags**]( javascript:void\(0\))[**View All Assigned Tags**](javascript:void\(0\))

__

Next

**Okay, but libertarians are prochoice - Christians cannot support abortion**

Hide Image Show Image Delete Image Add Image

__

[1](javascript:void\(0\))

[__Insert Video](javascript:void\(0\))

Hide Description Show Description

Enter any additional information about the quiz.

We're secretly prosletyzing libertarians so they'll become Christian and therefore prolife.

Correct Answer

Enter Points

...

**Show Other**

A text area will be displayed in the frontend when users select this answer.

[**Add Recommendation**](javascript:void\(0\))[**Add Tags**]( javascript:void\(0\))[**View All Assigned Tags**](javascript:void\(0\))

__

We understand that this is a complicated issue and people on both sides hold good faith positions, so we leave it up to individuals to decide.

Correct Answer

Enter Points

...

**Show Other**

A text area will be displayed in the frontend when users select this answer.

[**Add Recommendation**](javascript:void\(0\))[**Add Tags**]( javascript:void\(0\))[**View All Assigned Tags**](javascript:void\(0\))

__

We don't actually know when life begins, so we cannot know when rights begin, therefore Christians can support abortion.

Correct Answer

Enter Points

...

**Show Other**

A text area will be displayed in the frontend when users select this answer.

[**Add Recommendation**](javascript:void\(0\))[**Add Tags**]( javascript:void\(0\))[**View All Assigned Tags**](javascript:void\(0\))

__

Historically libertarians have not been settled on the abortion issue, and we argue that abortion is a violation of the non-aggression principle and therefore anti-libertarian.

Correct Answer

Enter Points

...

**Show Other**

A text area will be displayed in the frontend when users select this answer.

[**Add Recommendation**](javascript:void\(0\))[**Add Tags**]( javascript:void\(0\))[**View All Assigned Tags**](javascript:void\(0\))

__

Next

**What do Christian libertarians think about our relationship to the environment?**

(choose all that apply)

Hide Image Show Image Delete Image Add Image

__

[1](javascript:void\(0\))

[__Insert Video](javascript:void\(0\))

Hide Description Show Description

Enter any additional information about the quiz.

God has provided people the tools that we need to face these challenges, starting with the first garments he fashioned for Adam and Eve from animal skins (Gen. 3:21)   

Correct Answer

Enter Points

...

**Show Other**

A text area will be displayed in the frontend when users select this answer.

[**Add Recommendation**](javascript:void\(0\))[**Add Tags**]( javascript:void\(0\))[**View All Assigned Tags**](javascript:void\(0\))

__

God told Adam then that life after sin would require hard work (Gen. 3:17–19, 23)   

Correct Answer

Enter Points

...

**Show Other**

A text area will be displayed in the frontend when users select this answer.

[**Add Recommendation**](javascript:void\(0\))[**Add Tags**]( javascript:void\(0\))[**View All Assigned Tags**](javascript:void\(0\))

__

 As we use the resources that God has seen fit to grant us, we should use them as mindful stewards of a divine blessing (Matt. 25:14–30).  

Correct Answer

Enter Points

...

**Show Other**

A text area will be displayed in the frontend when users select this answer.

[**Add Recommendation**](javascript:void\(0\))[**Add Tags**]( javascript:void\(0\))[**View All Assigned Tags**](javascript:void\(0\))

__

 The righteous take care to leave something of value for future generations (Prov. 13:22).   

Correct Answer

Enter Points

...

**Show Other**

A text area will be displayed in the frontend when users select this answer.

[**Add Recommendation**](javascript:void\(0\))[**Add Tags**]( javascript:void\(0\))[**View All Assigned Tags**](javascript:void\(0\))

__

Next

%%QUESTIONANSWERS%%

Skip Opt-in

__

[](javascript:void\(0\))

[__Insert Video](javascript:void\(0\))

Almost there...

Where can we email you the results? Please enter details below.

By joining, you agree to the terms of service

Unsubscribe anytime. For further details, review your Privacy Policy.

Get Started

You can unsubscribe at any time.

You got a score of %%YOURSCORE%% out of %%TOTALSCORE%%

  

Oof! Repent of your statism

Hide Image Show Image

__

[1](javascript:void\(0\))

[__Insert Video](javascript:void\(0\))

Hide Description Show Description

Check your email for a curated list of resources that may interest you.

  

%%CATEGORY_TOTAL_PERCENT%%

%%CATEGORY_TOTAL_NUMBER%%

[CATEGORY_TOTAL_PERCENT]

[CATEGORY_ONLY_PERCENT]

[CATEGORY_TOTAL_NUMBER]

You got a score of %%YOURSCORE%% out of %%TOTALSCORE%%

  

You are only vaguely familiar with Christian libertarianism.

Hide Image Show Image

__

[1](javascript:void\(0\))

[__Insert Video](javascript:void\(0\))

Hide Description Show Description

Check your email for a curated list of resources that may interest you.

  

%%CATEGORY_TOTAL_PERCENT%%

%%CATEGORY_TOTAL_NUMBER%%

[CATEGORY_TOTAL_PERCENT]

[CATEGORY_ONLY_PERCENT]

[CATEGORY_TOTAL_NUMBER]

You got a score of %%YOURSCORE%% out of %%TOTALSCORE%%

  

You've seen us around a bit

Hide Image Show Image

__

[1](javascript:void\(0\))

[__Insert Video](javascript:void\(0\))

Hide Description Show Description

Check your email for a curated list of resources that may interest you.

  

%%CATEGORY_TOTAL_PERCENT%%

%%CATEGORY_TOTAL_NUMBER%%

[CATEGORY_TOTAL_PERCENT]

[CATEGORY_ONLY_PERCENT]

[CATEGORY_TOTAL_NUMBER]

You got a score of %%YOURSCORE%% out of %%TOTALSCORE%%

Hide Image Show Image

__

[1](javascript:void\(0\))

[__Insert Video](javascript:void\(0\))

Hide Description Show Description

Check your email for a curated list of resources that may interest you.

  

%%CATEGORY_TOTAL_PERCENT%%

%%CATEGORY_TOTAL_NUMBER%%

[CATEGORY_TOTAL_PERCENT]

[CATEGORY_ONLY_PERCENT]

[CATEGORY_TOTAL_NUMBER]

You got a score of %%YOURSCORE%% out of %%TOTALSCORE%%

Hide Image Show Image

__

[1](javascript:void\(0\))

[__Insert Video](javascript:void\(0\))

Hide Description Show Description

Check your email for a curated list of resources that may interest you.

  

Hide Products Show Products

Choose Layout

4 Columns

  * [1 Column](javascript:void\(0\))
  * [2 Columns](javascript:void\(0\))
  * [3 Columns](javascript:void\(0\))
  * [4 Columns](javascript:void\(0\))
  * [5 Columns](javascript:void\(0\))
  * [6 Columns](javascript:void\(0\))

Product Title

__

Buy Now

__

Product Title

__

Buy Now

__

Product Title

__

Buy Now

__

Product Title

__

Buy Now

__

Product Title

__

Buy Now

__

Product Title

__

Buy Now

__

Product Title

__

Buy Now

__

Add Product

%%CATEGORY_TOTAL_PERCENT%%

%%CATEGORY_TOTAL_NUMBER%%

[CATEGORY_TOTAL_PERCENT]

[CATEGORY_ONLY_PERCENT]

[CATEGORY_TOTAL_NUMBER]

Retake

__

**YOUR TOTAL POINTS**

0",https://libertarianchristians.com/quiz-how-well-do-you-know-christian-libertarianism/
34229,2023-10-30T19:16:08,Libertarian Christian Quiz (test),Doug Stuart,,https://libertarianchristians.com/lcquiztest/
33983,2023-10-04T20:43:01,Libertarian Christian Crossword Puzzle,Doug Stuart,"# Libertarian Christian Institute Crossword Puzzles

## A little fun with faith and freedom

Try faith and liberty themed crossword puzzles to challenge and educate yourself on important concepts. From history to current issues, these puzzles will engage and reward you as you fill in each word. Let's broaden our horizons and become puzzle masters. Get ready for the challenge ahead!

If we're on top of our game, we'll drop a new game once a week! 

[ ](https://libertarianchristians.com/?p=34859)

##  [ Liberty Movement Orgs ](https://libertarianchristians.com/?p=34859)

November 28, 2023 

[ Listen Now » ](https://libertarianchristians.com/?p=34859)

[ ](https://libertarianchristians.com/?p=34152)

##  [ Libertarian Christian Crossword: Federal Agencies (with some pork) ](https://libertarianchristians.com/?p=34152)

October 28, 2023 

[ Listen Now » ](https://libertarianchristians.com/?p=34152)

[ ](https://libertarianchristians.com/?p=34080)

##  [ Libertarian Christian Crossword: People of LCI ](https://libertarianchristians.com/?p=34080)

October 18, 2023 

[ Listen Now » ](https://libertarianchristians.com/?p=34080)

[ ](https://libertarianchristians.com/?p=34023)

##  [ Libertarian Christian Crossword: People, Places, & Things ](https://libertarianchristians.com/?p=34023)

October 11, 2023 

[ Listen Now » ](https://libertarianchristians.com/?p=34023)

[ ](https://libertarianchristians.com/?p=34007)

##  [ Libertarian Christian Crossword: Pilot Game ](https://libertarianchristians.com/?p=34007)

October 11, 2023 

[ Listen Now » ](https://libertarianchristians.com/?p=34007)",https://libertarianchristians.com/crossword/
36014,2023-09-09T12:13:52,The LCI Greenroom,Doug Stuart,"[ Podcast ](https://podcasts.apple.com/us/podcast/the-lci-greenroom-open-unscripted/id1732746793?uo=4) [ Spotify ](https://open.spotify.com/show/4jSysfMPiisTPmSJwczxsw) [ Youtube ](https://www.youtube.com/watch?v=oY7mYZ1tXrg&list=PLcrgOPKyFx3aKwjIZC8bBHL8zSdsGwWvf)

Join the Christians for Liberty Network hosts as they interview leading voices on faith and politics.

Support this Podcast

[ ](https://libertarianchristians.com/episode/you-are-the-power-and-christ-is-king-with-spike-cohen/)

##  [ You Are The Power and Christ is King with Spike Cohen ](https://libertarianchristians.com/episode/you-are-the-power-and-christ-is-king-with-spike-cohen/)

July 7, 2025 

[ Listen Now » ](https://libertarianchristians.com/episode/you-are-the-power-and-christ-is-king-with-spike-cohen/)

[ ](https://libertarianchristians.com/episode/is-the-libertarian-party-americas-last-hope-with-lnc-chair-steven-nekhaila/)

##  [ Is the Libertarian Party America's Last Hope? with LNC Chair Steven Nekhaila ](https://libertarianchristians.com/episode/is-the-libertarian-party-americas-last-hope-with-lnc-chair-steven-nekhaila/)

July 3, 2025 

[ Listen Now » ](https://libertarianchristians.com/episode/is-the-libertarian-party-americas-last-hope-with-lnc-chair-steven-nekhaila/)

[ ](https://libertarianchristians.com/episode/we-were-early-not-wrong-trump-elon-the-coming-debt-bomb/)

##  [ ""We Were Early, Not Wrong"" - Trump, Elon & the Coming Debt Bomb ](https://libertarianchristians.com/episode/we-were-early-not-wrong-trump-elon-the-coming-debt-bomb/)

June 9, 2025 

[ Listen Now » ](https://libertarianchristians.com/episode/we-were-early-not-wrong-trump-elon-the-coming-debt-bomb/)

[ ](https://libertarianchristians.com/episode/libertarians-and-maga-coalitions-or-compromise-with-austin-padgett/)

##  [ Libertarians and MAGA - Coalitions or Compromise? With Austin Padgett ](https://libertarianchristians.com/episode/libertarians-and-maga-coalitions-or-compromise-with-austin-padgett/)

April 29, 2025 

[ Listen Now » ](https://libertarianchristians.com/episode/libertarians-and-maga-coalitions-or-compromise-with-austin-padgett/)

[ ](https://libertarianchristians.com/episode/from-outsider-to-overlord-trumps-evolving-threat-to-liberty/)

##  [ From Outsider to Overlord? Trump's Evolving Threat to Liberty ](https://libertarianchristians.com/episode/from-outsider-to-overlord-trumps-evolving-threat-to-liberty/)

April 28, 2025 

[ Listen Now » ](https://libertarianchristians.com/episode/from-outsider-to-overlord-trumps-evolving-threat-to-liberty/)

[ ](https://libertarianchristians.com/episode/how-do-we-empower-future-generations-martha-bueno-on-liberty-oriented-parenting-and-activism/)

##  [ How Do We Empower Future Generations? Martha Bueno on Liberty Oriented Parenting and Activism ](https://libertarianchristians.com/episode/how-do-we-empower-future-generations-martha-bueno-on-liberty-oriented-parenting-and-activism/)

April 9, 2025 

[ Listen Now » ](https://libertarianchristians.com/episode/how-do-we-empower-future-generations-martha-bueno-on-liberty-oriented-parenting-and-activism/)

[ ](https://libertarianchristians.com/episode/two-freed-men-ross-ulbricht-finds-justice-spike-cohen-finds-christ/)

##  [ Two Freed Men: Ross Ulbricht Finds Justice, Spike Cohen Finds Christ ](https://libertarianchristians.com/episode/two-freed-men-ross-ulbricht-finds-justice-spike-cohen-finds-christ/)

January 22, 2025 

[ Listen Now » ](https://libertarianchristians.com/episode/two-freed-men-ross-ulbricht-finds-justice-spike-cohen-finds-christ/)

[ ](https://libertarianchristians.com/episode/unscripted-conversations-on-liberty-pacifism-and-the-gospel-with-cody-cook/)

##  [ Unscripted Conversations on Liberty, Pacifism, and the Gospel with Cody Cook ](https://libertarianchristians.com/episode/unscripted-conversations-on-liberty-pacifism-and-the-gospel-with-cody-cook/)

January 7, 2025 

[ Listen Now » ](https://libertarianchristians.com/episode/unscripted-conversations-on-liberty-pacifism-and-the-gospel-with-cody-cook/)

[ ](https://libertarianchristians.com/episode/lci-book-club-scott-hortons-provoked-livestream-series/)

##  [ LCI Book Club - Scott Horton's ""Provoked"" Livestream Series ](https://libertarianchristians.com/episode/lci-book-club-scott-hortons-provoked-livestream-series/)

December 18, 2024 

[ Listen Now » ](https://libertarianchristians.com/episode/lci-book-club-scott-hortons-provoked-livestream-series/)

[ ](https://libertarianchristians.com/episode/from-russell-brand-to-trump-clint-russells-insights-on-liberty-and-coalitions/)

##  [ From Russell Brand to Trump: Clint Russell’s Insights on Liberty and Coalitions ](https://libertarianchristians.com/episode/from-russell-brand-to-trump-clint-russells-insights-on-liberty-and-coalitions/)

October 21, 2024 

[ Listen Now » ](https://libertarianchristians.com/episode/from-russell-brand-to-trump-clint-russells-insights-on-liberty-and-coalitions/)

[ ](https://libertarianchristians.com/episode/javier-milei-friend-of-foe-libertarian-debate-night/)

##  [ Javier Milei: Friend of Foe? Libertarian Debate Night ](https://libertarianchristians.com/episode/javier-milei-friend-of-foe-libertarian-debate-night/)

September 23, 2024 

[ Listen Now » ](https://libertarianchristians.com/episode/javier-milei-friend-of-foe-libertarian-debate-night/)

[ ](https://libertarianchristians.com/episode/donald-trump-or-chase-oliver-which-one-should-libertarians-support-this-november/)

##  [ Donald Trump or Chase Oliver? Which One Should Libertarians Support This November? ](https://libertarianchristians.com/episode/donald-trump-or-chase-oliver-which-one-should-libertarians-support-this-november/)

September 10, 2024 

[ Listen Now » ](https://libertarianchristians.com/episode/donald-trump-or-chase-oliver-which-one-should-libertarians-support-this-november/)

[ ](https://libertarianchristians.com/episode/plugging-back-into-the-matrix-jacob-returns-from-30-day-media-break/)

##  [ Plugging Back Into the Matrix: Jacob Returns from 30 Day Media Break ](https://libertarianchristians.com/episode/plugging-back-into-the-matrix-jacob-returns-from-30-day-media-break/)

September 3, 2024 

[ Listen Now » ](https://libertarianchristians.com/episode/plugging-back-into-the-matrix-jacob-returns-from-30-day-media-break/)

[ ](https://libertarianchristians.com/episode/stephen-wolfe-on-nationalism-vs-libertarianism-how-should-government-be-limited/)

##  [ Stephen Wolfe on Nationalism vs Libertarianism - How Should Government Be Limited? ](https://libertarianchristians.com/episode/stephen-wolfe-on-nationalism-vs-libertarianism-how-should-government-be-limited/)

August 2, 2024 

[ Listen Now » ](https://libertarianchristians.com/episode/stephen-wolfe-on-nationalism-vs-libertarianism-how-should-government-be-limited/)

[ ](https://libertarianchristians.com/episode/objectivism-vs-christianity-comparing-different-foundations-for-a-libertarian-society/)

##  [ Objectivism vs. Christianity: Comparing Different Foundations for a Libertarian Society ](https://libertarianchristians.com/episode/objectivism-vs-christianity-comparing-different-foundations-for-a-libertarian-society/)

August 2, 2024 

[ Listen Now » ](https://libertarianchristians.com/episode/objectivism-vs-christianity-comparing-different-foundations-for-a-libertarian-society/)

[ ](https://libertarianchristians.com/episode/getting-libertarianism-wrong-why-the-right-is-wrong-about-privatization-w-bob-murphy/)

##  [ Getting Libertarianism Wrong? Why the Right is Wrong About Privatization w/Bob Murphy ](https://libertarianchristians.com/episode/getting-libertarianism-wrong-why-the-right-is-wrong-about-privatization-w-bob-murphy/)

July 12, 2024 

[ Listen Now » ](https://libertarianchristians.com/episode/getting-libertarianism-wrong-why-the-right-is-wrong-about-privatization-w-bob-murphy/)

[ ](https://libertarianchristians.com/episode/should-libertarians-support-chase-oliver-w-dl-cummings/)

##  [ Should Libertarians Support Chase Oliver? w/DL Cummings ](https://libertarianchristians.com/episode/should-libertarians-support-chase-oliver-w-dl-cummings/)

July 12, 2024 

[ Listen Now » ](https://libertarianchristians.com/episode/should-libertarians-support-chase-oliver-w-dl-cummings/)

[ ](https://libertarianchristians.com/episode/libertarians-vs-nationalists-debate-review-part-3-lessons-on-moral-and-legal-consistency/)

##  [ Libertarians vs. Nationalists: Debate Review Part 3: Lessons on Moral and Legal Consistency ](https://libertarianchristians.com/episode/libertarians-vs-nationalists-debate-review-part-3-lessons-on-moral-and-legal-consistency/)

July 10, 2024 

[ Listen Now » ](https://libertarianchristians.com/episode/libertarians-vs-nationalists-debate-review-part-3-lessons-on-moral-and-legal-consistency/)

[ ](https://libertarianchristians.com/episode/misunderstanding-covenant-theology-andrew-wilson-debate-reaction-part-2/)

##  [ Misunderstanding Covenant Theology: Andrew Wilson Debate Reaction Part 2 ](https://libertarianchristians.com/episode/misunderstanding-covenant-theology-andrew-wilson-debate-reaction-part-2/)

July 5, 2024 

[ Listen Now » ](https://libertarianchristians.com/episode/misunderstanding-covenant-theology-andrew-wilson-debate-reaction-part-2/)

[ ](https://libertarianchristians.com/episode/libertarian-christian-commentary-on-the-presidential-debate/)

##  [ Libertarian Christian Commentary on the Presidential Debate ](https://libertarianchristians.com/episode/libertarian-christian-commentary-on-the-presidential-debate/)

July 1, 2024 

[ Listen Now » ](https://libertarianchristians.com/episode/libertarian-christian-commentary-on-the-presidential-debate/)

[ ](https://libertarianchristians.com/episode/does-the-bible-teach-pacifism-for-christians/)

##  [ Does the Bible Teach Pacifism for Christians? ](https://libertarianchristians.com/episode/does-the-bible-teach-pacifism-for-christians/)

June 7, 2024 

[ Listen Now » ](https://libertarianchristians.com/episode/does-the-bible-teach-pacifism-for-christians/)

[ ](https://libertarianchristians.com/episode/should-we-centralize-power-andrew-wilson-debate-review-part-1/)

##  [ Should We Centralize Power? Andrew Wilson Debate Review Part 1 ](https://libertarianchristians.com/episode/should-we-centralize-power-andrew-wilson-debate-review-part-1/)

May 22, 2024 

[ Listen Now » ](https://libertarianchristians.com/episode/should-we-centralize-power-andrew-wilson-debate-review-part-1/)

[ ](https://libertarianchristians.com/episode/is-self-ownership-commensurate-with-christianity-with-kerry-baldwin/)

##  [ Is Self-Ownership Commensurate with Christianity? with Kerry Baldwin ](https://libertarianchristians.com/episode/is-self-ownership-commensurate-with-christianity-with-kerry-baldwin/)

May 21, 2024 

[ Listen Now » ](https://libertarianchristians.com/episode/is-self-ownership-commensurate-with-christianity-with-kerry-baldwin/)

[ ](https://libertarianchristians.com/episode/andrew-wilson-vs-lauren-chen-reaction-can-christians-be-consequentialists/)

##  [ Andrew Wilson vs Lauren Chen Reaction: Can Christians Be Consequentialists? ](https://libertarianchristians.com/episode/andrew-wilson-vs-lauren-chen-reaction-can-christians-be-consequentialists/)

May 14, 2024 

[ Listen Now » ](https://libertarianchristians.com/episode/andrew-wilson-vs-lauren-chen-reaction-can-christians-be-consequentialists/)

[ ](https://libertarianchristians.com/episode/why-are-some-christians-rejecting-libertarianism-with-cjay-engel/)

##  [ Why Are Some Christians Rejecting Libertarianism? with C.Jay Engel ](https://libertarianchristians.com/episode/why-are-some-christians-rejecting-libertarianism-with-cjay-engel/)

May 13, 2024 

[ Listen Now » ](https://libertarianchristians.com/episode/why-are-some-christians-rejecting-libertarianism-with-cjay-engel/)

[ ](https://libertarianchristians.com/episode/is-war-with-iran-inevitable-the-state-of-the-israels-war-with-kyle-anzalone/)

##  [ Is War With Iran Inevitable? The State of the Israel's War, with Kyle Anzalone ](https://libertarianchristians.com/episode/is-war-with-iran-inevitable-the-state-of-the-israels-war-with-kyle-anzalone/)

May 13, 2024 

[ Listen Now » ](https://libertarianchristians.com/episode/is-war-with-iran-inevitable-the-state-of-the-israels-war-with-kyle-anzalone/)

[ ](https://libertarianchristians.com/episode/stephen-wolfe-alex-bernardo-christian-nationalism-christian-libertarianism/)

##  [ Stephen Wolfe & Alex Bernardo: Christian Nationalism & Christian Libertarianism ](https://libertarianchristians.com/episode/stephen-wolfe-alex-bernardo-christian-nationalism-christian-libertarianism/)

May 6, 2024 

[ Listen Now » ](https://libertarianchristians.com/episode/stephen-wolfe-alex-bernardo-christian-nationalism-christian-libertarianism/)

[ ](https://libertarianchristians.com/episode/the-economics-of-empire-is-the-state-inefficient-or-evil-with-clint-russell/)

##  [ The Economics of Empire: is the State Inefficient or Evil? with Clint Russell ](https://libertarianchristians.com/episode/the-economics-of-empire-is-the-state-inefficient-or-evil-with-clint-russell/)

April 25, 2024 

[ Listen Now » ](https://libertarianchristians.com/episode/the-economics-of-empire-is-the-state-inefficient-or-evil-with-clint-russell/)

[ ](https://libertarianchristians.com/episode/exploring-biblical-prophecy-eschatology-w-rhesa-browning/)

##  [ Exploring Biblical Prophecy & Eschatology w/Rhesa Browning ](https://libertarianchristians.com/episode/exploring-biblical-prophecy-eschatology-w-rhesa-browning/)

April 24, 2024 

[ Listen Now » ](https://libertarianchristians.com/episode/exploring-biblical-prophecy-eschatology-w-rhesa-browning/)

[ ](https://libertarianchristians.com/episode/libertarian-christian-roundtable-april-2024-the-return-of-christian-nationalism/)

##  [ Libertarian Christian Roundtable, April 2024: The Return of Christian Nationalism? ](https://libertarianchristians.com/episode/libertarian-christian-roundtable-april-2024-the-return-of-christian-nationalism/)

April 12, 2024 

[ Listen Now » ](https://libertarianchristians.com/episode/libertarian-christian-roundtable-april-2024-the-return-of-christian-nationalism/)

[ ](https://libertarianchristians.com/episode/why-are-some-libertarians-critical-of-javier-milei-with-brian-nichols/)

##  [ Why Are Some Libertarians Critical of Javier Milei? with Brian Nichols ](https://libertarianchristians.com/episode/why-are-some-libertarians-critical-of-javier-milei-with-brian-nichols/)

April 11, 2024 

[ Listen Now » ](https://libertarianchristians.com/episode/why-are-some-libertarians-critical-of-javier-milei-with-brian-nichols/)

[ ](https://libertarianchristians.com/episode/joshua-smith-on-running-for-president-as-a-christian-libertarian/)

##  [ Joshua Smith on Running for President as a Christian Libertarian ](https://libertarianchristians.com/episode/joshua-smith-on-running-for-president-as-a-christian-libertarian/)

April 10, 2024 

[ Listen Now » ](https://libertarianchristians.com/episode/joshua-smith-on-running-for-president-as-a-christian-libertarian/)

[ ](https://libertarianchristians.com/episode/the-spectrum-of-anarchy-with-jeremiah-harding/)

##  [ The Spectrum of Anarchy with Jeremiah Harding ](https://libertarianchristians.com/episode/the-spectrum-of-anarchy-with-jeremiah-harding/)

April 9, 2024 

[ Listen Now » ](https://libertarianchristians.com/episode/the-spectrum-of-anarchy-with-jeremiah-harding/)

[ ](https://libertarianchristians.com/episode/should-christians-be-fleeing-public-education-with-lisa-watson/)

##  [ Should Christians Be Fleeing Public Education? with Lisa Watson ](https://libertarianchristians.com/episode/should-christians-be-fleeing-public-education-with-lisa-watson/)

April 8, 2024 

[ Listen Now » ](https://libertarianchristians.com/episode/should-christians-be-fleeing-public-education-with-lisa-watson/)

[ ](https://libertarianchristians.com/episode/two-years-in-the-state-of-the-new-lp-with-angela-mcardle/)

##  [ Two Years In, the State of the New LP, with Angela McArdle ](https://libertarianchristians.com/episode/two-years-in-the-state-of-the-new-lp-with-angela-mcardle/)

April 5, 2024 

[ Listen Now » ](https://libertarianchristians.com/episode/two-years-in-the-state-of-the-new-lp-with-angela-mcardle/)

[ ](https://libertarianchristians.com/episode/canceling-cancel-culture-to-rec-the-regime-with-michael-rectenwald/)

##  [ Canceling Cancel Culture to Rec the Regime with Michael Rectenwald ](https://libertarianchristians.com/episode/canceling-cancel-culture-to-rec-the-regime-with-michael-rectenwald/)

March 27, 2024 

[ Listen Now » ](https://libertarianchristians.com/episode/canceling-cancel-culture-to-rec-the-regime-with-michael-rectenwald/)

[ ](https://libertarianchristians.com/episode/is-there-a-political-path-to-liberty-with-mises-caucus-chair-aaron-harris/)

##  [ Is There A Political Path to Liberty? with Mises Caucus Chair Aaron Harris ](https://libertarianchristians.com/episode/is-there-a-political-path-to-liberty-with-mises-caucus-chair-aaron-harris/)

March 26, 2024 

[ Listen Now » ](https://libertarianchristians.com/episode/is-there-a-political-path-to-liberty-with-mises-caucus-chair-aaron-harris/)

[ ](https://libertarianchristians.com/episode/is-libertarianism-winning-with-spike-cohen-kerry-baldwin/)

##  [ Is Libertarianism Winning? with Spike Cohen & Kerry Baldwin ](https://libertarianchristians.com/episode/is-libertarianism-winning-with-spike-cohen-kerry-baldwin/)

March 21, 2024 

[ Listen Now » ](https://libertarianchristians.com/episode/is-libertarianism-winning-with-spike-cohen-kerry-baldwin/)

[ ](https://libertarianchristians.com/episode/growing-the-kingdom-of-god-with-alex-bernardo/)

##  [ Growing the Kingdom of God, with Alex Bernardo ](https://libertarianchristians.com/episode/growing-the-kingdom-of-god-with-alex-bernardo/)

March 15, 2024 

[ Listen Now » ](https://libertarianchristians.com/episode/growing-the-kingdom-of-god-with-alex-bernardo/)

[ ](https://libertarianchristians.com/episode/what-does-it-mean-for-christ-to-be-our-king-with-preston-sprinkle/)

##  [ What Does it Mean for Christ to Be Our King? with Preston Sprinkle ](https://libertarianchristians.com/episode/what-does-it-mean-for-christ-to-be-our-king-with-preston-sprinkle/)

March 13, 2024 

[ Listen Now » ](https://libertarianchristians.com/episode/what-does-it-mean-for-christ-to-be-our-king-with-preston-sprinkle/)

[ ](https://libertarianchristians.com/episode/untangling-public-property-immigration-with-dave-smith/)

##  [ Untangling Public Property & Immigration, with Dave Smith ](https://libertarianchristians.com/episode/untangling-public-property-immigration-with-dave-smith/)

March 2, 2024 

[ Listen Now » ](https://libertarianchristians.com/episode/untangling-public-property-immigration-with-dave-smith/)

[ ](https://libertarianchristians.com/episode/beyond-the-frontlines-tuckers-putin-interview-and-us-involvement-in-ukraine-analyzed-w-kyle-anzalone/)

##  [ Beyond the Frontlines: Tucker's Putin Interview and US Involvement in Ukraine Analyzed w/Kyle Anzalone ](https://libertarianchristians.com/episode/beyond-the-frontlines-tuckers-putin-interview-and-us-involvement-in-ukraine-analyzed-w-kyle-anzalone/)

February 29, 2024 

[ Listen Now » ](https://libertarianchristians.com/episode/beyond-the-frontlines-tuckers-putin-interview-and-us-involvement-in-ukraine-analyzed-w-kyle-anzalone/)

[ ](https://libertarianchristians.com/episode/what-is-the-libertarian-response-to-israels-war-in-gaza-jacob-winograd-vs-jack-lloyd/)

##  [ What is the Libertarian Response to Israel's War in Gaza? Jacob Winograd vs Jack Lloyd ](https://libertarianchristians.com/episode/what-is-the-libertarian-response-to-israels-war-in-gaza-jacob-winograd-vs-jack-lloyd/)

February 27, 2024 

[ Listen Now » ](https://libertarianchristians.com/episode/what-is-the-libertarian-response-to-israels-war-in-gaza-jacob-winograd-vs-jack-lloyd/)

[ ](https://libertarianchristians.com/episode/an-eastern-orthodox-and-a-reformed-baptist-explore-living-for-the-kingdom-of-god/)

##  [ An Eastern Orthodox and a Reformed Baptist Explore Living For the Kingdom of God ](https://libertarianchristians.com/episode/an-eastern-orthodox-and-a-reformed-baptist-explore-living-for-the-kingdom-of-god/)

February 27, 2024 

[ Listen Now » ](https://libertarianchristians.com/episode/an-eastern-orthodox-and-a-reformed-baptist-explore-living-for-the-kingdom-of-god/)

### Browse more Christians for Liberty Network Shows

[ ](/shows/libertarian-christian-podcast/)

[ ](/shows/reformed-libertarians-podcast/)

[ ](/shows/greenroom/)

[ ](/shows/biblical-anarchy/)

[ ](/shows/protestant-libertarian-podcast/)

[ ](/shows/faithful-ventures/)

[ ](/shows/good-news-bad-news/)

[ ](/shows/faith-seeking-freedom-podcast/)

[ ](/shows/godarchy-podcast/)

The Christians for Liberty Network is a project of the Libertarian Christian Institute consisting of shows and hosts offering various perspectives on the intersection of Christianity and libertarianism. Views expressed by hosts and guests do not necessarily reflect the view of the organization, its staff, board members, donors, or any other affiliates (including other hosts or guests on the network). Guest appearances or interviews of any incumbents, officials, or candidates for any political, party, or government office should not be construed as endorsements. The Libertarian Christian Institute is a 501(c)(3) non-profit organization and does not endorse any political party or candidate for any political, government, or party office. For information about the Libertarian Christian Institute’s core values, please visit [this page](/mission/).",https://libertarianchristians.com/shows/greenroom/
33752,2023-09-09T12:13:52,Faith Ventures Podcast,Doug Stuart,"[ Podcast ](https://podcasts.apple.com/us/podcast/faith-ventures-podcast/id1708605289) [ Spotify ](https://open.spotify.com/show/71uWDty5ZUBJ6k7kNqHo3y?si=36b3d9d1d3f64df8) [ Youtube ](https://www.youtube.com/playlist?list=PLcrgOPKyFx3bgDrOZaRkYUKEeLl8yyDGg)

Faith Ventures is about telling stories of Christians doing business for the glory of God. The virtue of market-driven work that serves other people is part of God's design, and thus we should care about the principles of individual liberty that make that possible.

This podcast inspires listeners to realize how their faith in Jesus affects everything around us, including our work in the marketplace. 

Support this Podcast

[ ](https://libertarianchristians.com/episode/faith-ventures-living-a-life-of-significance-with-mark-whitacre/)

##  [ Faith Ventures: Living a Life of Significance, with Mark Whitacre ](https://libertarianchristians.com/episode/faith-ventures-living-a-life-of-significance-with-mark-whitacre/)

June 4, 2025 

[ Listen Now » ](https://libertarianchristians.com/episode/faith-ventures-living-a-life-of-significance-with-mark-whitacre/)

[ ](https://libertarianchristians.com/episode/ep-33-speaking-truth-staying-courageous-with-dean-zarras/)

##  [ Ep 33: Speaking Truth & Staying Courageous, with Dean Zarras ](https://libertarianchristians.com/episode/ep-33-speaking-truth-staying-courageous-with-dean-zarras/)

December 5, 2024 

[ Listen Now » ](https://libertarianchristians.com/episode/ep-33-speaking-truth-staying-courageous-with-dean-zarras/)

[ ](https://libertarianchristians.com/episode/ep-32-godly-management-with-ryan-patierno/)

##  [ Ep. 32: Godly Management, with Ryan Patierno ](https://libertarianchristians.com/episode/ep-32-godly-management-with-ryan-patierno/)

November 7, 2024 

[ Listen Now » ](https://libertarianchristians.com/episode/ep-32-godly-management-with-ryan-patierno/)

[ ](https://libertarianchristians.com/episode/ep-31-technology-and-prayer-with-matthew-potter/)

##  [ Ep 31: Technology and Prayer, with Matthew Potter ](https://libertarianchristians.com/episode/ep-31-technology-and-prayer-with-matthew-potter/)

October 17, 2024 

[ Listen Now » ](https://libertarianchristians.com/episode/ep-31-technology-and-prayer-with-matthew-potter/)

[ ](https://libertarianchristians.com/episode/ep-30-seek-out-good-counsel-with-jake-wiskerchen/)

##  [ Ep 30: Seek Out Good Counsel, with Jake Wiskerchen ](https://libertarianchristians.com/episode/ep-30-seek-out-good-counsel-with-jake-wiskerchen/)

October 10, 2024 

[ Listen Now » ](https://libertarianchristians.com/episode/ep-30-seek-out-good-counsel-with-jake-wiskerchen/)

[ ](https://libertarianchristians.com/episode/ep-29-one-more-faithful-step-with-kyle-scott/)

##  [ Ep. 29: ""One More Faithful Step,"" with Kyle Scott ](https://libertarianchristians.com/episode/ep-29-one-more-faithful-step-with-kyle-scott/)

June 27, 2024 

[ Listen Now » ](https://libertarianchristians.com/episode/ep-29-one-more-faithful-step-with-kyle-scott/)

[ ](https://libertarianchristians.com/episode/faith-ventures-never-skip-any-steps-with-nathan-newton/)

##  [ Faith Ventures: ""Never Skip Any Steps"" with Nathan Newton ](https://libertarianchristians.com/episode/faith-ventures-never-skip-any-steps-with-nathan-newton/)

May 23, 2024 

[ Listen Now » ](https://libertarianchristians.com/episode/faith-ventures-never-skip-any-steps-with-nathan-newton/)

[ ](https://libertarianchristians.com/episode/ep-27-thinking-really-big-with-juan-acosta/)

##  [ Ep 27: Thinking Really Big, with Juan Acosta ](https://libertarianchristians.com/episode/ep-27-thinking-really-big-with-juan-acosta/)

May 6, 2024 

[ Listen Now » ](https://libertarianchristians.com/episode/ep-27-thinking-really-big-with-juan-acosta/)

[ ](https://libertarianchristians.com/episode/ep-26-pro-life-meets-fintech-with-arturo-del-rio/)

##  [ Ep 26: Pro-Life Meets Fintech, with Arturo del Rio ](https://libertarianchristians.com/episode/ep-26-pro-life-meets-fintech-with-arturo-del-rio/)

April 18, 2024 

[ Listen Now » ](https://libertarianchristians.com/episode/ep-26-pro-life-meets-fintech-with-arturo-del-rio/)

[ ](https://libertarianchristians.com/episode/episode-25-biblically-responsible-investing-with-robert-netzly/)

##  [ Episode 25: Biblically Responsible Investing, with Robert Netzly ](https://libertarianchristians.com/episode/episode-25-biblically-responsible-investing-with-robert-netzly/)

April 4, 2024 

[ Listen Now » ](https://libertarianchristians.com/episode/episode-25-biblically-responsible-investing-with-robert-netzly/)

[ ](https://libertarianchristians.com/episode/episode-24-the-art-of-christian-ghostwriting-with-jeff-miller/)

##  [ Episode 24: The Art of Christian Ghostwriting with Jeff Miller ](https://libertarianchristians.com/episode/episode-24-the-art-of-christian-ghostwriting-with-jeff-miller/)

March 21, 2024 

[ Listen Now » ](https://libertarianchristians.com/episode/episode-24-the-art-of-christian-ghostwriting-with-jeff-miller/)

[ ](https://libertarianchristians.com/episode/faith-ventures-ep-23-life-in-christian-media-with-james-burkhardt/)

##  [ Ep 23: Life in Christian Media, with James Burkhardt ](https://libertarianchristians.com/episode/faith-ventures-ep-23-life-in-christian-media-with-james-burkhardt/)

February 23, 2024 

[ Listen Now » ](https://libertarianchristians.com/episode/faith-ventures-ep-23-life-in-christian-media-with-james-burkhardt/)

[ ](https://libertarianchristians.com/episode/ep-22-engineering-workplace-ethics-liberty-with-pat-dixon/)

##  [ Ep 22: Engineering, Workplace Ethics, & Liberty, with Pat Dixon ](https://libertarianchristians.com/episode/ep-22-engineering-workplace-ethics-liberty-with-pat-dixon/)

February 1, 2024 

[ Listen Now » ](https://libertarianchristians.com/episode/ep-22-engineering-workplace-ethics-liberty-with-pat-dixon/)

[ ](https://libertarianchristians.com/episode/faith-ventures-ep-21-unleashing-your-leadership-potential-with-guy-rodgers/)

##  [ Ep 21: Unleashing Your Leadership Potential, with Guy Rodgers ](https://libertarianchristians.com/episode/faith-ventures-ep-21-unleashing-your-leadership-potential-with-guy-rodgers/)

January 18, 2024 

[ Listen Now » ](https://libertarianchristians.com/episode/faith-ventures-ep-21-unleashing-your-leadership-potential-with-guy-rodgers/)

[ ](https://libertarianchristians.com/episode/faith-ventures-ep-20-leadership-is-helping-others-find-their-way-with-john-savage/)

##  [ Ep 20: ""Leadership is helping others find their way,"" with John Savage ](https://libertarianchristians.com/episode/faith-ventures-ep-20-leadership-is-helping-others-find-their-way-with-john-savage/)

January 4, 2024 

[ Listen Now » ](https://libertarianchristians.com/episode/faith-ventures-ep-20-leadership-is-helping-others-find-their-way-with-john-savage/)

[ ](https://libertarianchristians.com/episode/faith-ventures-ep-19-from-stage-to-screen-matt-neffs-journey-into-biblical-storytelling/)

##  [ Ep 19: From Stage to Screen: Matt Neff's Journey into Biblical Storytelling ](https://libertarianchristians.com/episode/faith-ventures-ep-19-from-stage-to-screen-matt-neffs-journey-into-biblical-storytelling/)

December 21, 2023 

[ Listen Now » ](https://libertarianchristians.com/episode/faith-ventures-ep-19-from-stage-to-screen-matt-neffs-journey-into-biblical-storytelling/)

[ ](https://libertarianchristians.com/episode/ep-18-thriving-in-business-embracing-gods-timing-and-emotional-toughness-with-mark-odland/)

##  [ Ep 18: Thriving in Business, Embracing God's Timing, and Emotional Toughness, with Mark Odland ](https://libertarianchristians.com/episode/ep-18-thriving-in-business-embracing-gods-timing-and-emotional-toughness-with-mark-odland/)

December 14, 2023 

[ Listen Now » ](https://libertarianchristians.com/episode/ep-18-thriving-in-business-embracing-gods-timing-and-emotional-toughness-with-mark-odland/)

[ ](https://libertarianchristians.com/episode/faith-ventures-ep-17-building-wholesome-entertainment-for-kids-with-brent-dusing/)

##  [ Ep 17: Building Wholesome Entertainment for Kids, with Brent Dusing ](https://libertarianchristians.com/episode/faith-ventures-ep-17-building-wholesome-entertainment-for-kids-with-brent-dusing/)

December 8, 2023 

[ Listen Now » ](https://libertarianchristians.com/episode/faith-ventures-ep-17-building-wholesome-entertainment-for-kids-with-brent-dusing/)

[ ](https://libertarianchristians.com/episode/faith-ventures-ep-16-maximizing-resources-for-the-glory-of-god-with-brandon-harvath/)

##  [ Ep 16: Maximizing Resources for the Glory of God, with Brandon Harvath ](https://libertarianchristians.com/episode/faith-ventures-ep-16-maximizing-resources-for-the-glory-of-god-with-brandon-harvath/)

November 30, 2023 

[ Listen Now » ](https://libertarianchristians.com/episode/faith-ventures-ep-16-maximizing-resources-for-the-glory-of-god-with-brandon-harvath/)

[ ](https://libertarianchristians.com/episode/faith-ventures-ep-15-augmented-reality-and-gospel-mission-with-jennifer-richey/)

##  [ Ep 15: Augmented Reality and Gospel Mission with Jennifer Richey ](https://libertarianchristians.com/episode/faith-ventures-ep-15-augmented-reality-and-gospel-mission-with-jennifer-richey/)

November 21, 2023 

[ Listen Now » ](https://libertarianchristians.com/episode/faith-ventures-ep-15-augmented-reality-and-gospel-mission-with-jennifer-richey/)

[ ](https://libertarianchristians.com/episode/faith-ventures-ep-14-none-of-it-is-wasted-with-luke-richey/)

##  [ Ep 14: None of it is Wasted, with Luke Richey ](https://libertarianchristians.com/episode/faith-ventures-ep-14-none-of-it-is-wasted-with-luke-richey/)

November 16, 2023 

[ Listen Now » ](https://libertarianchristians.com/episode/faith-ventures-ep-14-none-of-it-is-wasted-with-luke-richey/)

[ ](https://libertarianchristians.com/episode/faith-ventures-ep-13-the-courage-of-entrepreneurship-with-randy-lovejoy/)

##  [ Ep 13: The Courage of Entrepreneurship, with Randy Lovejoy ](https://libertarianchristians.com/episode/faith-ventures-ep-13-the-courage-of-entrepreneurship-with-randy-lovejoy/)

November 9, 2023 

[ Listen Now » ](https://libertarianchristians.com/episode/faith-ventures-ep-13-the-courage-of-entrepreneurship-with-randy-lovejoy/)

[ ](https://libertarianchristians.com/episode/faith-ventures-ep-12-purpose-and-meaning-in-entrepreneurship-with-aaron-ginn/)

##  [ Ep 12: Purpose and Meaning in Entrepreneurship, with Aaron Ginn ](https://libertarianchristians.com/episode/faith-ventures-ep-12-purpose-and-meaning-in-entrepreneurship-with-aaron-ginn/)

November 2, 2023 

[ Listen Now » ](https://libertarianchristians.com/episode/faith-ventures-ep-12-purpose-and-meaning-in-entrepreneurship-with-aaron-ginn/)

[ ](https://libertarianchristians.com/episode/faith-ventures-ep-11-living-generously-with-philip-alford/)

##  [ Ep 11: Living Generously, with Philip Alford ](https://libertarianchristians.com/episode/faith-ventures-ep-11-living-generously-with-philip-alford/)

October 26, 2023 

[ Listen Now » ](https://libertarianchristians.com/episode/faith-ventures-ep-11-living-generously-with-philip-alford/)

[ ](https://libertarianchristians.com/episode/faith-ventures-ep-10-putting-customers-first-with-david-ramirez/)

##  [ Ep 10: Putting Customers First, with David Ramirez ](https://libertarianchristians.com/episode/faith-ventures-ep-10-putting-customers-first-with-david-ramirez/)

October 23, 2023 

[ Listen Now » ](https://libertarianchristians.com/episode/faith-ventures-ep-10-putting-customers-first-with-david-ramirez/)

[ ](https://libertarianchristians.com/episode/faith-ventures-ep-9-if-not-me-then-who-with-erik-radle/)

##  [ Ep 9: If Not Me, Then Who? with Erik Radle ](https://libertarianchristians.com/episode/faith-ventures-ep-9-if-not-me-then-who-with-erik-radle/)

October 19, 2023 

[ Listen Now » ](https://libertarianchristians.com/episode/faith-ventures-ep-9-if-not-me-then-who-with-erik-radle/)

[ ](https://libertarianchristians.com/episode/faith-ventures-ep-8-its-okay-to-fail-with-evan-frazier/)

##  [ Ep 8: It's Okay to Fail, with Evan Frazier ](https://libertarianchristians.com/episode/faith-ventures-ep-8-its-okay-to-fail-with-evan-frazier/)

October 16, 2023 

[ Listen Now » ](https://libertarianchristians.com/episode/faith-ventures-ep-8-its-okay-to-fail-with-evan-frazier/)

[ ](https://libertarianchristians.com/episode/faith-ventures-ep-7-training-the-body-and-mind-with-daniel-miller/)

##  [ Ep 7: Training the Body and Mind, with Daniel Miller ](https://libertarianchristians.com/episode/faith-ventures-ep-7-training-the-body-and-mind-with-daniel-miller/)

October 12, 2023 

[ Listen Now » ](https://libertarianchristians.com/episode/faith-ventures-ep-7-training-the-body-and-mind-with-daniel-miller/)

[ ](https://libertarianchristians.com/episode/faith-ventures-ep-6-inwardly-sound-and-others-focused-with-benj-miller/)

##  [ Ep 6: Inwardly Sound and Others-Focused, with Benj Miller ](https://libertarianchristians.com/episode/faith-ventures-ep-6-inwardly-sound-and-others-focused-with-benj-miller/)

October 9, 2023 

[ Listen Now » ](https://libertarianchristians.com/episode/faith-ventures-ep-6-inwardly-sound-and-others-focused-with-benj-miller/)

[ ](https://libertarianchristians.com/episode/faith-ventures-ep-5-overcoming-change-and-fear-in-business-with-nick-lopez/)

##  [ Ep 5: Overcoming Change and Fear in Business, with Nick Lopez ](https://libertarianchristians.com/episode/faith-ventures-ep-5-overcoming-change-and-fear-in-business-with-nick-lopez/)

October 5, 2023 

[ Listen Now » ](https://libertarianchristians.com/episode/faith-ventures-ep-5-overcoming-change-and-fear-in-business-with-nick-lopez/)

[ ](https://libertarianchristians.com/episode/faith-ventures-ep-4-pursuing-spiritual-wealth-with-marcus-hall/)

##  [ Ep 4: Pursuing Spiritual Wealth with Marcus Hall ](https://libertarianchristians.com/episode/faith-ventures-ep-4-pursuing-spiritual-wealth-with-marcus-hall/)

October 2, 2023 

[ Listen Now » ](https://libertarianchristians.com/episode/faith-ventures-ep-4-pursuing-spiritual-wealth-with-marcus-hall/)

[ ](https://libertarianchristians.com/episode/faith-ventures-ep-3-leadership-and-values-great-and-small-with-nick-gausling/)

##  [ Ep 3: Leadership and Values, Great and Small, with Nick Gausling ](https://libertarianchristians.com/episode/faith-ventures-ep-3-leadership-and-values-great-and-small-with-nick-gausling/)

September 29, 2023 

[ Listen Now » ](https://libertarianchristians.com/episode/faith-ventures-ep-3-leadership-and-values-great-and-small-with-nick-gausling/)

[ ](https://libertarianchristians.com/episode/faith-ventures-ep-2-from-cbs-to-pastoring-and-back-again-with-karen-roane/)

##  [ Ep 2: From CBS to Pastoring (and Back Again), with Karen Roane ](https://libertarianchristians.com/episode/faith-ventures-ep-2-from-cbs-to-pastoring-and-back-again-with-karen-roane/)

September 29, 2023 

[ Listen Now » ](https://libertarianchristians.com/episode/faith-ventures-ep-2-from-cbs-to-pastoring-and-back-again-with-karen-roane/)

[ ](https://libertarianchristians.com/episode/faith-ventures-ep-1-stewardship-and-investment-with-jamison-davis/)

##  [ Ep 1: Stewardship and Investment, with Jamison Davis ](https://libertarianchristians.com/episode/faith-ventures-ep-1-stewardship-and-investment-with-jamison-davis/)

September 29, 2023 

[ Listen Now » ](https://libertarianchristians.com/episode/faith-ventures-ep-1-stewardship-and-investment-with-jamison-davis/)

### Browse more Christians for Liberty Network Shows

[ ](/shows/libertarian-christian-podcast/)

[ ](/shows/reformed-libertarians-podcast/)

[ ](/shows/greenroom/)

[ ](/shows/biblical-anarchy/)

[ ](/shows/protestant-libertarian-podcast/)

[ ](/shows/faithful-ventures/)

[ ](/shows/good-news-bad-news/)

[ ](/shows/faith-seeking-freedom-podcast/)

[ ](/shows/godarchy-podcast/)

The Christians for Liberty Network is a project of the Libertarian Christian Institute consisting of shows and hosts offering various perspectives on the intersection of Christianity and libertarianism. Views expressed by hosts and guests do not necessarily reflect the view of the organization, its staff, board members, donors, or any other affiliates (including other hosts or guests on the network). Guest appearances or interviews of any incumbents, officials, or candidates for any political, party, or government office should not be construed as endorsements. The Libertarian Christian Institute is a 501(c)(3) non-profit organization and does not endorse any political party or candidate for any political, government, or party office. For information about the Libertarian Christian Institute’s core values, please visit [this page](/mission/).",https://libertarianchristians.com/shows/faith-ventures/
33691,2023-09-04T18:47:49,Libertarian Christian Book Club,Doug Stuart,"# Libertarian Christian Book Clubs

Join members of the Libertarian Christian Institute staff as they read relevant books at the intersection of faith and politics. These books won't always be ""libertarian,"" but they promise to evoke thoughtful discussion to all who join! 

## Upcoming Book Clubs

It seems we can't find what you're looking for.

## Previous Book Clubs

It seems we can't find what you're looking for.

## What others have said about the book club

David MarinoTexas

I have found the book clubs to be of great value in expanding my ability to share the message of liberty with my fellow Christians and the message of Christ with my fellow Libertarians. The different perspectives, opinions and knowledge that is brought to the weekly meetings, are truly enlightening. 

John OdermattPennsylvania

I've participated in all three LCI book clubs reading The Prophetic Imagination by Walter Brueggemann, Jesus is Lord, Caesar is Not by various authors, and An Ethic for Christians & other Aliens in a Strange Land by William Stringfellow. These are three books that I very likely would not have read on my own and if I did, I would have struggled to keep myself accountable to finish each. While I liked and disliked parts of each book, the best part of the book club was the conversations during our weekly Zoom calls. It was extremely helpful to be able to bounce difficult sections or interesting critiques off of fellow book club attendees and to hear the same in return. Overall, I can confidently say that the books clubs have deepened by libertarian philosophy and strengthen my faith. 

JasonOhio

Over the past year and a half I have moved from circumspectly examining Libertarian ideas to embracing a great deal of Libertarian philosophy. Because my faith is more central to my life than my relationship with politics and the state I have spent a great deal of time reflecting and synthesizing how these new ideas intersect with my Christian worldview and the Biblical framework I have long utilized for living out my faith in the world. LCI Book Club has provided a critical venue for verbalizing and testing my understanding of Libertarian and Christian ideas. More importantly, it has provided access to the valuable insights of fellow travelers sharing their own unique wisdom along this non-traditional path. Thanks LCI for sponsoring this excellent and important opportunity! 

## LCI Book Club Frequently Asked Questions

Do I have to attend every meeting to participate? 

In order to ensure the best possible discussion for every meeting, we encourage every participant to make as many of the meetings as possible. 

However, you will not be denied access if you are unable to attend all meetings. 

Will the discussions be recorded? 

Yes. We have learned in previous months that recording the discussions did not impede the quality of the meeting, and allows those who were unable to attend to participate asynchronously. 

How will the reading assignments be divided? 

Each book is unique and does not match up equally based on chapter to the week we discuss. Reading assignments will be sent out to the group at least a week in advance of the first meeting. 

What does the participant fee cover? 

Your participant fee covers your access to the book club for the month you are participating in. You will be responsible for acquiring a copy of the reading material ahead of time. 

Your fee actually is considered by the IRS a tax-deductible donation to the Libertarian Christian Institute. 

Do you offer any discounts for joining multiple clubs? 

We do not currently have a mechanism for offering discounts, since the fees are considered tax-deductible donations to LCI.",https://libertarianchristians.com/bookclub/
33675,2023-09-04T11:08:15,Aplos Sign-up,Doug Stuart,"## Join our Mailing list!

Sign up and receive updates any day we publish a new article or podcast episode!

First Name 

Last Name 

Email 

Subscribe",https://libertarianchristians.com/aplos-sign-up/
32821,2023-06-27T20:50:52,Sign Up,Doug Stuart,"# Sign up for LCI's newsletter

Sign up and receive updates any day we publish a new article or podcast episode!

First Name 

Last Name 

Email 

Subscribe",https://libertarianchristians.com/sign-up/
32715,2023-06-19T21:41:00,Nationalism,Doug Stuart,"# Nationalism

### Patriotism Run Amok

Nationalism is becoming popular, even in Christian circles. We believe that Christians should reject nationalism. 

## Articles

[ ](https://libertarianchristians.com/2024/04/19/book-review-jesus-powers/ ""Book Review: Jesus and the Powers, by N.T. Wright & Michael F. Bird"")

[Book Reviews](https://libertarianchristians.com/category/books/)

###  [Book Review: Jesus and the Powers, by N.T. Wright & Michael F. Bird](https://libertarianchristians.com/2024/04/19/book-review-jesus-powers/)

[Cody Cook](https://libertarianchristians.com/author/codycook/ ""Posts by Cody Cook"") April 19, 2024  No Comments 

In Jesus and the Powers: Christian Political Witness in an Age of Totalitarian Terror and Dysfunctional Democracies, New Testament scholars ...

[ Read More  ](https://libertarianchristians.com/2024/04/19/book-review-jesus-powers/ ""Book Review: Jesus and the Powers, by N.T. Wright & Michael F. Bird"")

[ ](https://libertarianchristians.com/2024/02/26/christian-nationalists-think-god-wants-to-keep-ethnicities-separate-but-does-he/ ""Christian Nationalists Think God Wants to Keep Ethnicities Separate, But Does He?"")

[Christian Worldview](https://libertarianchristians.com/category/christian-worldview/)

###  [Christian Nationalists Think God Wants to Keep Ethnicities Separate, But Does He?](https://libertarianchristians.com/2024/02/26/christian-nationalists-think-god-wants-to-keep-ethnicities-separate-but-does-he/)

[Cody Cook](https://libertarianchristians.com/author/codycook/ ""Posts by Cody Cook"") February 26, 2024  No Comments 

The following is an excerpt from Cody Cook’s new book, Christian Nationalism: A Biblical Response. It addresses one of the ...

[ Read More  ](https://libertarianchristians.com/2024/02/26/christian-nationalists-think-god-wants-to-keep-ethnicities-separate-but-does-he/ ""Christian Nationalists Think God Wants to Keep Ethnicities Separate, But Does He?"")

[ ](https://libertarianchristians.com/2023/11/19/spreading-liberty-one-interview-at-a-time/ ""Spreading Liberty One Interview at a Time"")

[Appearances](https://libertarianchristians.com/category/appearances/)

###  [Spreading Liberty One Interview at a Time](https://libertarianchristians.com/2023/11/19/spreading-liberty-one-interview-at-a-time/)

[Doug Stuart](https://libertarianchristians.com/author/dougstuart/ ""Posts by Doug Stuart"") November 19, 2023  No Comments 

When we're not busy recording our own shows and interviewing amazing guests, sometimes we are asked to join another podcast ...

[ Read More  ](https://libertarianchristians.com/2023/11/19/spreading-liberty-one-interview-at-a-time/ ""Spreading Liberty One Interview at a Time"")

[ ](https://libertarianchristians.com/2023/10/09/progressive-christian-nationalism-left-right-authoritarian/ ""Progressive Christian Nationalism: The Contemporary Christian Left and Right Are Both Authoritarian"")

[Christian Worldview](https://libertarianchristians.com/category/christian-worldview/)

###  [Progressive Christian Nationalism: The Contemporary Christian Left and Right Are Both Authoritarian](https://libertarianchristians.com/2023/10/09/progressive-christian-nationalism-left-right-authoritarian/)

[Alex Bernardo](https://libertarianchristians.com/author/alexbernardo/ ""Posts by Alex Bernardo"") October 9, 2023  No Comments 

Progressive Christians are critical of Christian nationalism, often attributing the label to anyone who happens to be an evangelical and ...

[ Read More  ](https://libertarianchristians.com/2023/10/09/progressive-christian-nationalism-left-right-authoritarian/ ""Progressive Christian Nationalism: The Contemporary Christian Left and Right Are Both Authoritarian"")

[ ](https://libertarianchristians.com/2023/08/04/resurging-nationalism-a-threat-to-human-flourishing/ ""Resurging Nationalism: A Threat to Human Flourishing?"")

[Events](https://libertarianchristians.com/category/events/)

###  [Resurging Nationalism: A Threat to Human Flourishing?](https://libertarianchristians.com/2023/08/04/resurging-nationalism-a-threat-to-human-flourishing/)

[LCI Staff](https://libertarianchristians.com/author/lci-staff/ ""Posts by LCI Staff"") August 4, 2023  No Comments 

This session was recorded at FreedomFest in Memphis, TN, on July 15, 2023 and was sponsored by the Libertarian Christian ...

[ Read More  ](https://libertarianchristians.com/2023/08/04/resurging-nationalism-a-threat-to-human-flourishing/ ""Resurging Nationalism: A Threat to Human Flourishing?"")

[ ](https://libertarianchristians.com/2023/07/26/recap-of-lcis-trip-to-freedomfest-2023/ ""Recap of LCI’s Trip to FreedomFest 2023"")

[Events](https://libertarianchristians.com/category/events/)

###  [Recap of LCI's Trip to FreedomFest 2023](https://libertarianchristians.com/2023/07/26/recap-of-lcis-trip-to-freedomfest-2023/)

[Doug Stuart](https://libertarianchristians.com/author/dougstuart/ ""Posts by Doug Stuart"") July 26, 2023  No Comments 

We're back from our second year at FreedomFest, this time in Memphis, TN, an appropriate location for an event headlined ...

[ Read More  ](https://libertarianchristians.com/2023/07/26/recap-of-lcis-trip-to-freedomfest-2023/ ""Recap of LCI’s Trip to FreedomFest 2023"")

[ ](https://libertarianchristians.com/2023/06/13/the-case-for-christian-nationalism-a-review-and-rebuttal/ ""The Case For Christian Nationalism: A Review and Rebuttal"")

[Book Reviews](https://libertarianchristians.com/category/books/)

###  [The Case For Christian Nationalism: A Review and Rebuttal ](https://libertarianchristians.com/2023/06/13/the-case-for-christian-nationalism-a-review-and-rebuttal/)

[Alex Bernardo](https://libertarianchristians.com/author/alexbernardo/ ""Posts by Alex Bernardo"") June 13, 2023  No Comments 

The Case For Christian Nationalism: A Review and Rebuttal “Then the seventh angel sounded; and there were loud voices in ...

[ Read More  ](https://libertarianchristians.com/2023/06/13/the-case-for-christian-nationalism-a-review-and-rebuttal/ ""The Case For Christian Nationalism: A Review and Rebuttal"")

[ ](https://libertarianchristians.com/2023/04/01/mustard-seed-revolution/ ""The Astonishing Power of a Faithful Mustard Seed Revolution"")

[Libertarianism](https://libertarianchristians.com/category/libertarianism/)

###  [The Astonishing Power of a Faithful Mustard Seed Revolution](https://libertarianchristians.com/2023/04/01/mustard-seed-revolution/)

[Cody Cook](https://libertarianchristians.com/author/codycook/ ""Posts by Cody Cook"") April 1, 2023  No Comments 

Tucked away in one of Jesus’ short, unassuming parables is a hidden subversive message that pronounces coming judgment upon mankind’s ...

[ Read More  ](https://libertarianchristians.com/2023/04/01/mustard-seed-revolution/ ""The Astonishing Power of a Faithful Mustard Seed Revolution"")

[ ](https://libertarianchristians.com/2022/03/19/good-news-bad-news-mar-17-2022/ ""Good News, Bad News March 17, 2022: Biden Blames Putin, Christian Nationalists are Confused"")

[Media](https://libertarianchristians.com/category/media/)

###  [Good News, Bad News March 17, 2022: Biden Blames Putin, Christian Nationalists are Confused](https://libertarianchristians.com/2022/03/19/good-news-bad-news-mar-17-2022/)

[LCI Staff](https://libertarianchristians.com/author/lci-staff/ ""Posts by LCI Staff"") March 19, 2022  No Comments 

The Libertarian Christian Roundtable discusses the absurdities of the Biden Administration's blaming Vladimir Putin for rising gas prices, why Nancy ...

[ Read More  ](https://libertarianchristians.com/2022/03/19/good-news-bad-news-mar-17-2022/ ""Good News, Bad News March 17, 2022: Biden Blames Putin, Christian Nationalists are Confused"")

1 [2](https://libertarianchristians.com/wp-json/wp/v2/pages/page/2/?per_page=100&page=1&_embed=True) [3](https://libertarianchristians.com/wp-json/wp/v2/pages/page/3/?per_page=100&page=1&_embed=True) [4](https://libertarianchristians.com/wp-json/wp/v2/pages/page/4/?per_page=100&page=1&_embed=True) [5](https://libertarianchristians.com/wp-json/wp/v2/pages/page/5/?per_page=100&page=1&_embed=True) [Next »](https://libertarianchristians.com/wp-json/wp/v2/pages/page/2/?per_page=100&page=1&_embed=True)

## Podcast Episodes

[ ](https://libertarianchristians.com/episode/ep-211-progressive-christians-are-left-wing-christian-nationalists/ ""Ep 211: Progressive Christians are Left-Wing Christian Nationalists"")

[Podcast](https://libertarianchristians.com/category/podcast/)

###  [Ep 211: Progressive Christians are Left-Wing Christian Nationalists](https://libertarianchristians.com/episode/ep-211-progressive-christians-are-left-wing-christian-nationalists/)

[Alex Bernardo](https://libertarianchristians.com/author/alexbernardo/ ""Posts by Alex Bernardo"") July 22, 2025  No Comments 

Kevin Burr and I discuss my article at LCI entitled ‘Progressive Christian Nationalism’ in which I explain how Christian nationalism ...

[ Listen Now  ](https://libertarianchristians.com/episode/ep-211-progressive-christians-are-left-wing-christian-nationalists/ ""Ep 211: Progressive Christians are Left-Wing Christian Nationalists"")

[ ](https://libertarianchristians.com/episode/ep-97-why-this-powerful-debate-with-andrew-wilson-exposed-christian-nationalism/ ""Ep. 97 – Why This Powerful Debate With Andrew Wilson Exposed Christian Nationalism"")

[Podcast](https://libertarianchristians.com/category/podcast/)

###  [Ep. 97 - Why This Powerful Debate With Andrew Wilson Exposed Christian Nationalism](https://libertarianchristians.com/episode/ep-97-why-this-powerful-debate-with-andrew-wilson-exposed-christian-nationalism/)

[Jacob Winograd](https://libertarianchristians.com/author/jacobwinograd/ ""Posts by Jacob Winograd"") May 21, 2025  No Comments 

Why This Powerful Debate With Andrew Wilson Exposed Christian Nationalism One year after stepping into the Crucible debate stage with ...

[ Listen Now  ](https://libertarianchristians.com/episode/ep-97-why-this-powerful-debate-with-andrew-wilson-exposed-christian-nationalism/ ""Ep. 97 – Why This Powerful Debate With Andrew Wilson Exposed Christian Nationalism"")

[ ](https://libertarianchristians.com/episode/is-christian-nationalism-dead-an-exploration-of-biblical-justice-with-eschatology-matters/ ""Is Christian Nationalism Dead? An Exploration of Biblical Justice with Eschatology Matters"")

[Podcast](https://libertarianchristians.com/category/podcast/)

###  [Is Christian Nationalism Dead? An Exploration of Biblical Justice with Eschatology Matters](https://libertarianchristians.com/episode/is-christian-nationalism-dead-an-exploration-of-biblical-justice-with-eschatology-matters/)

[Jacob Winograd](https://libertarianchristians.com/author/jacobwinograd/ ""Posts by Jacob Winograd"") March 12, 2025  No Comments 

Is Christian Nationalism Dead? An Exploration of Biblical Justice with Eschatology Matters In this bonus episode, Jacob shares his recent ...

[ Listen Now  ](https://libertarianchristians.com/episode/is-christian-nationalism-dead-an-exploration-of-biblical-justice-with-eschatology-matters/ ""Is Christian Nationalism Dead? An Exploration of Biblical Justice with Eschatology Matters"")

[ ](https://libertarianchristians.com/episode/ep-87-can-anarchy-promote-morality-a-biblical-perspective/ ""Ep. 87: Can Anarchy Promote Morality? A Biblical Perspective"")

[Podcast](https://libertarianchristians.com/category/podcast/)

###  [Ep. 87: Can Anarchy Promote Morality? A Biblical Perspective](https://libertarianchristians.com/episode/ep-87-can-anarchy-promote-morality-a-biblical-perspective/)

[Jacob Winograd](https://libertarianchristians.com/author/jacobwinograd/ ""Posts by Jacob Winograd"") January 29, 2025  No Comments 

Can Anarchy Promote Morality? A Biblical Perspective In this episode, host Jacob Winograd tackles a frequent critique of anarchism and ...

[ Listen Now  ](https://libertarianchristians.com/episode/ep-87-can-anarchy-promote-morality-a-biblical-perspective/ ""Ep. 87: Can Anarchy Promote Morality? A Biblical Perspective"")

[ ](https://libertarianchristians.com/episode/ep-86-responding-to-redeemed-zoomer-does-the-gospel-demand-christian-political-involvement/ ""Ep. 86: Responding to Redeemed Zoomer: Does the Gospel Demand Christian Political Involvement?"")

[Podcast](https://libertarianchristians.com/category/podcast/)

###  [Ep. 86: Responding to Redeemed Zoomer: Does the Gospel Demand Christian Political Involvement?](https://libertarianchristians.com/episode/ep-86-responding-to-redeemed-zoomer-does-the-gospel-demand-christian-political-involvement/)

[Jacob Winograd](https://libertarianchristians.com/author/jacobwinograd/ ""Posts by Jacob Winograd"") January 14, 2025  No Comments 

Responding to Redeemed Zoomer: Does the Gospel Demand Christian Political Involvement? In this episode of the Biblical Anarchy Podcast, host ...

[ Listen Now  ](https://libertarianchristians.com/episode/ep-86-responding-to-redeemed-zoomer-does-the-gospel-demand-christian-political-involvement/ ""Ep. 86: Responding to Redeemed Zoomer: Does the Gospel Demand Christian Political Involvement?"")

[ ](https://libertarianchristians.com/episode/ep-85-is-the-state-evil-incompetent-or-both-libertarian-christian-institute-2025-plans/ ""Ep. 85: Is the State Evil, Incompetent, or Both? Libertarian Christian Institute 2025 Plans"")

[Podcast](https://libertarianchristians.com/category/podcast/)

###  [Ep. 85: Is the State Evil, Incompetent, or Both? Libertarian Christian Institute 2025 Plans](https://libertarianchristians.com/episode/ep-85-is-the-state-evil-incompetent-or-both-libertarian-christian-institute-2025-plans/)

[Jacob Winograd](https://libertarianchristians.com/author/jacobwinograd/ ""Posts by Jacob Winograd"") January 7, 2025  No Comments 

Is the State Evil, Incompetent, or Both? Libertarian Christian Institute 2025 Plans In this episode of the Biblical Anarchy Podcast, ...

[ Listen Now  ](https://libertarianchristians.com/episode/ep-85-is-the-state-evil-incompetent-or-both-libertarian-christian-institute-2025-plans/ ""Ep. 85: Is the State Evil, Incompetent, or Both? Libertarian Christian Institute 2025 Plans"")

[ ](https://libertarianchristians.com/episode/ep-84-unequally-yoked-pursuing-coalition-and-christian-values-in-politics/ ""Ep. 84: Unequally Yoked? Pursuing Coalition and Christian Values in Politics"")

[Podcast](https://libertarianchristians.com/category/podcast/)

###  [Ep. 84: Unequally Yoked? Pursuing Coalition and Christian Values in Politics](https://libertarianchristians.com/episode/ep-84-unequally-yoked-pursuing-coalition-and-christian-values-in-politics/)

[Jacob Winograd](https://libertarianchristians.com/author/jacobwinograd/ ""Posts by Jacob Winograd"") December 17, 2024  No Comments 

Unequally Yoked? Pursuing Coalition and Christian Values in Politics In this episode of The Biblical Anarchy Podcast, Jacob Winograd explores ...

[ Listen Now  ](https://libertarianchristians.com/episode/ep-84-unequally-yoked-pursuing-coalition-and-christian-values-in-politics/ ""Ep. 84: Unequally Yoked? Pursuing Coalition and Christian Values in Politics"")

[ ](https://libertarianchristians.com/episode/ep-73-talking-to-stephen-wolfe-does-1-samuel-8-undermine-christian-nationalism/ ""Ep. 73: Talking to Stephen Wolfe: Does 1 Samuel 8 Undermine Christian Nationalism?"")

[Podcast](https://libertarianchristians.com/category/podcast/)

###  [Ep. 73: Talking to Stephen Wolfe: Does 1 Samuel 8 Undermine Christian Nationalism?](https://libertarianchristians.com/episode/ep-73-talking-to-stephen-wolfe-does-1-samuel-8-undermine-christian-nationalism/)

[Jacob Winograd](https://libertarianchristians.com/author/jacobwinograd/ ""Posts by Jacob Winograd"") August 29, 2024  No Comments 

Talking to Stephen Wolfe: Does 1 Samuel 8 Undermine Christian Nationalism? Jacob engages in a thoughtful and deep conversation with ...

[ Listen Now  ](https://libertarianchristians.com/episode/ep-73-talking-to-stephen-wolfe-does-1-samuel-8-undermine-christian-nationalism/ ""Ep. 73: Talking to Stephen Wolfe: Does 1 Samuel 8 Undermine Christian Nationalism?"")

[ ](https://libertarianchristians.com/episode/ep-71-how-does-eschatology-especially-influence-christian-political-theory/ ""Ep. 71: How Does Eschatology Especially Influence Christian Political Theory?"")

[Podcast](https://libertarianchristians.com/category/podcast/)

###  [Ep. 71: How Does Eschatology Especially Influence Christian Political Theory?](https://libertarianchristians.com/episode/ep-71-how-does-eschatology-especially-influence-christian-political-theory/)

[Jacob Winograd](https://libertarianchristians.com/author/jacobwinograd/ ""Posts by Jacob Winograd"") August 14, 2024  No Comments 

How Does Eschatology Especially Influence Christian Political Theory? In this episode of the Biblical Anarchy Podcast, host Jacob delves into ...

[ Listen Now  ](https://libertarianchristians.com/episode/ep-71-how-does-eschatology-especially-influence-christian-political-theory/ ""Ep. 71: How Does Eschatology Especially Influence Christian Political Theory?"")

1 [2](https://libertarianchristians.com/wp-json/wp/v2/pages/page/2/?per_page=100&page=1&_embed=True) [3](https://libertarianchristians.com/wp-json/wp/v2/pages/page/3/?per_page=100&page=1&_embed=True) [4](https://libertarianchristians.com/wp-json/wp/v2/pages/page/4/?per_page=100&page=1&_embed=True) [Next »](https://libertarianchristians.com/wp-json/wp/v2/pages/page/2/?per_page=100&page=1&_embed=True)",https://libertarianchristians.com/topics/nationalism/
32576,2023-06-16T17:32:01,Welcome New Subscribers,Kerry Baldwin,"Housekeeping

## Glad You Joined!

  * FIRST! Go to Your Email Inbox to Confirm

To make sure you really wanted to sign up, we sent a confirmation email to your inbox. Go check it, click confirm, then come back here.

  * Save our email to your contacts

This helps prevent my emails from going to your junk folder. contact@libertarianchristians.com

  * Please Rate & Review Our Shows

If you enjoy our Christians For Liberty Network shows, please let others know. It helps them find our podcasts through search.

Popular apps to rate on are **[Apple](https://podcasts.apple.com/us/podcast/the-libertarian-christian-podcast/id1207358020)** , **[Spotify](https://open.spotify.com/show/2LbALJXYGC9PHOgHQfUbVv?si=0a8845f9d8b24f05)** , and **[Amazon](https://www.amazon.com/The-Libertarian-Christian-Podcast/dp/B08JJTG7YT)**

  * Join the Facebook Group

**[Facebook Group](https://www.facebook.com/groups/christianlibertarians)**

## What Content Would You Like Delivered?

* indicates required

Email Address *Where you already receive LCI email

First Name 

Last Name 

**Send me updates from these podcasts**

  * Libertarian Christian Podcast
  * Reformed Libertarians Podcast
  * Biblical Anarchy Podcast
  * Protestant Libertarian Podcast
  * Faith Seeking Freedom Podcast

## Free Ebooks Available

[](https://libertarianchristians.com/free-ebooks/)

### [Strangers with Candy](https://libertarianchristians.com/free-ebooks/)

[](https://libertarianchristians.com/free-ebooks/)

### [Jesus Wasn't a Libertarian](https://libertarianchristians.com/free-ebooks/)

[](https://libertarianchristians.com/free-ebooks/)

### [Make Immigration Great Again](https://libertarianchristians.com/free-ebooks/)

[](https://libertarianchristians.com/free-ebooks/)

### [Is the Bible Pro-Coercion?](https://libertarianchristians.com/free-ebooks/)",https://libertarianchristians.com/welcome-new-subscribers/
31972,2023-04-10T11:36:23,Strangers With Candy,Doug Stuart,"# NOW Available!

## by Christian Economist Art Carden

[ Buy on Amazon ](https://www.amazon.com/dp/1733658459?ref_=pe_3052080_397514860)

[ Buy Direct from LCI ](https://libertarianchristians.com/store/strangers-with-candy/)

Jesus tells us to love the Lord our God and to love our neighbors as ourselves. Ironically, a lot of the things we do to help people actually harm them, and a lot of the things we do without much thought to their global ramifications actually feed, clothe, and shelter the world. Economics studies people’s choices and their unintended consequences, and Strangers with Candy collects dozens of articles in which an economist in early middle age explains and reflects on those unintended consequences. In its pages, we learn that there are no meaningful limits to economic progress, office workers around the world get paid in money and drugs, prohibitionists should eat more Grape-Nuts if they want people to drink less beer, and people who want to help the poor should be working to repeal minimum wages, not raise them.

Economics is everywhere, and its implications are subtle and beautiful. The world’s population has gotten much larger, richer, and healthier since the world started embracing freedom and free markets. There is no reason to think it won’t continue, and if we embrace the economic way of thinking we can understand when we should and shouldn’t worry. Should we worry about preserving the institutions of a free and prosperous society? Yes. Should we worry about “overpopulation”? No.

Readers will learn how Adam Smith’s “invisible hand” directs our concern for our own interest toward others’ interests, and they will see how economists don’t need to make any unrealistic assumptions about selfishness or virtue for their simple principles to have a lot of explanatory power. Economists know that there is a big gap between meaning to help people and actually helping people. More Christians need to learn this, and Strangers With Candy modestly (?) tries to teach them by exploring and testifying to the glory of God as it manifests itself in the social world as well as in the heavens.

Clear economic analysis, vivid examples, and sober biblical reflection inspire the essays that make up Strangers With Candy. The book offers a fresh perspective on what we can do to welcome the stranger, or at least help him. It also helps readers understand why we can trust him.",https://libertarianchristians.com/strangers-with-candy/
31761,2023-03-31T19:05:43,Event Signup Thank You,Doug Stuart,"## THank you! 

Show this to the LCI Staff and receive your free copy of Faith Seeking Freedom

If you're an ebook junkie, check out more libertarian Christian eBooks below!

[ Take me to more FREE eBooks ](/books/)",https://libertarianchristians.com/event-signup/event-signup-thank-you/
31726,2023-03-30T17:02:43,Event Signup,Doug Stuart,"### Opposing Empire since A.D. 33

Sign up for the Libertarian Christian Mailing List and **get your FREE copy** of Faith Seeking Freedom (while supplies last). 

Name

First Last

Email(Required)

Comments

This field is for validation purposes and should be left unchanged.

First Name 

Email 

Subscribe",https://libertarianchristians.com/event-signup/
31183,2023-03-08T09:48:40,Libertarians for Life,Doug Stuart,,https://libertarianchristians.com/libertarians-for-life/
31120,2023-03-01T20:42:03,Protestant Libertarian Podcast,Doug Stuart,"[ Podcast ](https://podcasts.apple.com/us/podcast/the-protestant-libertarian-podcast/id1620604220) [ Spotify ](https://open.spotify.com/show/1aGxjbHijJ8RXyokA8wNPS) [ Youtube ](https://www.youtube.com/channel/UCq0NnB7tV4PC0HHkzmolsIg)

The Protestant LIbertarian Podcast explores the intersection between protestant Biblical studies and libertarian philosophy. We will discuss the Bible, history, culture, economics, philosophy, and current events from both protestant and libertarian perspectives. 

Support This Podcast

[ ](https://libertarianchristians.com/episode/ep-212-why-anabaptists-arent-like-other-protestants-with-cody-cook/ ""Ep 212: Why Anabaptists Aren’t Like Other Protestants with Cody Cook"")

###  [Ep 212: Why Anabaptists Aren’t Like Other Protestants with Cody Cook](https://libertarianchristians.com/episode/ep-212-why-anabaptists-arent-like-other-protestants-with-cody-cook/)

[ ](https://libertarianchristians.com/episode/ep-211-progressive-christians-are-left-wing-christian-nationalists/ ""Ep 211: Progressive Christians are Left-Wing Christian Nationalists"")

###  [Ep 211: Progressive Christians are Left-Wing Christian Nationalists](https://libertarianchristians.com/episode/ep-211-progressive-christians-are-left-wing-christian-nationalists/)

[ ](https://libertarianchristians.com/episode/ep-210-revisiting-romans-13/ ""Ep 210: Revisiting Romans 13"")

###  [Ep 210: Revisiting Romans 13](https://libertarianchristians.com/episode/ep-210-revisiting-romans-13/)

[ ](https://libertarianchristians.com/episode/ep-209-an-introduction-to-christian-libertarianism-part-2/ ""Ep 209: An Introduction to Christian Libertarianism \(Part 2\)"")

###  [Ep 209: An Introduction to Christian Libertarianism (Part 2)](https://libertarianchristians.com/episode/ep-209-an-introduction-to-christian-libertarianism-part-2/)

[ ](https://libertarianchristians.com/episode/ep-208-an-introduction-to-christian-libertarianism-part-1/ ""Ep 208: An Introduction to Christian Libertarianism \(Part 1\)"")

###  [Ep 208: An Introduction to Christian Libertarianism (Part 1)](https://libertarianchristians.com/episode/ep-208-an-introduction-to-christian-libertarianism-part-1/)

[ ](https://libertarianchristians.com/episode/ep-207-religion-in-modern-america/ ""Ep 207: Religion in Modern America"")

###  [Ep 207: Religion in Modern America](https://libertarianchristians.com/episode/ep-207-religion-in-modern-america/)

[ ](https://libertarianchristians.com/episode/ep-206-imitation-in-early-christianity-with-cornelis-bennema/ ""Ep 206: Imitation in Early Christianity with Cornelis Bennema"")

###  [Ep 206: Imitation in Early Christianity with Cornelis Bennema](https://libertarianchristians.com/episode/ep-206-imitation-in-early-christianity-with-cornelis-bennema/)

[ ](https://libertarianchristians.com/episode/ep-205-faith-and-finances-with-kyle-scott/ ""Ep 205: Faith and Finances with Kyle Scott"")

###  [Ep 205: Faith and Finances with Kyle Scott](https://libertarianchristians.com/episode/ep-205-faith-and-finances-with-kyle-scott/)

[ ](https://libertarianchristians.com/episode/ep-204-the-political-witness-of-the-church-with-allan-bevere/ ""Ep 204: The Political Witness of the Church with Allan Bevere"")

###  [Ep 204: The Political Witness of the Church with Allan Bevere](https://libertarianchristians.com/episode/ep-204-the-political-witness-of-the-church-with-allan-bevere/)

[ ](https://libertarianchristians.com/episode/ep-203-the-second-temple-the-sanhedrin-and-1st-century-jewish-politics/ ""Ep 203: The Second Temple, the Sanhedrin, and 1st Century Jewish Politics"")

###  [Ep 203: The Second Temple, the Sanhedrin, and 1st Century Jewish Politics](https://libertarianchristians.com/episode/ep-203-the-second-temple-the-sanhedrin-and-1st-century-jewish-politics/)

[ ](https://libertarianchristians.com/episode/ep-202-paul-apostle-of-grace-with-frank-thielman/ ""Ep 202: Paul, Apostle of Grace with Frank Thielman"")

###  [Ep 202: Paul, Apostle of Grace with Frank Thielman](https://libertarianchristians.com/episode/ep-202-paul-apostle-of-grace-with-frank-thielman/)

[ ](https://libertarianchristians.com/episode/ep-201-interpreting-jesus-with-dale-allison/ ""Ep 201: Interpreting Jesus with Dale Allison"")

###  [Ep 201: Interpreting Jesus with Dale Allison](https://libertarianchristians.com/episode/ep-201-interpreting-jesus-with-dale-allison/)

[ ](https://libertarianchristians.com/episode/ep-199-the-fight-for-liberty-in-nigeria-with-econ-bro/ ""Ep 199: The Fight for Liberty in Nigeria with Econ Bro"")

###  [Ep 199: The Fight for Liberty in Nigeria with Econ Bro](https://libertarianchristians.com/episode/ep-199-the-fight-for-liberty-in-nigeria-with-econ-bro/)

[ ](https://libertarianchristians.com/episode/ep-198-socialism-trump-swedish-politics-and-military-propaganda-with-erik/ ""Ep 198: Socialism, Trump, Swedish Politics, and Military Propaganda with Erik"")

###  [Ep 198: Socialism, Trump, Swedish Politics, and Military Propaganda with Erik](https://libertarianchristians.com/episode/ep-198-socialism-trump-swedish-politics-and-military-propaganda-with-erik/)

[ ](https://libertarianchristians.com/episode/ep-197-what-we-believe-part-7-the-nations/ ""Ep 197: What We Believe Part 7 | The Nations"")

###  [Ep 197: What We Believe Part 7 | The Nations](https://libertarianchristians.com/episode/ep-197-what-we-believe-part-7-the-nations/)

[ ](https://libertarianchristians.com/episode/ep-196-rethinking-addiction-drug-policy-and-family-support-with-jane-clair-tyner/ ""Ep 196: Rethinking Addiction, Drug Policy, and Family Support with Jane Clair Tyner"")

###  [Ep 196: Rethinking Addiction, Drug Policy, and Family Support with Jane Clair Tyner](https://libertarianchristians.com/episode/ep-196-rethinking-addiction-drug-policy-and-family-support-with-jane-clair-tyner/)

[ ](https://libertarianchristians.com/episode/ep-195-why-public-schools-are-failing-with-the-legacy-right/ ""Ep 195: Why Public Schools are Failing with The Legacy Right"")

###  [Ep 195: Why Public Schools are Failing with The Legacy Right](https://libertarianchristians.com/episode/ep-195-why-public-schools-are-failing-with-the-legacy-right/)

[ ](https://libertarianchristians.com/episode/ep-194-what-we-believe-part-6-faith/ ""Ep 194: What We Believe Part 6 | Faith"")

###  [Ep 194: What We Believe Part 6 | Faith](https://libertarianchristians.com/episode/ep-194-what-we-believe-part-6-faith/)

[ ](https://libertarianchristians.com/episode/ep-193-the-problem-of-old-testament-violence-with-jordan-ballard/ ""Ep 193: The Problem of Old Testament Violence with Jordan Ballard"")

###  [Ep 193: The Problem of Old Testament Violence with Jordan Ballard](https://libertarianchristians.com/episode/ep-193-the-problem-of-old-testament-violence-with-jordan-ballard/)

[ ](https://libertarianchristians.com/episode/ep-192-1-corinthians-15-and-the-resurrection-of-jesus-with-james-ware/ ""Ep 192: 1 Corinthians 15 and the Resurrection of Jesus with James Ware"")

###  [Ep 192: 1 Corinthians 15 and the Resurrection of Jesus with James Ware](https://libertarianchristians.com/episode/ep-192-1-corinthians-15-and-the-resurrection-of-jesus-with-james-ware/)

[ ](https://libertarianchristians.com/episode/ep-191-what-we-believe-part-5-the-holy-spirit/ ""Ep 191: What We Believe Part 5 | The Holy Spirit"")

###  [Ep 191: What We Believe Part 5 | The Holy Spirit](https://libertarianchristians.com/episode/ep-191-what-we-believe-part-5-the-holy-spirit/)

[ ](https://libertarianchristians.com/episode/ep-190-politics-philosophy-religion-and-psychedelics-with-brent-m/ ""Ep 190: Politics, Philosophy, Religion, and Psychedelics with Brent M."")

###  [Ep 190: Politics, Philosophy, Religion, and Psychedelics with Brent M.](https://libertarianchristians.com/episode/ep-190-politics-philosophy-religion-and-psychedelics-with-brent-m/)

[ ](https://libertarianchristians.com/episode/ep-189-private-charity-is-better-than-government-welfare-with-gerard-casey/ ""Ep 189: Private Charity is Better than Government Welfare with Gerard Casey"")

###  [Ep 189: Private Charity is Better than Government Welfare with Gerard Casey](https://libertarianchristians.com/episode/ep-189-private-charity-is-better-than-government-welfare-with-gerard-casey/)

[ ](https://libertarianchristians.com/episode/ep-188-what-we-believe-part-4-resurrection/ ""Ep 188: What We Believe Part 4 | Resurrection"")

###  [Ep 188: What We Believe Part 4 | Resurrection](https://libertarianchristians.com/episode/ep-188-what-we-believe-part-4-resurrection/)

[ ](https://libertarianchristians.com/episode/ep-187-no-work-no-food-2-thessalonians-36-13/ ""Ep 187: No Work, No Food | 2 Thessalonians 3:6-13"")

###  [Ep 187: No Work, No Food | 2 Thessalonians 3:6-13](https://libertarianchristians.com/episode/ep-187-no-work-no-food-2-thessalonians-36-13/)

[ ](https://libertarianchristians.com/episode/ep-186-work-with-your-hands-1-thessalonians-49-12/ ""Ep 186: Work with Your Hands | 1 Thessalonians 4:9-12"")

###  [Ep 186: Work with Your Hands | 1 Thessalonians 4:9-12](https://libertarianchristians.com/episode/ep-186-work-with-your-hands-1-thessalonians-49-12/)

[ ](https://libertarianchristians.com/episode/ep-185-what-we-believe-part-3-son-of-david/ ""Ep 185: What We Believe Part 3 | Son of David"")

###  [Ep 185: What We Believe Part 3 | Son of David](https://libertarianchristians.com/episode/ep-185-what-we-believe-part-3-son-of-david/)

[ ](https://libertarianchristians.com/episode/ep-184-liberty-authority-and-the-political-spectrum/ ""Ep 184: Liberty, Authority, and the Political Spectrum"")

###  [Ep 184: Liberty, Authority, and the Political Spectrum](https://libertarianchristians.com/episode/ep-184-liberty-authority-and-the-political-spectrum/)

[ ](https://libertarianchristians.com/episode/ep-183-anabaptist-anarchy-with-cody-cook/ ""Ep 183: Anabaptist Anarchy with Cody Cook"")

###  [Ep 183: Anabaptist Anarchy with Cody Cook](https://libertarianchristians.com/episode/ep-183-anabaptist-anarchy-with-cody-cook/)

[ ](https://libertarianchristians.com/episode/ep-182-what-we-believe-part-2-according-to-scripture/ ""Ep 182: What We Believe Part 2 | “According to Scripture”"")

###  [Ep 182: What We Believe Part 2 | “According to Scripture”](https://libertarianchristians.com/episode/ep-182-what-we-believe-part-2-according-to-scripture/)

1 [2](https://libertarianchristians.com/wp-json/wp/v2/pages/page/2/?per_page=100&page=1&_embed=True) [3](https://libertarianchristians.com/wp-json/wp/v2/pages/page/3/?per_page=100&page=1&_embed=True) [4](https://libertarianchristians.com/wp-json/wp/v2/pages/page/4/?per_page=100&page=1&_embed=True) [5](https://libertarianchristians.com/wp-json/wp/v2/pages/page/5/?per_page=100&page=1&_embed=True) [Next »](https://libertarianchristians.com/wp-json/wp/v2/pages/page/2/?per_page=100&page=1&_embed=True)

### Browse more Christians for Liberty Network Shows

[ ](/shows/libertarian-christian-podcast/)

[ ](/shows/reformed-libertarians-podcast/)

[ ](/shows/greenroom/)

[ ](/shows/biblical-anarchy/)

[ ](/shows/protestant-libertarian-podcast/)

[ ](/shows/faithful-ventures/)

[ ](/shows/good-news-bad-news/)

[ ](/shows/faith-seeking-freedom-podcast/)

[ ](/shows/godarchy-podcast/)

The Christians for Liberty Network is a project of the Libertarian Christian Institute consisting of shows and hosts offering various perspectives on the intersection of Christianity and libertarianism. Views expressed by hosts and guests do not necessarily reflect the view of the organization, its staff, board members, donors, or any other affiliates (including other hosts or guests on the network). Guest appearances or interviews of any incumbents, officials, or candidates for any political, party, or government office should not be construed as endorsements. The Libertarian Christian Institute is a 501(c)(3) non-profit organization and does not endorse any political party or candidate for any political, government, or party office. For information about the Libertarian Christian Institute’s core values, please visit [this page](/mission/).",https://libertarianchristians.com/shows/protestant-libertarian-podcast/
29804,2022-11-09T09:51:10,Libertarian Christian Podcast,Doug Stuart,"[ Podcast ](https://podcasts.apple.com/us/podcast/the-libertarian-christian-podcast/id1207358020?itsct=podcast_box_badge&itscg=30200&ls=1) [ Spotify ](https://open.spotify.com/show/2LbALJXYGC9PHOgHQfUbVv?si=07109280b23646c0) [ Youtube ](https://www.youtube.com/playlist?list=PLcrgOPKyFx3Z92LTwNzxRSAvaTH4wZSlz)

Join us each week they explore, debate, and analyze the issues that are directly relevant to the intersection of Christianity and liberty. Always thoughtful, frequently controversial, and never boring (trust us), it is our hope and prayer that The Libertarian Christian Podcast serve as a valuable resource to the Church for years to come.

Special thanks to Matthew Bellis for being our Intro voice, and to [Podsworth Media](https://www.podsworth.com) for editing and mastering the audio. They volunteered their time and talent to help us create a professional-sounding podcast, and we are grateful for their support! It should be noted that their support for the podcast is not to be construed as their endorsement of the ideas and beliefs we talk about on the podcast.

Support this Podcast

### Meet the Hosts

[ ](https://libertarianchristians.com/lciteam/doug-stuart-bio/)

#### [ Doug Stuart  ](https://libertarianchristians.com/lciteam/doug-stuart-bio/)

Doug Stuart holds an MDiv from Missio Seminary and currently lives with his family in Lancaster, PA, where he operates website design and video production companies.

[ ](https://libertarianchristians.com/lciteam/cody-cook/)

#### [ Cody Cook  ](https://libertarianchristians.com/lciteam/cody-cook/)

Cody Cook is a theologian living near Cincinnati, OH, who is also bad at writing short bios about himself. 

[ ](https://libertarianchristians.com/episode/ep-416-the-future-of-the-libertarian-party-with-paul-darr/ ""Ep 416 – The Future of the Libertarian Party, with Paul Darr"")

###  [Ep 416 - The Future of the Libertarian Party, with Paul Darr](https://libertarianchristians.com/episode/ep-416-the-future-of-the-libertarian-party-with-paul-darr/)

[ ](https://libertarianchristians.com/episode/ep-415-can-libertarians-make-immigration-great-again-with-alex-nowrasteh/ ""Ep 415: Can Libertarians Make Immigration Great Again? with Alex Nowrasteh"")

###  [Ep 415: Can Libertarians Make Immigration Great Again? with Alex Nowrasteh](https://libertarianchristians.com/episode/ep-415-can-libertarians-make-immigration-great-again-with-alex-nowrasteh/)

[ ](https://libertarianchristians.com/episode/episode-414-from-1999-to-here-how-the-triumph-of-low-culture-created-our-political-moment-with-ross-benes/ ""Episode 414 – From 1999 to Here: How the Triumph of Low Culture Created Our Political Moment, with Ross Benes"")

###  [Episode 414 - From 1999 to Here: How the Triumph of Low Culture Created Our Political Moment, with Ross Benes](https://libertarianchristians.com/episode/episode-414-from-1999-to-here-how-the-triumph-of-low-culture-created-our-political-moment-with-ross-benes/)

[ ](https://libertarianchristians.com/episode/episode-413-mere-economics-with-caleb-s-fuller/ ""Episode 413 – Mere Economics, with Caleb S. Fuller"")

###  [Episode 413 - Mere Economics, with Caleb S. Fuller](https://libertarianchristians.com/episode/episode-413-mere-economics-with-caleb-s-fuller/)

[ ](https://libertarianchristians.com/episode/episode-412-beyond-open-vs-closed-borders/ ""Episode 412 – Beyond Open vs. Closed Borders"")

###  [Episode 412 - Beyond Open vs. Closed Borders](https://libertarianchristians.com/episode/episode-412-beyond-open-vs-closed-borders/)

[ ](https://libertarianchristians.com/episode/ep-411-prehistoric-anarchist-societies-with-dr-charles-stanish/ ""Ep 411 – Prehistoric Anarchist Societies? with Dr. Charles Stanish"")

###  [Ep 411 - Prehistoric Anarchist Societies? with Dr. Charles Stanish](https://libertarianchristians.com/episode/ep-411-prehistoric-anarchist-societies-with-dr-charles-stanish/)

[ ](https://libertarianchristians.com/episode/ep-410-trespassing-or-invited-soho-forum-debate-analysis/ ""Ep 410: Trespassing or Invited? Soho Forum Debate Analysis"")

###  [Ep 410: Trespassing or Invited? Soho Forum Debate Analysis](https://libertarianchristians.com/episode/ep-410-trespassing-or-invited-soho-forum-debate-analysis/)

[ ](https://libertarianchristians.com/episode/ep-409-make-racism-great-again-again-with-jacob-winograd-cody-cook/ ""Ep 409: Make Racism Great Again… Again? with Jacob Winograd & Cody Cook"")

###  [Ep 409: Make Racism Great Again… Again? with Jacob Winograd & Cody Cook](https://libertarianchristians.com/episode/ep-409-make-racism-great-again-again-with-jacob-winograd-cody-cook/)

[ ](https://libertarianchristians.com/episode/episode-408-rethinking-the-war-on-drugs-with-jane-clair-tyner/ ""Episode 408 – Rethinking the War on Drugs, with Jane Clair Tyner"")

###  [Episode 408 - Rethinking the War on Drugs, with Jane Clair Tyner](https://libertarianchristians.com/episode/episode-408-rethinking-the-war-on-drugs-with-jane-clair-tyner/)

[ ](https://libertarianchristians.com/episode/ep-407-the-pocket-anabaptist-with-cody-cook/ ""Ep 407: The Pocket Anabaptist, with Cody Cook"")

###  [Ep 407: The Pocket Anabaptist, with Cody Cook](https://libertarianchristians.com/episode/ep-407-the-pocket-anabaptist-with-cody-cook/)

[ ](https://libertarianchristians.com/episode/ep-406-seeing-through-political-narratives-with-george-yancey/ ""Ep 406: Seeing Through Political Narratives, with George Yancey"")

###  [Ep 406: Seeing Through Political Narratives, with George Yancey](https://libertarianchristians.com/episode/ep-406-seeing-through-political-narratives-with-george-yancey/)

[ ](https://libertarianchristians.com/episode/ep-405-what-if-jesus-were-president/ ""Ep 405: What if Jesus Were President?"")

###  [Ep 405: What if Jesus Were President?](https://libertarianchristians.com/episode/ep-405-what-if-jesus-were-president/)

[ ](https://libertarianchristians.com/episode/ep-404-libertarian-memes-and-mayhem-chris-freimans-guide-to-economics-on-x/ ""Ep 404: Libertarian Memes and Mayhem: Chris Freiman’s Guide to Economics on X"")

###  [Ep 404: Libertarian Memes and Mayhem: Chris Freiman's Guide to Economics on X](https://libertarianchristians.com/episode/ep-404-libertarian-memes-and-mayhem-chris-freimans-guide-to-economics-on-x/)

[ ](https://libertarianchristians.com/episode/episode-403-cultivating-wisdom-andrew-kern-on-classical-christian-education/ ""Episode 403 – Cultivating Wisdom: Andrew Kern on Classical Christian Education"")

###  [Episode 403 - Cultivating Wisdom: Andrew Kern on Classical Christian Education](https://libertarianchristians.com/episode/episode-403-cultivating-wisdom-andrew-kern-on-classical-christian-education/)

[ ](https://libertarianchristians.com/episode/episode-402-the-history-of-christian-anarchism-with-alexandre-christoyannopoulos/ ""Episode 402 – The History of Christian Anarchism, with Alexandre Christoyannopoulos"")

###  [Episode 402 - The History of Christian Anarchism, with Alexandre Christoyannopoulos](https://libertarianchristians.com/episode/episode-402-the-history-of-christian-anarchism-with-alexandre-christoyannopoulos/)

[ ](https://libertarianchristians.com/episode/episode-401-how-jesus-waged-peace-through-holy-week-with-jason-porterfield/ ""Episode 401 – How Jesus Waged Peace Through Holy Week, with Jason Porterfield"")

###  [Episode 401 - How Jesus Waged Peace Through Holy Week, with Jason Porterfield](https://libertarianchristians.com/episode/episode-401-how-jesus-waged-peace-through-holy-week-with-jason-porterfield/)

[ ](https://libertarianchristians.com/episode/episode-400-the-devolution-of-libertarianism-with-jim-babka/ ""Episode 400: The \(d\)Evolution of Libertarianism, with Jim Babka"")

###  [Episode 400: The (d)Evolution of Libertarianism, with Jim Babka](https://libertarianchristians.com/episode/episode-400-the-devolution-of-libertarianism-with-jim-babka/)

[ ](https://libertarianchristians.com/episode/episode-399-worship-technology-healing-the-church-after-covid/ ""Episode 399: Worship, Technology, & Healing the Church after COVID"")

###  [Episode 399: Worship, Technology, & Healing the Church after COVID](https://libertarianchristians.com/episode/episode-399-worship-technology-healing-the-church-after-covid/)

[ ](https://libertarianchristians.com/episode/episode-398-the-demonic-origins-of-nationalism-with-david-ritchie/ ""Episode 398 – The Demonic Origins of Nationalism, with David Ritchie"")

###  [Episode 398 - The Demonic Origins of Nationalism, with David Ritchie](https://libertarianchristians.com/episode/episode-398-the-demonic-origins-of-nationalism-with-david-ritchie/)

[ ](https://libertarianchristians.com/episode/episode-397-exploring-biblical-stewardship-and-justice-with-cal-beisner/ ""Episode 397: Exploring Biblical Stewardship and Justice, with Cal Beisner"")

###  [Episode 397: Exploring Biblical Stewardship and Justice, with Cal Beisner](https://libertarianchristians.com/episode/episode-397-exploring-biblical-stewardship-and-justice-with-cal-beisner/)

[ ](https://libertarianchristians.com/episode/episode-396-the-economic-condition-of-black-america-in-the-twentieth-century-with-germinal-g-van/ ""Episode 396: The Economic Condition of Black America in the Twentieth Century, with Germinal G. Van"")

###  [Episode 396: The Economic Condition of Black America in the Twentieth Century, with Germinal G. Van](https://libertarianchristians.com/episode/episode-396-the-economic-condition-of-black-america-in-the-twentieth-century-with-germinal-g-van/)

[ ](https://libertarianchristians.com/episode/episode-395-the-fight-for-the-14th-amendment-with-john-wrench/ ""Episode 395: The Fight for the 14th Amendment, with John Wrench"")

###  [Episode 395: The Fight for the 14th Amendment, with John Wrench](https://libertarianchristians.com/episode/episode-395-the-fight-for-the-14th-amendment-with-john-wrench/)

[ ](https://libertarianchristians.com/episode/episode-394-how-we-all-came-to-believe-in-freedom-kindness-progress-and-equality-with-glen-scrivener/ ""Episode 394: How We All Came to Believe in Freedom, Kindness, Progress, and Equality, with Glen Scrivener"")

###  [Episode 394: How We All Came to Believe in Freedom, Kindness, Progress, and Equality, with Glen Scrivener](https://libertarianchristians.com/episode/episode-394-how-we-all-came-to-believe-in-freedom-kindness-progress-and-equality-with-glen-scrivener/)

[ ](https://libertarianchristians.com/episode/episode-393-biblical-anarchy-now-redux-with-jacob-winograd/ ""Episode 393: Biblical Anarchy Now: REDUX, with Jacob Winograd"")

###  [Episode 393: Biblical Anarchy Now: REDUX, with Jacob Winograd](https://libertarianchristians.com/episode/episode-393-biblical-anarchy-now-redux-with-jacob-winograd/)

[ ](https://libertarianchristians.com/episode/episode-392-the-cias-search-for-mind-control-with-stephen-kinzer/ ""Episode 392: The CIA’s Search for Mind Control, with Stephen Kinzer"")

###  [Episode 392: The CIA's Search for Mind Control, with Stephen Kinzer](https://libertarianchristians.com/episode/episode-392-the-cias-search-for-mind-control-with-stephen-kinzer/)

[ ](https://libertarianchristians.com/episode/episode-391-alex-bernardo-discusses-historical-jesus-biblical-scholarship-and-libertarian-christianity/ ""Episode 391: Alex Bernardo Discusses Historical Jesus, Biblical Scholarship, and Libertarian Christianity"")

###  [Episode 391: Alex Bernardo Discusses Historical Jesus, Biblical Scholarship, and Libertarian Christianity](https://libertarianchristians.com/episode/episode-391-alex-bernardo-discusses-historical-jesus-biblical-scholarship-and-libertarian-christianity/)

[ ](https://libertarianchristians.com/episode/episode-390-reaching-black-americans-with-the-libertarian-message-with-ricky-dale-harrington-jr/ ""Episode 390: Reaching Black Americans with the Libertarian Message, with Ricky Dale Harrington Jr."")

###  [Episode 390: Reaching Black Americans with the Libertarian Message, with Ricky Dale Harrington Jr.](https://libertarianchristians.com/episode/episode-390-reaching-black-americans-with-the-libertarian-message-with-ricky-dale-harrington-jr/)

[ ](https://libertarianchristians.com/episode/episode-389-the-anarchist-anabaptist-with-cody-cook/ ""Episode 389: The Anarchist Anabaptist, with Cody Cook"")

###  [Episode 389: The Anarchist Anabaptist, with Cody Cook](https://libertarianchristians.com/episode/episode-389-the-anarchist-anabaptist-with-cody-cook/)

[ ](https://libertarianchristians.com/episode/ep-388-misreading-scripture-with-individualist-eyes-with-e-randolph-richards/ ""Ep 388: Misreading Scripture with Individualist Eyes, with E. Randolph Richards"")

###  [Ep 388: Misreading Scripture with Individualist Eyes, with E. Randolph Richards](https://libertarianchristians.com/episode/ep-388-misreading-scripture-with-individualist-eyes-with-e-randolph-richards/)

[ ](https://libertarianchristians.com/episode/episode-387-the-battle-for-bonhoeffer-with-stephen-haynes/ ""Episode 387: The Battle for Bonhoeffer, with Stephen Haynes"")

###  [Episode 387: The Battle for Bonhoeffer, with Stephen Haynes](https://libertarianchristians.com/episode/episode-387-the-battle-for-bonhoeffer-with-stephen-haynes/)

1 [2](https://libertarianchristians.com/wp-json/wp/v2/pages/page/2/?per_page=100&page=1&_embed=True) [3](https://libertarianchristians.com/wp-json/wp/v2/pages/page/3/?per_page=100&page=1&_embed=True) [4](https://libertarianchristians.com/wp-json/wp/v2/pages/page/4/?per_page=100&page=1&_embed=True) [5](https://libertarianchristians.com/wp-json/wp/v2/pages/page/5/?per_page=100&page=1&_embed=True) [6](https://libertarianchristians.com/wp-json/wp/v2/pages/page/6/?per_page=100&page=1&_embed=True) [7](https://libertarianchristians.com/wp-json/wp/v2/pages/page/7/?per_page=100&page=1&_embed=True) [8](https://libertarianchristians.com/wp-json/wp/v2/pages/page/8/?per_page=100&page=1&_embed=True) [9](https://libertarianchristians.com/wp-json/wp/v2/pages/page/9/?per_page=100&page=1&_embed=True) [10](https://libertarianchristians.com/wp-json/wp/v2/pages/page/10/?per_page=100&page=1&_embed=True) [11](https://libertarianchristians.com/wp-json/wp/v2/pages/page/11/?per_page=100&page=1&_embed=True) [12](https://libertarianchristians.com/wp-json/wp/v2/pages/page/12/?per_page=100&page=1&_embed=True) [13](https://libertarianchristians.com/wp-json/wp/v2/pages/page/13/?per_page=100&page=1&_embed=True) [14](https://libertarianchristians.com/wp-json/wp/v2/pages/page/14/?per_page=100&page=1&_embed=True) [Next »](https://libertarianchristians.com/wp-json/wp/v2/pages/page/2/?per_page=100&page=1&_embed=True)",https://libertarianchristians.com/shows/libertarian-christian-podcast/
29784,2022-11-09T09:44:25,Faith Seeking Freedom Podcast,Doug Stuart,"[ Podcast ](https://podcasts.apple.com/us/podcast/faith-seeking-freedom-podcast/id1610438573) [ Spotify ](https://open.spotify.com/show/4DJDxGzVaGDpjA9vxtAs4Y) [ Google-play ](https://podcasts.google.com/feed/aHR0cHM6Ly9mZWVkcy50cmFuc2lzdG9yLmZtL2ZhaXRoLXNlZWtpbmctZnJlZWRvbS1wb2RjYXN0)

Your questions about faith and liberty deserve thoughtful answers, and we're dedicated to giving you solid responses so you can live free and flourish. Subscribe, rate, and review this podcast so we can reach even more people with the message of liberty.

Support this Podcast

[ ](https://libertarianchristians.com/episode/how-do-i-influence-friends-who-work-in-government/)

##  [ How do I Influence Friends Who Work in Government? ](https://libertarianchristians.com/episode/how-do-i-influence-friends-who-work-in-government/)

November 22, 2024 

[ Listen Now » ](https://libertarianchristians.com/episode/how-do-i-influence-friends-who-work-in-government/)

[ ](https://libertarianchristians.com/episode/is-a-christian-approach-to-objectivism-possible/)

##  [ Is a Christian Approach to Objectivism Possible? ](https://libertarianchristians.com/episode/is-a-christian-approach-to-objectivism-possible/)

July 30, 2024 

[ Listen Now » ](https://libertarianchristians.com/episode/is-a-christian-approach-to-objectivism-possible/)

[ ](https://libertarianchristians.com/episode/can-a-libertarian-accept-government-benefits/)

##  [ Can a Libertarian Accept Government Benefits? ](https://libertarianchristians.com/episode/can-a-libertarian-accept-government-benefits/)

July 23, 2024 

[ Listen Now » ](https://libertarianchristians.com/episode/can-a-libertarian-accept-government-benefits/)

[ ](https://libertarianchristians.com/episode/is-the-phrase-taxation-is-theft-a-heresy/)

##  [ Is the Phrase ""Taxation is Theft"" a Heresy? ](https://libertarianchristians.com/episode/is-the-phrase-taxation-is-theft-a-heresy/)

July 16, 2024 

[ Listen Now » ](https://libertarianchristians.com/episode/is-the-phrase-taxation-is-theft-a-heresy/)

[ ](https://libertarianchristians.com/episode/should-christians-vote-and-hold-political-office-or-focus-only-on-spreading-the-gospel/)

##  [ Should Christians vote and hold political office or focus only on spreading the Gospel? ](https://libertarianchristians.com/episode/should-christians-vote-and-hold-political-office-or-focus-only-on-spreading-the-gospel/)

December 9, 2023 

[ Listen Now » ](https://libertarianchristians.com/episode/should-christians-vote-and-hold-political-office-or-focus-only-on-spreading-the-gospel/)

[ ](https://libertarianchristians.com/episode/should-christians-ever-take-up-arms-in-the-service-to-their-country-or-should-we-be-conscientious-objectors/)

##  [ Should Christians ever take up arms in the service to their country or should we be conscientious objectors? ](https://libertarianchristians.com/episode/should-christians-ever-take-up-arms-in-the-service-to-their-country-or-should-we-be-conscientious-objectors/)

December 2, 2023 

[ Listen Now » ](https://libertarianchristians.com/episode/should-christians-ever-take-up-arms-in-the-service-to-their-country-or-should-we-be-conscientious-objectors/)

[ ](https://libertarianchristians.com/episode/how-would-property-rights-work-under-an-anarchist-society-2/)

##  [ How would property rights work under an anarchist society? ](https://libertarianchristians.com/episode/how-would-property-rights-work-under-an-anarchist-society-2/)

May 25, 2023 

[ Listen Now » ](https://libertarianchristians.com/episode/how-would-property-rights-work-under-an-anarchist-society-2/)

[ ](https://libertarianchristians.com/episode/how-do-libertarians-deal-with-wildlife-conservation-2/)

##  [ How do libertarians deal with Wildlife Conservation? ](https://libertarianchristians.com/episode/how-do-libertarians-deal-with-wildlife-conservation-2/)

May 17, 2023 

[ Listen Now » ](https://libertarianchristians.com/episode/how-do-libertarians-deal-with-wildlife-conservation-2/)

[ ](https://libertarianchristians.com/episode/what-parts-of-the-bible-are-applicable-for-us-today/)

##  [ What parts of the Bible are applicable for us today? ](https://libertarianchristians.com/episode/what-parts-of-the-bible-are-applicable-for-us-today/)

May 11, 2023 

[ Listen Now » ](https://libertarianchristians.com/episode/what-parts-of-the-bible-are-applicable-for-us-today/)

[ ](https://libertarianchristians.com/episode/what-is-the-purpose-of-central-banking-2/)

##  [ What is the purpose of central banking? ](https://libertarianchristians.com/episode/what-is-the-purpose-of-central-banking-2/)

March 27, 2023 

[ Listen Now » ](https://libertarianchristians.com/episode/what-is-the-purpose-of-central-banking-2/)

[ ](https://libertarianchristians.com/episode/what-is-the-difference-between-a-libertarian-and-a-liberal/)

##  [ What is the Difference Between a Libertarian and a Liberal? ](https://libertarianchristians.com/episode/what-is-the-difference-between-a-libertarian-and-a-liberal/)

December 13, 2022 

[ Listen Now » ](https://libertarianchristians.com/episode/what-is-the-difference-between-a-libertarian-and-a-liberal/)

[ ](https://libertarianchristians.com/episode/what-is-the-difference-between-a-libertarian-and-a-progressive/)

##  [ What is the Difference Between a Libertarian and a Progressive? ](https://libertarianchristians.com/episode/what-is-the-difference-between-a-libertarian-and-a-progressive/)

December 9, 2022 

[ Listen Now » ](https://libertarianchristians.com/episode/what-is-the-difference-between-a-libertarian-and-a-progressive/)

[ ](https://libertarianchristians.com/episode/what-is-the-difference-between-a-libertarian-and-a-conservative/)

##  [ What is the Difference Between a Libertarian and a Conservative? ](https://libertarianchristians.com/episode/what-is-the-difference-between-a-libertarian-and-a-conservative/)

December 6, 2022 

[ Listen Now » ](https://libertarianchristians.com/episode/what-is-the-difference-between-a-libertarian-and-a-conservative/)

[ ](https://libertarianchristians.com/episode/how-do-we-interpret-1-peter-2/)

##  [ How Do We Interpret 1 Peter 2? ](https://libertarianchristians.com/episode/how-do-we-interpret-1-peter-2/)

December 1, 2022 

[ Listen Now » ](https://libertarianchristians.com/episode/how-do-we-interpret-1-peter-2/)

[ ](https://libertarianchristians.com/episode/how-do-i-convince-my-pastor-to-become-a-libertarian/)

##  [ How Do I Convince My Pastor to Become a Libertarian? ](https://libertarianchristians.com/episode/how-do-i-convince-my-pastor-to-become-a-libertarian/)

October 27, 2022 

[ Listen Now » ](https://libertarianchristians.com/episode/how-do-i-convince-my-pastor-to-become-a-libertarian/)

[ ](https://libertarianchristians.com/episode/do-all-libertarians-have-to-believe-taxation-is-theft/)

##  [ Do All Libertarians Have to Believe ""Taxation is Theft""? ](https://libertarianchristians.com/episode/do-all-libertarians-have-to-believe-taxation-is-theft/)

October 24, 2022 

[ Listen Now » ](https://libertarianchristians.com/episode/do-all-libertarians-have-to-believe-taxation-is-theft/)

[ ](https://libertarianchristians.com/episode/should-christians-be-against-profit/)

##  [ Should Christians be Against Profit? ](https://libertarianchristians.com/episode/should-christians-be-against-profit/)

October 20, 2022 

[ Listen Now » ](https://libertarianchristians.com/episode/should-christians-be-against-profit/)

[ ](https://libertarianchristians.com/episode/why-embrace-the-austrian-school-of-economics/)

##  [ Why Embrace the Austrian School of Economics? ](https://libertarianchristians.com/episode/why-embrace-the-austrian-school-of-economics/)

October 17, 2022 

[ Listen Now » ](https://libertarianchristians.com/episode/why-embrace-the-austrian-school-of-economics/)

[ ](https://libertarianchristians.com/episode/was-israel-an-anarchist-society-in-the-book-of-judges/)

##  [ Was Israel an Anarchist Society in the Book of Judges? ](https://libertarianchristians.com/episode/was-israel-an-anarchist-society-in-the-book-of-judges/)

October 12, 2022 

[ Listen Now » ](https://libertarianchristians.com/episode/was-israel-an-anarchist-society-in-the-book-of-judges/)

[ ](https://libertarianchristians.com/episode/is-there-such-a-thing-as-a-good-cop/)

##  [ Is There Such a Thing As a Good Cop? ](https://libertarianchristians.com/episode/is-there-such-a-thing-as-a-good-cop/)

June 24, 2022 

[ Listen Now » ](https://libertarianchristians.com/episode/is-there-such-a-thing-as-a-good-cop/)

[ ](https://libertarianchristians.com/episode/if-our-freedom-is-in-christ-do-we-need-political-freedom/)

##  [ If Our Freedom is in Christ, Do We Need Political Freedom? ](https://libertarianchristians.com/episode/if-our-freedom-is-in-christ-do-we-need-political-freedom/)

June 9, 2022 

[ Listen Now » ](https://libertarianchristians.com/episode/if-our-freedom-is-in-christ-do-we-need-political-freedom/)

[ ](https://libertarianchristians.com/episode/how-is-libertarianism-biblical-how-does-it-differ/)

##  [ How is Libertarianism Biblical? How Does it Differ? ](https://libertarianchristians.com/episode/how-is-libertarianism-biblical-how-does-it-differ/)

June 6, 2022 

[ Listen Now » ](https://libertarianchristians.com/episode/how-is-libertarianism-biblical-how-does-it-differ/)

[ ](https://libertarianchristians.com/episode/the-secular-vs-christian-libertarian-perspective-how-to-deal-with-militant-people/)

##  [ The Secular vs. Christian Libertarian Perspective? How to Deal with Militant People? ](https://libertarianchristians.com/episode/the-secular-vs-christian-libertarian-perspective-how-to-deal-with-militant-people/)

May 31, 2022 

[ Listen Now » ](https://libertarianchristians.com/episode/the-secular-vs-christian-libertarian-perspective-how-to-deal-with-militant-people/)

[ ](https://libertarianchristians.com/episode/the-christian-libertarian-view-of-gay-marriage/)

##  [ The Christian Libertarian View of Gay Marriage? ](https://libertarianchristians.com/episode/the-christian-libertarian-view-of-gay-marriage/)

May 24, 2022 

[ Listen Now » ](https://libertarianchristians.com/episode/the-christian-libertarian-view-of-gay-marriage/)

[ ](https://libertarianchristians.com/episode/what-about-ayn-rands-objectivism/)

##  [ What about Ayn Rand's Objectivism? ](https://libertarianchristians.com/episode/what-about-ayn-rands-objectivism/)

May 22, 2022 

[ Listen Now » ](https://libertarianchristians.com/episode/what-about-ayn-rands-objectivism/)

[ ](https://libertarianchristians.com/episode/should-a-christian-libertarian-support-free-contraception/)

##  [ Should a Christian Libertarian Support ""Free"" Contraception? ](https://libertarianchristians.com/episode/should-a-christian-libertarian-support-free-contraception/)

May 19, 2022 

[ Listen Now » ](https://libertarianchristians.com/episode/should-a-christian-libertarian-support-free-contraception/)

[ ](https://libertarianchristians.com/episode/the-border-wall-who-will-build-the-roads-ubi-and-more/)

##  [ The Border Wall, Who Will Build the Roads, UBI, and More! ](https://libertarianchristians.com/episode/the-border-wall-who-will-build-the-roads-ubi-and-more/)

May 17, 2022 

[ Listen Now » ](https://libertarianchristians.com/episode/the-border-wall-who-will-build-the-roads-ubi-and-more/)

[ ](https://libertarianchristians.com/episode/how-do-i-talk-to-conservatives-about-social-issues-like-abortion/)

##  [ How do I talk to conservatives about social issues like abortion? ](https://libertarianchristians.com/episode/how-do-i-talk-to-conservatives-about-social-issues-like-abortion/)

May 12, 2022 

[ Listen Now » ](https://libertarianchristians.com/episode/how-do-i-talk-to-conservatives-about-social-issues-like-abortion/)

[ ](https://libertarianchristians.com/episode/did-the-church-handle-covid-restrictions-well/)

##  [ Did the Church handle COVID restrictions well? ](https://libertarianchristians.com/episode/did-the-church-handle-covid-restrictions-well/)

May 9, 2022 

[ Listen Now » ](https://libertarianchristians.com/episode/did-the-church-handle-covid-restrictions-well/)

[ ](https://libertarianchristians.com/episode/how-should-christian-libertarians-view-the-use-of-cannabis/)

##  [ How should Christian Libertarians View the Use of Cannabis? ](https://libertarianchristians.com/episode/how-should-christian-libertarians-view-the-use-of-cannabis/)

May 2, 2022 

[ Listen Now » ](https://libertarianchristians.com/episode/how-should-christian-libertarians-view-the-use-of-cannabis/)

[ ](https://libertarianchristians.com/episode/why-are-so-many-christians-wrong-about-taxation/)

##  [ Why are so many Christians wrong about taxation? ](https://libertarianchristians.com/episode/why-are-so-many-christians-wrong-about-taxation/)

April 22, 2022 

[ Listen Now » ](https://libertarianchristians.com/episode/why-are-so-many-christians-wrong-about-taxation/)

[ ](https://libertarianchristians.com/episode/how-to-confront-nation-idolaters/)

##  [ How to Confront Nation-Idolaters ](https://libertarianchristians.com/episode/how-to-confront-nation-idolaters/)

April 21, 2022 

[ Listen Now » ](https://libertarianchristians.com/episode/how-to-confront-nation-idolaters/)

[ ](https://libertarianchristians.com/episode/addressing-the-stigma-of-politically-conservative-christians/)

##  [ Addressing the Stigma of Politically Conservative Christians ](https://libertarianchristians.com/episode/addressing-the-stigma-of-politically-conservative-christians/)

April 19, 2022 

[ Listen Now » ](https://libertarianchristians.com/episode/addressing-the-stigma-of-politically-conservative-christians/)

[ ](https://libertarianchristians.com/episode/how-do-the-unborn-have-rights/)

##  [ How do the Unborn Have Rights? ](https://libertarianchristians.com/episode/how-do-the-unborn-have-rights/)

April 18, 2022 

[ Listen Now » ](https://libertarianchristians.com/episode/how-do-the-unborn-have-rights/)

[ ](https://libertarianchristians.com/episode/is-voting-violent/)

##  [ Is Voting Violent? ](https://libertarianchristians.com/episode/is-voting-violent/)

April 14, 2022 

[ Listen Now » ](https://libertarianchristians.com/episode/is-voting-violent/)

[ ](https://libertarianchristians.com/episode/the-greatest-christian-libertarians/)

##  [ The Greatest Christian Libertarians? ](https://libertarianchristians.com/episode/the-greatest-christian-libertarians/)

April 11, 2022 

[ Listen Now » ](https://libertarianchristians.com/episode/the-greatest-christian-libertarians/)

[ ](https://libertarianchristians.com/episode/can-libertarianism-become-an-idol/)

##  [ Can libertarianism become an idol? ](https://libertarianchristians.com/episode/can-libertarianism-become-an-idol/)

April 7, 2022 

[ Listen Now » ](https://libertarianchristians.com/episode/can-libertarianism-become-an-idol/)

[ ](https://libertarianchristians.com/episode/do-we-own-ourselves/)

##  [ Do We Own Ourselves? ](https://libertarianchristians.com/episode/do-we-own-ourselves/)

April 4, 2022 

[ Listen Now » ](https://libertarianchristians.com/episode/do-we-own-ourselves/)

[ ](https://libertarianchristians.com/episode/our-favorite-theologians/)

##  [ Our Favorite Theologians ](https://libertarianchristians.com/episode/our-favorite-theologians/)

March 31, 2022 

[ Listen Now » ](https://libertarianchristians.com/episode/our-favorite-theologians/)

[ ](https://libertarianchristians.com/episode/how-do-i-come-out-of-the-libertarian-closet/)

##  [ How Do I Come Out of the Libertarian Closet? ](https://libertarianchristians.com/episode/how-do-i-come-out-of-the-libertarian-closet/)

March 28, 2022 

[ Listen Now » ](https://libertarianchristians.com/episode/how-do-i-come-out-of-the-libertarian-closet/)

[ ](https://libertarianchristians.com/episode/how-do-we-defend-our-rights-within-the-nap/)

##  [ How Do We Defend Our Rights Within the NAP? ](https://libertarianchristians.com/episode/how-do-we-defend-our-rights-within-the-nap/)

March 24, 2022 

[ Listen Now » ](https://libertarianchristians.com/episode/how-do-we-defend-our-rights-within-the-nap/)

[ ](https://libertarianchristians.com/episode/how-should-we-react-to-an-attack-on-us-soil/)

##  [ How Should We React to an Attack on U.S. Soil? ](https://libertarianchristians.com/episode/how-should-we-react-to-an-attack-on-us-soil/)

March 21, 2022 

[ Listen Now » ](https://libertarianchristians.com/episode/how-should-we-react-to-an-attack-on-us-soil/)

[ ](https://libertarianchristians.com/episode/what-separates-the-mises-institute-from-the-libertarian-party/)

##  [ What Separates the Mises Institute From the Libertarian Party? ](https://libertarianchristians.com/episode/what-separates-the-mises-institute-from-the-libertarian-party/)

March 17, 2022 

[ Listen Now » ](https://libertarianchristians.com/episode/what-separates-the-mises-institute-from-the-libertarian-party/)

[ ](https://libertarianchristians.com/episode/why-did-the-church-follow-covid-19-mandates/)

##  [ Why Did the Church Follow Covid-19 Mandates? ](https://libertarianchristians.com/episode/why-did-the-church-follow-covid-19-mandates/)

March 14, 2022 

[ Listen Now » ](https://libertarianchristians.com/episode/why-did-the-church-follow-covid-19-mandates/)

[ ](https://libertarianchristians.com/episode/who-will-care-for-the/)

##  [ In a Stateless Society Who Will Care for the Lesser? ](https://libertarianchristians.com/episode/who-will-care-for-the/)

March 9, 2022 

[ Listen Now » ](https://libertarianchristians.com/episode/who-will-care-for-the/)

[ ](https://libertarianchristians.com/episode/are-christians-called-to-be-pacifists/)

##  [ Are Christians Called to be Pacifists? ](https://libertarianchristians.com/episode/are-christians-called-to-be-pacifists/)

March 4, 2022 

[ Listen Now » ](https://libertarianchristians.com/episode/are-christians-called-to-be-pacifists/)

[ ](https://libertarianchristians.com/episode/is-it-sinful-to-pledge-allegiance/)

##  [ Is it Sinful to Pledge Allegiance? ](https://libertarianchristians.com/episode/is-it-sinful-to-pledge-allegiance/)

February 28, 2022 

[ Listen Now » ](https://libertarianchristians.com/episode/is-it-sinful-to-pledge-allegiance/)

[ ](https://libertarianchristians.com/episode/public-schools-moral-degradation-of-society/)

##  [ Did Public Schools Create the Moral Degradation of Society? ](https://libertarianchristians.com/episode/public-schools-moral-degradation-of-society/)

February 23, 2022 

[ Listen Now » ](https://libertarianchristians.com/episode/public-schools-moral-degradation-of-society/)

[ ](https://libertarianchristians.com/episode/profit-still-exist-pre-fallen-world/)

##  [ Would Profit Still Exist in a Pre-Fallen World? ](https://libertarianchristians.com/episode/profit-still-exist-pre-fallen-world/)

February 23, 2022 

[ Listen Now » ](https://libertarianchristians.com/episode/profit-still-exist-pre-fallen-world/)

[ ](https://libertarianchristians.com/episode/faith-to-make-political-decisions/)

##  [ Can We Use Our Faith to Make Political Decisions? ](https://libertarianchristians.com/episode/faith-to-make-political-decisions/)

February 16, 2022 

[ Listen Now » ](https://libertarianchristians.com/episode/faith-to-make-political-decisions/)

[ ](https://libertarianchristians.com/episode/welcome-faith-seeking-freedom-podcast/)

##  [ Welcome to the Faith Seeking Freedom Podcast ](https://libertarianchristians.com/episode/welcome-faith-seeking-freedom-podcast/)

February 16, 2022 

[ Listen Now » ](https://libertarianchristians.com/episode/welcome-faith-seeking-freedom-podcast/)

### Browse more Christians for Liberty Network Shows

[ ](/shows/libertarian-christian-podcast/)

[ ](/shows/reformed-libertarians-podcast/)

[ ](/shows/greenroom/)

[ ](/shows/biblical-anarchy/)

[ ](/shows/protestant-libertarian-podcast/)

[ ](/shows/faithful-ventures/)

[ ](/shows/good-news-bad-news/)

[ ](/shows/faith-seeking-freedom-podcast/)

[ ](/shows/godarchy-podcast/)

The Christians for Liberty Network is a project of the Libertarian Christian Institute consisting of shows and hosts offering various perspectives on the intersection of Christianity and libertarianism. Views expressed by hosts and guests do not necessarily reflect the view of the organization, its staff, board members, donors, or any other affiliates (including other hosts or guests on the network). Guest appearances or interviews of any incumbents, officials, or candidates for any political, party, or government office should not be construed as endorsements. The Libertarian Christian Institute is a 501(c)(3) non-profit organization and does not endorse any political party or candidate for any political, government, or party office. For information about the Libertarian Christian Institute’s core values, please visit [this page](/mission/).",https://libertarianchristians.com/shows/faith-seeking-freedom-podcast/
29778,2022-11-09T09:42:29,"Good News, Bad News",Doug Stuart,"Podcast Spotify Youtube

Good News, Bad News, with Matthew Bellis, gives you the libertarian Christian analysis of the news that's happening in your world.

[ ](https://libertarianchristians.com/episode/javier-mileis-election-and-the-rise-of-libertarianism-in-argentina/)

##  [ Javier Milei's Election and the Rise of Libertarianism in Argentina ](https://libertarianchristians.com/episode/javier-mileis-election-and-the-rise-of-libertarianism-in-argentina/)

December 2, 2023 

In this episode of Good News Bad News, host Matthew Bellis engages in a thought-provoking discussion with Norman Horn, Jacob Winograd, Ááron Sepúlveda-Cué, and Kerry Baldwin, delving into an array of topics relevant to the economic and political landscape of Argentina and beyond. The episode offers a deep dive into

[ Listen Now » ](https://libertarianchristians.com/episode/javier-mileis-election-and-the-rise-of-libertarianism-in-argentina/)

[ ](https://libertarianchristians.com/episode/the-magic-fix-for-the-government-shutdown/)

##  [ The Magic Fix for the Government Shutdown ](https://libertarianchristians.com/episode/the-magic-fix-for-the-government-shutdown/)

September 29, 2023 

In this episode of ""Good News Bad News,"" host Matthew Bellis discusses the impending government shutdown and its consequences with magician and guest, Doc Dixon. They explore the idea that the shutdown might actually be an opportunity for individuals to secure government jobs and receive back pay once it ends.

[ Listen Now » ](https://libertarianchristians.com/episode/the-magic-fix-for-the-government-shutdown/)

[ ](https://libertarianchristians.com/episode/dont-tread-on-trump/)

##  [ Don't Tread on Trump? ](https://libertarianchristians.com/episode/dont-tread-on-trump/)

September 4, 2023 

Matthew Bellis discusses the recent indictment of former President Donald Trump in a Georgia court, highlighting Trump's decision to plead not guilty and waive his right to appear in court. We also discuss the incident where Jaiden Rodriquez was harassed by his school district for wearing a Don't Tread On

[ Listen Now » ](https://libertarianchristians.com/episode/dont-tread-on-trump/)

[ ](https://libertarianchristians.com/episode/libertarian-christian-recap-of-freedomfest-2023/)

##  [ Libertarian Christian Recap of FreedomFest 2023 ](https://libertarianchristians.com/episode/libertarian-christian-recap-of-freedomfest-2023/)

July 25, 2023 

In this episode of Good News Bad News, host Matthew Bellis is joined by guests Norman Horn, Doug Stuart, and Kerry Baldwin for a lively discussion about their recent experiences at Freedom Fest 2023, held in Memphis, Tennessee. The episode begins with Norman Horn sharing his reasons for LCI choosing

[ Listen Now » ](https://libertarianchristians.com/episode/libertarian-christian-recap-of-freedomfest-2023/)

[ ](https://libertarianchristians.com/episode/a-libertarian-christian-anarchist-take-on-justice-and-degeneracy/)

##  [ A Libertarian Christian Anarchist Take on Justice and Degeneracy ](https://libertarianchristians.com/episode/a-libertarian-christian-anarchist-take-on-justice-and-degeneracy/)

June 25, 2023 

In a special summer interview edition of Good News, Bad News, Matt Bellis welcomes Jacob Winograd, an anarchist and host of the Biblical Anarchy Podcast. Jacob clarifies that anarchy is about peace and equal rights for all, not violence. He discusses his podcast, which explores the Bible's teachings on government

[ Listen Now » ](https://libertarianchristians.com/episode/a-libertarian-christian-anarchist-take-on-justice-and-degeneracy/)

[ ](https://libertarianchristians.com/episode/talking-freedom-with-tom-woods-dave-smith-and-mike-maharrey-in-new-york-city/)

##  [ Talking Freedom with Tom Woods, Dave Smith, and Mike Maharrey in New York City ](https://libertarianchristians.com/episode/talking-freedom-with-tom-woods-dave-smith-and-mike-maharrey-in-new-york-city/)

April 4, 2023 

The Libertarian Christian Institute and Good News Bad News host Matthew Bellis went to New York City on April 1, 2023, to be part of the Take Human Action Tour. We sat down with Mike Maharrey from the @TenthAmendmentCenter Comic Dave Smith from @PartOfTheProblem , and @TomWoodsTV as they discussed

[ Listen Now » ](https://libertarianchristians.com/episode/talking-freedom-with-tom-woods-dave-smith-and-mike-maharrey-in-new-york-city/)

[ ](https://libertarianchristians.com/episode/fauci-lied-ukrainian-sirens-cried-ohio-rivers-died/)

##  [ Fauci Lied, Ukrainian Sirens Cried, Ohio Rivers Died ](https://libertarianchristians.com/episode/fauci-lied-ukrainian-sirens-cried-ohio-rivers-died/)

March 2, 2023 

Matthew takes us on a very strange journey that is behind the now proven conspiracy theory of the Lab Leak, watch the fun of Fauci lying and realize that we live in a kingdom built on half-truths. He also takes us to war-torn Ukraine with some all too convenient sirens,

[ Listen Now » ](https://libertarianchristians.com/episode/fauci-lied-ukrainian-sirens-cried-ohio-rivers-died/)

[ ](https://libertarianchristians.com/episode/gaslighting-in-2022/)

##  [ Gaslighting in 2022 ](https://libertarianchristians.com/episode/gaslighting-in-2022/)

December 2, 2022 

Gaslighting, a strange word for the word of the year, although there’s a good reason as to why Merriam-Webster chose it. Whether they meant it that way or not, we have seen a lot of gaslighting from media, government, and celebrities alike. Take note with us as we dive into

[ Listen Now » ](https://libertarianchristians.com/episode/gaslighting-in-2022/)

### Browse more Christians for Liberty Network Shows

[ ](/shows/libertarian-christian-podcast/)

[ ](/shows/reformed-libertarians-podcast/)

[ ](/shows/greenroom/)

[ ](/shows/biblical-anarchy/)

[ ](/shows/protestant-libertarian-podcast/)

[ ](/shows/faithful-ventures/)

[ ](/shows/good-news-bad-news/)

[ ](/shows/faith-seeking-freedom-podcast/)

[ ](/shows/godarchy-podcast/)

The Christians for Liberty Network is a project of the Libertarian Christian Institute consisting of shows and hosts offering various perspectives on the intersection of Christianity and libertarianism. Views expressed by hosts and guests do not necessarily reflect the view of the organization, its staff, board members, donors, or any other affiliates (including other hosts or guests on the network). Guest appearances or interviews of any incumbents, officials, or candidates for any political, party, or government office should not be construed as endorsements. The Libertarian Christian Institute is a 501(c)(3) non-profit organization and does not endorse any political party or candidate for any political, government, or party office. For information about the Libertarian Christian Institute’s core values, please visit [this page](/mission/).",https://libertarianchristians.com/shows/good-news-bad-news/
29386,2022-10-19T10:08:50,Godarchy Podcast,Doug Stuart,"[ Spotify ](https://open.spotify.com/show/7D3qyUq1MK6b2DaWEQgTnM)

The GodArchy podcast shoves a crowbar between state and church. It’s the show where Christian faith intersects with libertarian anarchism.

The Godarchy podcast has been retired, but you can listen to previous episodes below or on the [Godarchy website](https://www.godarchy.org/).

##  [ My Swan Song: GodArchy Podcast 3.4 ](https://libertarianchristians.com/episode/my-swan-song-godarchy-podcast-3-4/)

January 13, 2023 

""For everything, there is a season and a time for every matter under heaven."" And the season for GodArchy has come to an end. This will be the final podcast for the foreseeable future. In this episode, I explain why, reminisce a bit, and say some thank you's.

[ Listen Now » ](https://libertarianchristians.com/episode/my-swan-song-godarchy-podcast-3-4/)

##  [ A Radical Among Radicals With Dave Benner GodArchy Podcast 3.3 ](https://libertarianchristians.com/episode/a-radical-among-radicals-with-dave-benner-godarchy-podcast-3-3/)

December 17, 2022 

The American founders were radicals. In the 21st century, America's founding political principles seem pretty mundane. But in their time, they were extremely radical. And Thomas Paine was one of the most radical of the radicals. In this episode of the GodArchy podcast, I talk with historian and Paine biographer

[ Listen Now » ](https://libertarianchristians.com/episode/a-radical-among-radicals-with-dave-benner-godarchy-podcast-3-3/)

##  [ The Case for Crypto With Joël Valenzuela GodArchy Podcast 3.2 ](https://libertarianchristians.com/episode/the-case-for-crypto-with-joel-valenzuela-godarchy-podcast-3-2/)

December 3, 2022 

What good is cryptocurrency anyway? With the steep decline in the price of bitcoin and the high-profile bankruptcy of the FTX exchange, you might be asking that question. But despite all of the negative press of late, there is still great potential for cryptocurrency. In this episode of the GodArchy

[ Listen Now » ](https://libertarianchristians.com/episode/the-case-for-crypto-with-joel-valenzuela-godarchy-podcast-3-2/)

##  [ Dropping Some Big News! With Doug Stuart: GodArchy Podcast 3.1 ](https://libertarianchristians.com/episode/dropping-some-big-news-with-doug-stuart-godarchy-podcast-3-1/)

November 19, 2022 

It's official! GodArchy has partnered with the Libertarian Christian Institute with the GodArchy podcast joining the Christians for Liberty Network. In this episode, I drop the big news and then talk with Libertarian Christian Institute CEO Doug Stuart. We discuss the work of LCI, how Doug got involved, and how

[ Listen Now » ](https://libertarianchristians.com/episode/dropping-some-big-news-with-doug-stuart-godarchy-podcast-3-1/)

##  [ Inflation Is Theft GodArchy Podcast 2.8 ](https://libertarianchristians.com/episode/inflation-is-theft-godarchy-podcast-2-8/)

November 5, 2022 

Taxation is theft. And so is inflation. In fact, inflation is just taxation by another name. What is inflation? How does government use inflationary monetary policy to steal from you? And what are the spiritual/biblical implications? I cover these questions in this episode of the GodArchy podcast. Show Notes Taxation

[ Listen Now » ](https://libertarianchristians.com/episode/inflation-is-theft-godarchy-podcast-2-8/)

##  [ Your Move! Strategies for Liberty With Spike Cohen - GodArchy Podcast 2.7 ](https://libertarianchristians.com/episode/your-move-strategies-for-liberty-a-conversation-with-spike-cohen-godarchy-podcast-2-7/)

October 22, 2022 

As the saying goes, there's more than one way to skin a cat. How do we advance liberty? Should we engage the political process? Or should we spurn it and undermine the state through other means? And what's the best way to talk about liberty in a compelling way? In

[ Listen Now » ](https://libertarianchristians.com/episode/your-move-strategies-for-liberty-a-conversation-with-spike-cohen-godarchy-podcast-2-7/)

##  [ Pontius Pilate the Politician: GodArchy Podcast Episode 2.6 ](https://libertarianchristians.com/episode/pontius-pilate-the-politician-godarchy-podcast-episode-2-6/)

October 7, 2022 

You can't trust politicians! Pontius Pilate is the archetypical politician, and the way Pilate handled Jesus's trial teaches a lot of lessons about political power, the political process, democracy -- and why we shouldn't trust any of it. In this episode of the GodArchy podcast, I talk about some of these

[ Listen Now » ](https://libertarianchristians.com/episode/pontius-pilate-the-politician-godarchy-podcast-episode-2-6/)

##  [ The Yemen War and How to Stop It With Scott Horton ](https://libertarianchristians.com/episode/the-yemen-war-and-how-to-stop-it-with-scott-horton/)

September 23, 2022 

This war needs to end -- now! The U.S. has been involved in a war in Yemen for years. Calling the situation in that country genocide is no hyperbole. In this episode, I talk to foreign policy expert Scott Horton. He explains how the U.S. got into the war, its

[ Listen Now » ](https://libertarianchristians.com/episode/the-yemen-war-and-how-to-stop-it-with-scott-horton/)

##  [ Living Free in an Unfree World With Tricia Stuart-Mann ](https://libertarianchristians.com/episode/living-free-in-an-unfree-world-with-tricia-stuart-mann/)

September 9, 2022 

The state may be illegitimate but it's not going anyplace anytime soon. So, how do we live free in this unfree world? If you're a regular listener to GodArchy, you know I talk a lot about the moral and ethical illegitimacy of the state and its governments. I frequently point

[ Listen Now » ](https://libertarianchristians.com/episode/living-free-in-an-unfree-world-with-tricia-stuart-mann/)

##  [ This Episode Is History! With CJ Killmer ](https://libertarianchristians.com/episode/this-episode-is-history-with-cj-killmer/)

August 26, 2022 

It's dangerous history! Does history repeat? Does it rhyme? Does human nature change? These are some of the meaty topics I discuss with Dangerous History Podcast host CJ Killmer. CJ and I talk history, his approach to teaching the subject, and how history led him to libertarianism. And of course,

[ Listen Now » ](https://libertarianchristians.com/episode/this-episode-is-history-with-cj-killmer/)

##  [ It's Magic! An Interview With Doc Dixon ](https://libertarianchristians.com/episode/its-magic-an-interview-with-doc-dixon/)

August 12, 2022 

You have to believe in magic. After all, seeing is believing! In this episode, I chat with Doc Dixon. Doc is a professional magician who fooled Penn and Teller. He's also a libertarian and a Christian. In this wide-ranging (and hilarious) episode, we talk about a bunch of topics including

[ Listen Now » ](https://libertarianchristians.com/episode/its-magic-an-interview-with-doc-dixon/)

##  [ I'm Back! GodArchy Podcast 2.1 ](https://libertarianchristians.com/episode/im-back-godarchy-podcast-2-1/)

July 29, 2022 

After about a 9-month hiatus, the GodArchy podcast has returned!For the GodArchy reboot, I talk a little about where I've been and where the show is going. I explain why I decided to bring the show back and what you can expect moving forward. There is also a little foray

[ Listen Now » ](https://libertarianchristians.com/episode/im-back-godarchy-podcast-2-1/)

##  [ A Grief Observed ](https://libertarianchristians.com/episode/a-grief-observed/)

November 12, 2021 

""There is nothing we can do with suffering except to suffer it."" - C.S. Lewis In this episode, I share a little about my journey through grief after the death of my mother, guided by ""A Grief Observed"" by C.S. Lewis. I also talk a little about my plans moving

[ Listen Now » ](https://libertarianchristians.com/episode/a-grief-observed/)

##  [ The Last Enemy ](https://libertarianchristians.com/episode/the-last-enemy/)

September 26, 2021 

The last enemy to be destroyed is death. I recently watched my mother die. It was a profound experience. In this episode, I share a few thoughts and the flashes of light I saw during a dark time. I also tie in a little political theology. Show Notes An Ethic

[ Listen Now » ](https://libertarianchristians.com/episode/the-last-enemy/)

##  [ To Jab or Not to Jab? ](https://libertarianchristians.com/episode/to-jab-or-not-to-jab/)

August 28, 2021 

To jab or not to jab? That is the question. But a lot of people don’t feel like they have a whole lot of choice in the matter. In this episode, I talk about the coronavirus vaccine, mandates and passports, from a libertarian Christian perspective. Show Notes Unmasking Rona -

[ Listen Now » ](https://libertarianchristians.com/episode/to-jab-or-not-to-jab/)

##  [ Unmasking Rona -- GodArchy Podcast ](https://libertarianchristians.com/episode/unmasking-rona-godarchy-podcast/)

August 13, 2021 

If all these mitigation efforts including lockdowns and mask mandates worked, we should see a significant difference between areas that implemented such measures and those that didn’t. We see no such difference. In this episode of the GodArchy podcast, I talk with Ian Patterson about efforts to control coronavirus. We

[ Listen Now » ](https://libertarianchristians.com/episode/unmasking-rona-godarchy-podcast/)

##  [ Suck It Up Simone? GodArchy Podcast ](https://libertarianchristians.com/episode/suck-it-up-simone-godarchy-podcast/)

July 30, 2021 

Is Simone Biles “soft?” Did she embarrass America? Is she indicative of deeper problems in American society? A lot of people think so since the American gymnast dropped out of the Olympic competition. But perhaps there’s another way of looking at it. In this episode of the GodArchy podcast, I

[ Listen Now » ](https://libertarianchristians.com/episode/suck-it-up-simone-godarchy-podcast/)

##  [ Compulsory National Service ](https://libertarianchristians.com/episode/compulsory-national-service/)

July 16, 2021 

Compulsory national service is slavery. Sound like hyperbole? I don’t think so. In this episode of the GodArchy podcast, I talk about compulsory national service, including military conscription, and explain how it destroys the fundamental concept of self-ownership. And if somebody else owns you — that’s slavery. Show Notes Who

[ Listen Now » ](https://libertarianchristians.com/episode/compulsory-national-service/)

##  [ If at First You Don't Secede With Mark Kreslins ](https://libertarianchristians.com/episode/if-at-first-you-dont-secede-with-mark-kreslins/)

July 2, 2021 

In my view, centralized power is the greatest threat to liberty. The best way to confront that threat is the break up centralized power through secession. Secession gets a bad rap in the United States because of its association with slavery and the Civil War, but secession itself has nothing

[ Listen Now » ](https://libertarianchristians.com/episode/if-at-first-you-dont-secede-with-mark-kreslins/)

##  [ Postmodernism and Critical Race Theory With Michael Rectenwald ](https://libertarianchristians.com/episode/postmodernism-and-critical-race-theory-with-michael-rectenwald/)

June 17, 2021 

Racism is everywhere! At least that’s the narrative the ""woke"" social justice movement drives. Political movements spring from ideas and the left-wing social justice movement is rooted in postmodernism and critical race theory. But what are these ideologies? Where do they come from? And how do these ideas play out

[ Listen Now » ](https://libertarianchristians.com/episode/postmodernism-and-critical-race-theory-with-michael-rectenwald/)

##  [ Hopping on My Soapbox: GodArchy Podcast ](https://libertarianchristians.com/episode/hopping-on-my-soapbox-godarchy-podcast/)

June 4, 2021 

I've got stuff to say! In this potpourri episode, I hop on my soapbox and pontificate about several issues including a misguided reason for supporting wars, the dark side of social media, and the limitation of libertarian philosophy when it comes to promoting human flourishing. Show Notes Enough Already! Time

[ Listen Now » ](https://libertarianchristians.com/episode/hopping-on-my-soapbox-godarchy-podcast/)

##  [ Should Christians Do Politics? With Mark West ](https://libertarianchristians.com/episode/should-christians-do-politics-with-mark-west/)

May 25, 2021 

Should Christians get involved in politics? I don't think there is a dogmatic answer, but it's definitely something believers should at least wrestle with. Author and former pastor Mark West doesn’t think so. He recently wrote, “I would recommend that Christians avoid political means altogether. … I see political power

[ Listen Now » ](https://libertarianchristians.com/episode/should-christians-do-politics-with-mark-west/)

##  [ Make Politics Matter Less With Jeff Deist - GodArchy Podcast ](https://libertarianchristians.com/episode/make-politics-matter-less-with-jeff-deist-godarchy-podcast/)

May 7, 2021 

You know things are out of wack when soft drinks become politicized! And that’s where we are today. We’ve politicized virtually everything. But at the core, politics is violence, force and coercion. Surely, that’s not the best way we can come up with to interact with each other and advance

[ Listen Now » ](https://libertarianchristians.com/episode/make-politics-matter-less-with-jeff-deist-godarchy-podcast/)

##  [ She Blinded Me With Science! With Dr. Norman Horn ](https://libertarianchristians.com/episode/she-blinded-me-with-science-with-dr-norman-horn/)

April 23, 2021 

Trust the science! We've heard that mantra evoked a lot over the last year or so, but what does it really mean? What can science really tell us? And what are its limitations? In this episode of the GodArchy podcast, I talk about ""the science"" with Libertarian Christian Institute president

[ Listen Now » ](https://libertarianchristians.com/episode/she-blinded-me-with-science-with-dr-norman-horn/)

##  [ Socialist Myths With Economist Walter Block ](https://libertarianchristians.com/episode/socialist-myths-with-economist-walter-block/)

April 9, 2021 

Profit is theft? I get comments like this from time to time on the GodArchy Facebook page. There seem to be a lot of Christians enamored with socialism. I think they have good intentions, but good intentions can’t trump economic reality. In this episode of the GodArchy podcast, economist Dr.

[ Listen Now » ](https://libertarianchristians.com/episode/socialist-myths-with-economist-walter-block/)

##  [ Liberty in Pink With Caryn Ann Harlos - GodArchy Podcast ](https://libertarianchristians.com/episode/liberty-in-pink-with-caryn-ann-harlos-godarchy-podcast/)

March 26, 2021 

Listen in as Caryn Ann Harlos and I talk about things you're not supposed to discuss in polite company - politics and religion. Caryn Ann Harlos serves as the Libertarian Party LNC National Secretary. In this episode, we talk about her spiritual and political journeys, along with her Christian faith

[ Listen Now » ](https://libertarianchristians.com/episode/liberty-in-pink-with-caryn-ann-harlos-godarchy-podcast/)

##  [ Enough Already! Time to End the Wars! Interview With Scott Horton ](https://libertarianchristians.com/episode/enough-already-time-to-end-the-wars-interview-with-scott-horton/)

March 13, 2021 

After two decades, isn't it time to be done with the feckless and counterproductive ""war on terror?"" In this episode of the GodArchy Podcast, I talk with Scott Horton about his new book making the case that the whole terror war has been an unmitigated disaster and it needs to

[ Listen Now » ](https://libertarianchristians.com/episode/enough-already-time-to-end-the-wars-interview-with-scott-horton/)

##  [ Christian War-Mongering ](https://libertarianchristians.com/episode/christian-war-mongering/)

February 26, 2021 

We pray for peace and we revel in war. Sadly, this lyric written by Steve Hindalong generally sums up the state of the modern church. In this episode of the GodArchy podcast, I lay out the case that the state is a death cult and war is its highest sacrament.

[ Listen Now » ](https://libertarianchristians.com/episode/christian-war-mongering/)

##  [ Laws of War ](https://libertarianchristians.com/episode/laws-of-war/)

February 12, 2021 

How should God's people wage war? I would argue that they shouldn't. But in under the Old Covenant, they surely did. It should come as no surprise that God gave the Hebrews laws of war. In this episode, I talk with Adam Terrell about those laws and how they might

[ Listen Now » ](https://libertarianchristians.com/episode/laws-of-war/)

##  [ I Pledge Allegiance to… ](https://libertarianchristians.com/episode/i-pledge-allegiance-to-godarchy-podcast/)

January 30, 2021 

Where is your allegiance? In this episode of the GodArchy Podcast, I talk about the Pledge of Allegiance, focusing specifically on the phrase ""under God"" and the notion of a Christian nation. I contend the United States never was and never will be a Christian nation because ""Christian nation"" isn't

[ Listen Now » ](https://libertarianchristians.com/episode/i-pledge-allegiance-to-godarchy-podcast/)

##  [ Don't Censor Me! ](https://libertarianchristians.com/episode/dont-censor-me/)

January 15, 2021 

Should ""dangerous"" or ""hateful"" speech be shut down? Censorship is all the rage right now. A lot of people reason that as long as the government isn't shutting people down, private censorship is OK, perhaps even beneficial to society. In this episode of the GodArchy podcast, I argue that censorship

[ Listen Now » ](https://libertarianchristians.com/episode/dont-censor-me/)

##  [ Bring Our Troops Home With Dan McKnight -- GodArchy Podcast ](https://libertarianchristians.com/episode/bring-our-troops-home-with-dan-mcknight-godarchy-podcast/)

December 11, 2020 

How do we end America's endless wars? In this episode of the GodArchy podcast, I talk with Dan McKnight, founder of Bring Our Troops Home. We talk about his experience in the military, why he started an organization dedicated to ending foreign wars of aggression, and practical strategy within the

[ Listen Now » ](https://libertarianchristians.com/episode/bring-our-troops-home-with-dan-mcknight-godarchy-podcast/)

##  [ Thanksgiving's Economic Lesson - GodArchy Podcast ](https://libertarianchristians.com/episode/thanksgivings-economic-lesson-godarchy-podcast/)

November 27, 2020 

Did you know Thanksgiving can teach us a valuable economics lesson? When the Pilgrims first established their colony in Massachusetts, they adopted a communal system based on the socialist notion ""from each according to their ability to each according to their need."" Like pretty much all socialist experiments, it ended

[ Listen Now » ](https://libertarianchristians.com/episode/thanksgivings-economic-lesson-godarchy-podcast/)

##  [ You've Got Questions? We've Got Answers! - GodArchy Podcast ](https://libertarianchristians.com/episode/youve-got-questions-weve-got-answers-godarchy-podcast/)

November 13, 2020 

When it comes to Christianity and libertarianism, I bet you've got questions. Well, we've got answers. In this episode of the GodArchy podcast, I chat with two of the four authors of a new book published by the Libertarian Christian Institute titled Faith Seeking Freedom: Libertarian Christian Answers to Tough

[ Listen Now » ](https://libertarianchristians.com/episode/youve-got-questions-weve-got-answers-godarchy-podcast/)

##  [ A Fireside Chat With a Rock Star With J.J. Reichert - GodArchy Podcast ](https://libertarianchristians.com/episode/a-fireside-chat-with-a-rock-star-with-j-j-reichert-godarchy-podcast/)

October 30, 2020 

What's it like being a libertarian, a Christian and a rock star? In this episode, I chat with Jason Reichert (aka J.J. Boogie), guitarist and producer for the 2-time Grammy Award-winning hip-hop band Arrested Development. Of course, we talk music. But that's not all. We also discuss how J.J. came

[ Listen Now » ](https://libertarianchristians.com/episode/a-fireside-chat-with-a-rock-star-with-j-j-reichert-godarchy-podcast/)

##  [ Libertarian AND Christian With Norman Horn - GodArchy Podast ](https://libertarianchristians.com/episode/libertarian-and-christian-with-norman-horn-godarchy-podast/)

October 16, 2020 

Libertarian AND Christian? How does that work? In this episode, I talk with Norman Horn, the founder of the Libertarian Christian Institute. We discuss how libertarian philosophy meshes with Christian theology. We also talk about Norman's spiritual/political journey and the work of LCI. Show Notes The Libertarian Christian Website LCI

[ Listen Now » ](https://libertarianchristians.com/episode/libertarian-and-christian-with-norman-horn-godarchy-podast/)

##  [ The High Holy Sacrament of Voting ](https://libertarianchristians.com/episode/the-high-holy-sacrament-of-voting/)

October 2, 2020 

Have you registered to vote? As election day approaches, we're being inundated with demands to get registered and go vote delivered with religious fervor. In fact, I argue that voting is one of the high holy sacraments of the religion of statism. So should we vote? And if we do,

[ Listen Now » ](https://libertarianchristians.com/episode/the-high-holy-sacrament-of-voting/)

##  [ Self-Rule and the Wisdom of Solomon ](https://libertarianchristians.com/episode/self-rule-and-the-wisdom-of-solomon/)

September 18, 2020 

Rule thyself… Self-rule is one of the cornerstones of libertarian thought. We own ourselves. We generally think of it as a negative obligation - kind of like a no trespassing sign - keep off me. But self-rule also involves a positive obligation - to literally rule ourselves and to direct

[ Listen Now » ](https://libertarianchristians.com/episode/self-rule-and-the-wisdom-of-solomon/)

##  [ Braise in the Usual Manner - Food and Freedom With Dann Reid ](https://libertarianchristians.com/episode/braise-in-the-usual-way-food-and-freedom-with-dann-reid/)

September 4, 2020 

Are you hungry? After this episode of the GodArchy podcast, you just might be. This week, I talk with Dann Reid, host of the Culinary Libertarian podcast. We discuss food and cooking and intertwine it with a little bit of liberty. We discuss Dann's personal journey both as a libertarian

[ Listen Now » ](https://libertarianchristians.com/episode/braise-in-the-usual-way-food-and-freedom-with-dann-reid/)

##  [ Faith and Liberty in the D.C. Swamp: A Chat With Ron Paul ](https://libertarianchristians.com/episode/faith-and-liberty-in-the-d-c-swamp-a-chat-with-ron-paul/)

August 21, 2020 

Ever wonder how Ron Paul's Christian faith shapes his political ideology? We talked about it in this episode of the GodArchy Podcast. We also discussed how his faith helped sustain him in the D.C. swamp. And as you would expect, there is also a good bit of discussion about war

[ Listen Now » ](https://libertarianchristians.com/episode/faith-and-liberty-in-the-d-c-swamp-a-chat-with-ron-paul/)

##  [ Government ""Help"" GodArchy Podcast 47 ](https://libertarianchristians.com/episode/government-help-godarchy-podcast-47/)

August 7, 2020 

Should libertarians take government help?   Governments have offered all kinds of help during the coronavirus pandemic, from unemployment benefits, to forgivable loans, to outright bailouts. But how helpful has the help been? Judging by this week's guest Alan Mosley's experience -- not very. But that brings us back to

[ Listen Now » ](https://libertarianchristians.com/episode/government-help-godarchy-podcast-47/)

##  [ Forgiveness Is Not for the Other Person: GodArchy Podcast 46 ](https://libertarianchristians.com/episode/forgiveness-is-not-for-the-other-person-godarchy-podcast-46/)

July 24, 2020 

How do we live free in an unfree world? That question seems more and more poignant of late. Politics is clearly not moving us toward liberty. But we can still live free in Christ. In fact, Paul wrote that it is for freedom that Christ set us free. One way

[ Listen Now » ](https://libertarianchristians.com/episode/forgiveness-is-not-for-the-other-person-godarchy-podcast-46/)

##  [ Monopoly Government - Always the Wrong Answer: GodArchy 44 ](https://libertarianchristians.com/episode/monopoly-government-always-the-wrong-answer-godarchy-44/)

June 26, 2020 

Even if Covid-19 were airborne Ebola, or something even more horrifying, centralized decisions, imposed from the top down, by people who will never have to pay for the harm they do, would STILL BE A TERRIBLE SOLUTION!!! In the midst of a crisis, people cry for centralized government solutions. The

[ Listen Now » ](https://libertarianchristians.com/episode/monopoly-government-always-the-wrong-answer-godarchy-44/)

##  [ His Conscience Made Him Quit: GodArchy 43 ](https://libertarianchristians.com/episode/his-conscience-made-him-quit-godarchy-43/)

June 12, 2020 

Josh Childress worked for the U.S. Border Patrol. Then his conscience got to him. So, he quit. During this interview, we talk about Josh's slow evolution from statist to voluntaryist, his two stints in the military and why he became anti-war, and the journey that led him to quit his

[ Listen Now » ](https://libertarianchristians.com/episode/his-conscience-made-him-quit-godarchy-43/)

##  [ Behind The Thin Blue Line: GodArchy 42 ](https://libertarianchristians.com/episode/behind-the-thin-blue-line-godarchy-42/)

May 30, 2020 

There's rot behind the ""Thin Blue Line."" In this episode, I talk about the institutional problems with policing in America. I breeze by the typical arguments about race and riots and focus on what I see as the real problem - an institutional culture steeped in authoritarian violence. I trace

[ Listen Now » ](https://libertarianchristians.com/episode/behind-the-thin-blue-line-godarchy-42/)

##  [ Facing the Nitwit Mob With Tom Mullen: GodArchy 41 ](https://libertarianchristians.com/episode/facing-the-nitwit-mob-with-tom-mullen-godarchy-41/)

May 15, 2020 

Is government really the root of our problem? Those of us striving for more freedom and liberty generally focus on government as the enemy. But author Tom Mullen says government isn’t the root of the problem. It’s the nitwit mob that makes the whole system go. As H.L. Mencken said,

[ Listen Now » ](https://libertarianchristians.com/episode/facing-the-nitwit-mob-with-tom-mullen-godarchy-41/)

##  [ A Fireside Chat With a Lesbian GodArchy 40 ](https://libertarianchristians.com/episode/a-fireside-chat-with-a-lesbian/)

May 3, 2020 

How do you navigate this world as a black, libertarian, Christian who happens to be a lesbian? Continuing my fireside chat series, I talk with Kim Schjang, host of the Lesbertarian Podcast. Kim is a Christian and a libertarian anarchist. She also happens to be a black lesbian. We chat

[ Listen Now » ](https://libertarianchristians.com/episode/a-fireside-chat-with-a-lesbian/)

##  [ The Economics of Coronavirus: GodArchy Podcast 39 ](https://libertarianchristians.com/episode/the-economics-of-coronavirus-godarchy-podcast-39/)

April 17, 2020 

What about the economy? The coronavirus-induced government shutdowns have had devastating economic impacts. But a lot of people seem to think once we get the pandemic under control and restart the economy, everything will snap back to normal. In this episode of the GodArchy podcast, I explain why this won't

[ Listen Now » ](https://libertarianchristians.com/episode/the-economics-of-coronavirus-godarchy-podcast-39/)

##  [ GodArchy Podcast: Coronavirus Edition ](https://libertarianchristians.com/episode/godarchy-podcast-coronavirus-edition/)

April 3, 2020 

How would a free society deal with a pandemic? I freely admit I don't know the answer to that question. But I suspect it would be better than the response we're getting from government. In this episode of the GodArchy podcast, I touch on a number of issues raised by

[ Listen Now » ](https://libertarianchristians.com/episode/godarchy-podcast-coronavirus-edition/)

##  [ Are You Ready for the Zombie Apocalypse? GodArchy Podcast 37 ](https://libertarianchristians.com/episode/are-you-ready-for-the-zombie-apocalypse-godarchy-podcast-37/)

March 20, 2020 

""Be Prepared"" is more than just a cute Boy Scout motto. The coronavirus outbreak showed us just how fast society can go from all systems normal to full-blown panic. Within a matter of days, store shelves emptied, people found themselves on lockdown and fear gripped the entire country. It was

[ Listen Now » ](https://libertarianchristians.com/episode/are-you-ready-for-the-zombie-apocalypse-godarchy-podcast-37/)

##  [ The Failure of Government Schools: GodArchy Podcast #36 ](https://libertarianchristians.com/episode/the-failure-of-government-schools-godarchy-podcast-36/)

March 6, 2020 

Government schools are an abject failure. You don't have to look very deeply to figure out America's education system is a mess. The typical solution involves throwing more money at it. But what if the system is the problem? What if the whole model of compulsory, government schooling is creating

[ Listen Now » ](https://libertarianchristians.com/episode/the-failure-of-government-schools-godarchy-podcast-36/)

##  [ The Sermon on the Mount: GodArchy Podcast #35 ](https://libertarianchristians.com/episode/the-sermon-on-the-mount-godarchy-podcast-35/)

February 22, 2020 

Did Jesus really mean all that stuff he said in the Sermon on the Mount? The Sermon on the Mount is hard. So hard that a lot of Christians have relegated it to an ideal for some other time and place. But what if Jesus really intended for his people

[ Listen Now » ](https://libertarianchristians.com/episode/the-sermon-on-the-mount-godarchy-podcast-35/)

##  [ Things I Learned in New York City: GodArchy Podcast #34 ](https://libertarianchristians.com/episode/things-i-learned-in-new-york-city-godarchy-podcast-34/)

February 8, 2020 

What can one learn in the Big Apple? A lot, as it turns out. In this episode of the GodArchy Podcast, I share some things I learned about life and humanity during a trip to New York City. I touch on the amazing world of material abundance we live in,

[ Listen Now » ](https://libertarianchristians.com/episode/things-i-learned-in-new-york-city-godarchy-podcast-34/)

##  [ The Great Abortion Debate: A Chat With Kerry Baldwin GodArchy #33 ](https://libertarianchristians.com/episode/the-great-abortion-debate-a-chat-with-kerry-baldwin-godarchy-33/)

January 24, 2020 

Pro-life? Pro-choice? Which side are you on? Few issues are as binary and divisive as abortion. But the standard ""pro-life"" and ""pro-choice"" positions in American politics have utterly failed to adequately deal with the issue. Kerry Baldwin has developed a philosophical framework that can overcome some of the shortcomings inherent

[ Listen Now » ](https://libertarianchristians.com/episode/the-great-abortion-debate-a-chat-with-kerry-baldwin-godarchy-33/)

##  [ Open Borders: A Discussion With Economist Bryan Caplan GodArchy #32 ](https://libertarianchristians.com/episode/open-borders-a-discussion-with-economist-bryan-caplan-godarchy-32/)

January 11, 2020 

Open borders would destroy the American way! Or would it? As it turns out, a lot of the conventional wisdom when it comes to immigration is actually at odds with reality. Economist Bryan Caplan looked at the research and distilled it in his most recent book, Open Borders: The Science

[ Listen Now » ](https://libertarianchristians.com/episode/open-borders-a-discussion-with-economist-bryan-caplan-godarchy-32/)

##  [ A Good Guy With a Gun: GodArchy Podcast Bonus Episode ](https://libertarianchristians.com/episode/a-good-guy-with-a-gun-godarchy-podcast-bonus-episode/)

January 1, 2020 

A killer in a church killed. Was this an incident to celebrate or to mourn? In this bonus episode of the GodArchy podcast, I talk about the recent events inside a Texas church. How should we view them? Was the killing of the shooter justified ethically? Morally? How does the

[ Listen Now » ](https://libertarianchristians.com/episode/a-good-guy-with-a-gun-godarchy-podcast-bonus-episode/)

##  [ Build That Wall? GodArchy Podcast #31 ](https://libertarianchristians.com/episode/build-that-wall-godarchy-podcast-31/)

December 28, 2019 

Should America build that wall? Should libertarians support it? And what about Christians? In this episode, I tackle the issue of immigration from both a libertarian and Christian perspective in preparation for my upcoming interview with economist Bryan Caplan, author of ""Open Borders: The Science and Ethics of Immigration. I

[ Listen Now » ](https://libertarianchristians.com/episode/build-that-wall-godarchy-podcast-31/)

##  [ Policing Without Police: GodArchy Podcast #30 ](https://libertarianchristians.com/episode/policing-without-police-godarchy-podcast-30/)

December 14, 2019 

Do we really need government cops to ""protect us?"" Peter Quinones doesn't think so. In this episode of the GodArchy podcast, he joins me to talk about the concept of private policing. Peter and I discuss the myriad problems behind the ""thin blue line,"" the myths many people believe about

[ Listen Now » ](https://libertarianchristians.com/episode/policing-without-police-godarchy-podcast-30/)

##  [ Are You Gonna Make Me? GodArchy Podcast 29 ](https://libertarianchristians.com/episode/are-you-gonna-make-me-godarchy-podcast-29/)

November 16, 2019 

How can one believe in Anarchy and also in an Abrahamic religion? if you're happy for a religious cult to rule your life, why not a country? They're practically the same thing. Good question. In this episode of the GodArchy podcast, I answer it. What’s the difference between a country

[ Listen Now » ](https://libertarianchristians.com/episode/are-you-gonna-make-me-godarchy-podcast-29/)

##  [ His Moral High Horse Is Lame: GodArchy Podcast 28 ](https://libertarianchristians.com/episode/his-moral-high-ground-is-lame-godarchy-podcast-28/)

November 1, 2019 

A lot of people on the left (and the right) justify their politics because they view their preferred policies as just, compassionate and loving. In this episode of the GodArchy podcast, I look at a blog post by Christian activist John Pavlovitz. He makes just such an assertion. In the

[ Listen Now » ](https://libertarianchristians.com/episode/his-moral-high-ground-is-lame-godarchy-podcast-28/)

##  [ Mercy Is a Silver Pearl - Radical Forgiveness for a Killer-Cop GodArchy Podcast 27 ](https://libertarianchristians.com/episode/mercy-is-a-silver-pearl-the-radical-forgiveness-of-a-killer-cop-godarchy-podcast-27/)

October 18, 2019 

Vengeance, so wrong. Drop the gun, forgive the girl. My love, so strong. Mercy is a silver pearl. By now, you've probably heard about the Dallas cop who killed an unarmed man in his own home, and how the victim's brother forgave the killer cop. It was a beautiful picture

[ Listen Now » ](https://libertarianchristians.com/episode/mercy-is-a-silver-pearl-the-radical-forgiveness-of-a-killer-cop-godarchy-podcast-27/)

##  [ A Fireside Chat With an AnarchoChristian GodArchy Podcast 26 ](https://libertarianchristians.com/episode/a-fireside-chat-with-an-anarchochristian-godarchy-podcast-26/)

October 4, 2019 

Christian anarchist? Is that even a thing? Yes! Yes, it is. And in this episode of the GodArchy podcast, I have a little fireside chat with fellow AnarchoChristian and podcast host Stephen about the ideas. Stephen shares a little bit about his faith journey and the path he took that

[ Listen Now » ](https://libertarianchristians.com/episode/a-fireside-chat-with-an-anarchochristian-godarchy-podcast-26/)

##  [ The Violence Inherent in the System (And the Path Out) GodArchy Podcast 25 ](https://libertarianchristians.com/episode/the-violence-inherent-in-the-system-and-the-path-out-godarchy-podcast-25/)

September 20, 2019 

Come see the violence inherent in the system! You've may have seen the famous Monty Python scene from the Quest for the Holy Grail where Dennis shouts that line as King Arthur roughs him up. (If you haven't the video is in the show notes.) The bit is pretty funny,

[ Listen Now » ](https://libertarianchristians.com/episode/the-violence-inherent-in-the-system-and-the-path-out-godarchy-podcast-25/)

##  [ Tank Man: GodArchy Podcast #24 ](https://libertarianchristians.com/episode/tank-man-godarchy-podcast-24/)

September 7, 2019 

Would you stand in protest in front of a column of tanks? Tank Man did. You've almost certainly seen the iconic photo of the man standing in front of a column of Chinese tanks in Tiananmen Square. Nobody knows who that man was nor anything about his fate. Robert Anthony

[ Listen Now » ](https://libertarianchristians.com/episode/tank-man-godarchy-podcast-24/)

##  [ Identity Politics and Race: GodArchy Podcast #23 ](https://libertarianchristians.com/episode/identity-politics-and-race-godarchy-podcast-23/)

August 24, 2019 

Can politics fix racism? I don't think so. In fact, I believe politics exacerbates racial tensions. Race has become one of the most dominant issues in American politics. On one side, we have a bunch of people who think everything is racist and blame all of society's ills on white

[ Listen Now » ](https://libertarianchristians.com/episode/identity-politics-and-race-godarchy-podcast-23/)

##  [ Black Guns Matter With Maj Toure: GodArchy Podcast #22 ](https://libertarianchristians.com/episode/black-guns-matter-with-maj-toure-godarchy-podcast-22/)

August 9, 2019 

Your right to self-defense is a natural right that flows logically from the concept of self-ownership. That right is increasingly under assault as governments attempt to crack down on various types of firearms in the name of safety. Maj Toure is having none of it. He is the co-founder of

[ Listen Now » ](https://libertarianchristians.com/episode/black-guns-matter-with-maj-toure-godarchy-podcast-22/)

##  [ Walking the Talk: GodArchy Podcast #21 ](https://libertarianchristians.com/episode/walking-the-talk-godarchy-podcast-21/)

July 27, 2019 

What would you do if your spiritual and political beliefs evolved to the point that they were at odds with an important part of your life?David Swain had to confront this question. When his political and spiritual journey led him to reject war, he had a problem -- he worked for

[ Listen Now » ](https://libertarianchristians.com/episode/walking-the-talk-godarchy-podcast-21/)

##  [ Government Does; We Do Better! GodArchy Podcast #20 ](https://libertarianchristians.com/episode/government-does-we-do-better-godarchy-podcast-20/)

July 13, 2019 

Government does stuff. We can do it better!Do you ever get tired of politics? It seems like everything these days is political. Heck, we've even politicized chicken sandwiches. As a result, it seems like pretty much everybody looks to the political process to solve the world's problems. Everybody wants the

[ Listen Now » ](https://libertarianchristians.com/episode/government-does-we-do-better-godarchy-podcast-20/)

##  [ A Christian Defense of the Free Market With Tom Woods: GodArchy Podcast #19 ](https://libertarianchristians.com/episode/a-christian-defense-of-the-free-market-with-tom-woods-godarchy-podcast-19/)

June 28, 2019 

Christians can and should defend the free market! Christians often dismiss economic arguments saying that they are ""unspiritual"" or ""materialistic."" In his book The Church and the Market, Dr. Tom Woods cuts through that kind of silly rhetoric and makes a compelling argument for the free market from a Christian

[ Listen Now » ](https://libertarianchristians.com/episode/a-christian-defense-of-the-free-market-with-tom-woods-godarchy-podcast-19/)

##  [ A Fireside Chat With a Muslim: GodArchy Podcast #18 ](https://libertarianchristians.com/episode/a-fireside-chat-with-a-muslim-godarchy-podcast-18/)

June 14, 2019 

Can a Muslim and Christian get along on a podcast together? The answer is a resounding yes! In this episode, I chat with Muslims4Liberty cofounder Hesham El Meligy. I spend a lot of time asking Hesham questions about his faith, and he smashes some common misunderstandings and stereotypes. And of

[ Listen Now » ](https://libertarianchristians.com/episode/a-fireside-chat-with-a-muslim-godarchy-podcast-18/)

##  [ Who Am I? Identity and the Individual: GodArchy Podcast 17 ](https://libertarianchristians.com/episode/who-am-i-identity-and-the-individual-godarchy-podcast-17/)

June 1, 2019 

Identity politics is the order of the day. Could there possibly be a better way to view each other?Politicians encourage us to look at each other as members of a solitary group. Then they pit those groups against each other to gain power for themselves. In this episode of the

[ Listen Now » ](https://libertarianchristians.com/episode/who-am-i-identity-and-the-individual-godarchy-podcast-17/)

##  [ Un-Politics: GodArchy Podcast #16 ](https://libertarianchristians.com/episode/un-politics-godarchy-podcast-16/)

May 17, 2019 

What if we just ignored the government? In this episode, I talk with activist and radio show host Lou Sander about agorism, counter-economics and underground economies. Most activism directed at changing the political system involves utilizing the political system. Lou believes there is a better way -- simply do an

[ Listen Now » ](https://libertarianchristians.com/episode/un-politics-godarchy-podcast-16/)

##  [ A Fireside Chat With an Atheist: GodArchy Podcast #15 ](https://libertarianchristians.com/episode/a-fireside-chat-with-an-atheist-godarchy-podcast-15/)

May 4, 2019 

Can a Christian and an atheist find some common ground? Why yes. Yes, we can. In this episode, I talk with fellow libertarian anarchist Alan Mosley, who happens to be an atheist. We talk about our differences, find common ground, and discuss why killing people and taking their stuff isn't

[ Listen Now » ](https://libertarianchristians.com/episode/a-fireside-chat-with-an-atheist-godarchy-podcast-15/)

##  [ The Truth About America's Wars With Scott Horton: GodArchy Podcast #14 ](https://libertarianchristians.com/episode/the-truth-about-americas-wars-with-scott-horton-godarchy-podcast-14/)

April 20, 2019 

What is the truth about America's wars?   People often support America's wars because they believe them to be righteous endeavors. After all, the U.S. is fighting tyranny, toppling dictators and spreading democracy. But the truth is far different. In this episode of the GodArchy podcast, I talk to foreign

[ Listen Now » ](https://libertarianchristians.com/episode/the-truth-about-americas-wars-with-scott-horton-godarchy-podcast-14/)

##  [ This Is My Story: GodArchy Podcast #13 ](https://libertarianchristians.com/episode/this-is-my-story-godarchy-podcast-13/)

April 6, 2019 

In this episode of the GodArchy Podcast, I get personal. A couple of people have asked me to share my testimony. I've touched on it before, but in this episode, I share my spiritual journey and how it impacted my political evolution.

[ Listen Now » ](https://libertarianchristians.com/episode/this-is-my-story-godarchy-podcast-13/)

##  [ ""We"" Are Not the Government: GodArchy Podcast #12 ](https://libertarianchristians.com/episode/we-are-not-the-government-godarchy-podcast-12/)

March 23, 2019 

You often hear people assert, ""We are the government; the government is us."" In a nutshell: no! Here's a question: if we are the government, as so many people assert, why am I suing myself? (I have been involved in an open records lawsuit with the city of Lexington for

[ Listen Now » ](https://libertarianchristians.com/episode/we-are-not-the-government-godarchy-podcast-12/)

##  [ The So-Called ""Biblical Values"" of Democratic Socialism: GodArchy Podcast #11 ](https://libertarianchristians.com/episode/the-so-called-biblical-values-of-democratic-socialism-godarchy-podcast-11/)

March 15, 2019 

In this episode, Doug Stuart of the Libertarian Christian Podcast and I take apart an article touting the ""biblical values"" of democratic socialism. This article by Obery M. Hendricks Jr. published at Sojourners touted the “biblical values” of Alexandria Ocasio-Cortez’s democratic socialism. He claims it is the political philosophy that

[ Listen Now » ](https://libertarianchristians.com/episode/the-so-called-biblical-values-of-democratic-socialism-godarchy-podcast-11/)

##  [ Decentralizing the State and the Church: GodArchy Podcast #10 ](https://libertarianchristians.com/episode/decentralizing-the-state-and-the-church-godarchy-podcast-10/)

February 22, 2019 

In this episode, I talk with entrepreneur Jason Rink about decentralization of both government and the Church. Political decentralization is a fundamental libertarian concept. Should we be thinking in similar terms when it comes to the Church? In this episode of the GodArchy podcast, Jason and I discuss this idea.

[ Listen Now » ](https://libertarianchristians.com/episode/decentralizing-the-state-and-the-church-godarchy-podcast-10/)

##  [ Knocking Down Three Common Objections: GodArchy Podcast #9 ](https://libertarianchristians.com/episode/knocking-down-three-common-objections-godarchy-podcast-9/)

February 9, 2019 

I hear three objections to the ideas presented by GodArchy over and over and over again. In this podcast episode, I confront them head-on. No matter the particular subject I'm addressing, three objections to the concept of GodArchy - Christian anarchism/voluntaryism - come up time and time again. An anarchist

[ Listen Now » ](https://libertarianchristians.com/episode/knocking-down-three-common-objections-godarchy-podcast-9/)

##  [ Economics and Free Markets: GodArchy Podcast #8 ](https://libertarianchristians.com/episode/economics-and-free-markets-godarchy-podcast-8/)

January 26, 2019 

Why should we embrace free-market economics?I've had a lot of people tell me we should focus so much on economics. After all, there is more to life than money. We can't boil down everything to an economic calculation. And yet these same people vigorously advocate for imposing policies that are

[ Listen Now » ](https://libertarianchristians.com/episode/economics-and-free-markets-godarchy-podcast-8/)

##  [ Christian Nonviolence: GodArchy Podcast #7 ](https://libertarianchristians.com/episode/christian-nonviolence-godarchy-podcast-6/)

January 12, 2019 

Does following Christ involve rejecting violence?We call Jesus ""The Prince of Peace,"" but the history of Christianity has been anything but peaceful. Despite Christ's clear teaching about loving your enemies and turning the other cheek, even suggesting that Christians should embrace ""pacifism"" will make people uncomfortable, if not outright angry. Libertarians

[ Listen Now » ](https://libertarianchristians.com/episode/christian-nonviolence-godarchy-podcast-6/)

##  [ Romans 13: Obey Citizen! Really? GodArchy Podcast #6 ](https://libertarianchristians.com/episode/romans-13-obey-citizen-really-godarchy-podcast-6/)

December 29, 2018 

So, what about Romans 13? If you're a Christian and have been a libertarian for more than about 30 seconds, somebody has thrown Romans 13 at you to prove your political philosophy is incompatible with the Christian faith. The statist interpretation of these verses goes something like this assertion from a

[ Listen Now » ](https://libertarianchristians.com/episode/romans-13-obey-citizen-really-godarchy-podcast-6/)

##  [ Who Would Jesus Bomb? GodArchy Podcast #5 ](https://libertarianchristians.com/episode/who-would-jesus-bomb-godarchy-podcast-5/)

December 14, 2018 

Who would Jesus bomb? I'm going to go out on a limb and say, nobody. In this episode of the GodArchy podcast, I make the antiwar case from both a Christian and libertarian perspective. ""We pray for peace but we revel in war."" - Steve Hindelong America has been constantly

[ Listen Now » ](https://libertarianchristians.com/episode/who-would-jesus-bomb-godarchy-podcast-5/)

##  [ Yes. Taxation IS Theft: GodArchy Podcast #4 ](https://libertarianchristians.com/episode/yes-taxation-is-theft-godarchy-podcast-4/)

December 1, 2018 

You've almost certainly seen the meme: ""Taxation is theft."" But is it? Really? I tackle that question in this episode of the GodArchy Podcast. It's almost become a cliche', particularly in libertarian circles. We see the memes all over Facebook. It's become a go-to retort in comment threads. You can

[ Listen Now » ](https://libertarianchristians.com/episode/yes-taxation-is-theft-godarchy-podcast-4/)

##  [ Love Your Neighbor - The Non-Aggression Principle: GodArchy Podcast #3 ](https://libertarianchristians.com/episode/love-your-neighbor-the-non-aggression-principle-godarchy-podcast-3/)

November 17, 2018 

Don't hit people. Don't take their stuff. Or as Jesus put it, ""Love your neighbor as yourself."" This episode of the GodArchy podcast features a discussion on the non-aggression principle. In episode #2, I talked about the principle of self-ownership. In episode #3, I discuss a key ethical extension of

[ Listen Now » ](https://libertarianchristians.com/episode/love-your-neighbor-the-non-aggression-principle-godarchy-podcast-3/)

##  [ Who Owns You? GodArchy Podcast #2 ](https://libertarianchristians.com/episode/who-owns-you-godarchy-podcast-2/)

November 3, 2018 

Who owns you? How you answer this questions has important ramifications and should inform the way you interact with other people. In the next two episodes, I am going to cover two foundational ideas that underlie the GodArchy worldview -- self-ownership and the non-aggression principle. In this episode, I tackle self-ownership.

[ Listen Now » ](https://libertarianchristians.com/episode/who-owns-you-godarchy-podcast-2/)

##  [ What Is This GodArchy Thing All About? GodArchy Podcast #1 ](https://libertarianchristians.com/episode/what-is-this-godarchy-thing-all-about-godarchy-podcast-1/)

October 20, 2018 

It's the inaugural episode of the GodArchy Podcast.For more than a year, people have been telling me I need to start a GodArchy podcast. I've fought the idea. But I finally gave in. In the first episode, I explain the concept behind GodArchy and provide a brief overview of the

[ Listen Now » ](https://libertarianchristians.com/episode/what-is-this-godarchy-thing-all-about-godarchy-podcast-1/)

### Browse more Christians for Liberty Network Shows

[ ](/shows/libertarian-christian-podcast/)

[ ](/shows/reformed-libertarians-podcast/)

[ ](/shows/greenroom/)

[ ](/shows/biblical-anarchy/)

[ ](/shows/protestant-libertarian-podcast/)

[ ](/shows/faithful-ventures/)

[ ](/shows/good-news-bad-news/)

[ ](/shows/faith-seeking-freedom-podcast/)

[ ](/shows/godarchy-podcast/)

The Christians for Liberty Network is a project of the Libertarian Christian Institute consisting of shows and hosts offering various perspectives on the intersection of Christianity and libertarianism. Views expressed by hosts and guests do not necessarily reflect the view of the organization, its staff, board members, donors, or any other affiliates (including other hosts or guests on the network). Guest appearances or interviews of any incumbents, officials, or candidates for any political, party, or government office should not be construed as endorsements. The Libertarian Christian Institute is a 501(c)(3) non-profit organization and does not endorse any political party or candidate for any political, government, or party office. For information about the Libertarian Christian Institute’s core values, please visit [this page](/mission/).",https://libertarianchristians.com/shows/godarchy-podcast/
29384,2022-10-19T10:08:00,Reformed Libertarians Podcast,Doug Stuart,"[ Podcast ](https://podcasts.apple.com/us/podcast/the-reformed-libertarians-podcast/id1653016267) [ Spotify ](https://open.spotify.com/show/55Ppxt0bNtqv2JtdmfCvZp) [ Google-play ](https://podcasts.google.com/feed/aHR0cHM6Ly9mZWVkcy5saWJzeW4uY29tLzQ0NTczNy9yc3M) [ Amazon ](https://music.amazon.com/podcasts/559d780a-faee-4f4c-9007-5875b8b6da77/the-reformed-libertarians-podcast) [ Youtube ](https://www.youtube.com/@reformedlibertarians?sub_confirmation=1)

The Reformed Libertarians Podcast aims to educate and inspire listeners to intelligently embrace and passionately promote a view of libertarianism as grounded in the Reformed Faith, and informed by a Reformed worldview.

Exploring free society from a Reformed perspective, hosts Kerry Baldwin and Gregory Baus discuss culture, society, politics, economics, theology, philosophy, worldview, and more. Follow the show at reformedlibertarians.com and discover how to think about liberty and human flourishing based in the Reformed Faith.

Support This Podcast

### Meet the Hosts

[ ](https://libertarianchristians.com/lciteam/kerry-baldwin/)

#### [ Kerry Baldwin  ](https://libertarianchristians.com/lciteam/kerry-baldwin/)

An independent researcher, co-author, and Socratic coach with a BA in Philosophy. She is a confessional Presbyterian and became a libertarian in 2008. Her interests include puzzles and brain teasers.

[ ](https://libertarianchristians.com/lciteam/gregory-baus/)

#### [ Gregory Baus  ](https://libertarianchristians.com/lciteam/gregory-baus/)

A confessional Presbyterian and student of Reformational philosophy. He became a libertarian anarchist in 2008. His personal interests include classic diners, folk and jazz music, and speculative fiction.

[ ](https://libertarianchristians.com/episode/ep-24-why-non-christian-libertarians-should-and-how-they-can-become-christians/)

##  [ Ep 24 - Why Non-Christian Libertarians Should (And How They Can) Become Christians ](https://libertarianchristians.com/episode/ep-24-why-non-christian-libertarians-should-and-how-they-can-become-christians/)

May 29, 2025 

[ Listen Now » ](https://libertarianchristians.com/episode/ep-24-why-non-christian-libertarians-should-and-how-they-can-become-christians/)

[ ](https://libertarianchristians.com/episode/ep-23-calvin-thomism-and-natural-law-libertarianism-with-jonathan-mcintosh/)

##  [ Ep. 23: Calvin, Thomism, and Natural Law Libertarianism, with Jonathan McIntosh ](https://libertarianchristians.com/episode/ep-23-calvin-thomism-and-natural-law-libertarianism-with-jonathan-mcintosh/)

April 10, 2025 

[ Listen Now » ](https://libertarianchristians.com/episode/ep-23-calvin-thomism-and-natural-law-libertarianism-with-jonathan-mcintosh/)

[ ](https://libertarianchristians.com/episode/cultural-context-of-politics/)

##  [ Ep 22: The Cultural Context Of Politics ](https://libertarianchristians.com/episode/cultural-context-of-politics/)

February 20, 2025 

[ Listen Now » ](https://libertarianchristians.com/episode/cultural-context-of-politics/)

[ ](https://libertarianchristians.com/episode/ep-21-two-kingdoms-and-christian-cultural-activity/)

##  [ Ep 21: Two Kingdoms and Christian Cultural Activity ](https://libertarianchristians.com/episode/ep-21-two-kingdoms-and-christian-cultural-activity/)

December 21, 2024 

[ Listen Now » ](https://libertarianchristians.com/episode/ep-21-two-kingdoms-and-christian-cultural-activity/)

[ ](https://libertarianchristians.com/episode/rlp-ep-20/)

##  [ Ep 20: A Review Of Highlights ](https://libertarianchristians.com/episode/rlp-ep-20/)

November 21, 2024 

[ Listen Now » ](https://libertarianchristians.com/episode/rlp-ep-20/)

[ ](https://libertarianchristians.com/episode/bonus-episode-replies-from-david-vandrunen-on-state-illegitimacy/)

##  [ Bonus Episode: Replies from David VanDrunen On State Illegitimacy ](https://libertarianchristians.com/episode/bonus-episode-replies-from-david-vandrunen-on-state-illegitimacy/)

September 26, 2024 

[ Listen Now » ](https://libertarianchristians.com/episode/bonus-episode-replies-from-david-vandrunen-on-state-illegitimacy/)

[ ](https://libertarianchristians.com/episode/ep-19-the-myth-of-religious-neutrality/)

##  [ Ep 19: The Myth Of Religious Neutrality ](https://libertarianchristians.com/episode/ep-19-the-myth-of-religious-neutrality/)

September 12, 2024 

[ Listen Now » ](https://libertarianchristians.com/episode/ep-19-the-myth-of-religious-neutrality/)

[ ](https://libertarianchristians.com/episode/politics-and-the-churchs-mission-what-should-the-church-teach-about-civil-government/)

##  [ Ep 18: Politics and the Church's Mission: What Should the Church Teach About Civil Government? ](https://libertarianchristians.com/episode/politics-and-the-churchs-mission-what-should-the-church-teach-about-civil-government/)

August 15, 2024 

[ Listen Now » ](https://libertarianchristians.com/episode/politics-and-the-churchs-mission-what-should-the-church-teach-about-civil-government/)

[ ](https://libertarianchristians.com/episode/david-vandrunens-view-of-civil-government-with-taylor-drummond/)

##  [ Ep 17: David VanDrunen’s View Of Civil Government, with Taylor Drummond ](https://libertarianchristians.com/episode/david-vandrunens-view-of-civil-government-with-taylor-drummond/)

July 18, 2024 

[ Listen Now » ](https://libertarianchristians.com/episode/david-vandrunens-view-of-civil-government-with-taylor-drummond/)

[ ](https://libertarianchristians.com/episode/the-five-elements-and-epochs-of-the-kingdom-of-god/)

##  [ Ep 16: The Five Elements and Epochs of The Kingdom Of God ](https://libertarianchristians.com/episode/the-five-elements-and-epochs-of-the-kingdom-of-god/)

June 6, 2024 

[ Listen Now » ](https://libertarianchristians.com/episode/the-five-elements-and-epochs-of-the-kingdom-of-god/)

[ ](https://libertarianchristians.com/episode/should-christian-libertarians-reject-biblical-inerrancy/)

##  [ Bonus: Should Christian Libertarians Reject Biblical Inerrancy? ](https://libertarianchristians.com/episode/should-christian-libertarians-reject-biblical-inerrancy/)

January 25, 2024 

[ Listen Now » ](https://libertarianchristians.com/episode/should-christian-libertarians-reject-biblical-inerrancy/)

[ ](https://libertarianchristians.com/episode/rlp-break-announcement/)

##  [ Bonus: RLP Break Announcement ](https://libertarianchristians.com/episode/rlp-break-announcement/)

May 4, 2023 

[ Listen Now » ](https://libertarianchristians.com/episode/rlp-break-announcement/)

[ ](https://libertarianchristians.com/episode/can-christian-civil-government-be-theocratic/)

##  [ Ep 15: Can Christian Civil Government Be Theocratic? ](https://libertarianchristians.com/episode/can-christian-civil-government-be-theocratic/)

April 20, 2023 

[ Listen Now » ](https://libertarianchristians.com/episode/can-christian-civil-government-be-theocratic/)

[ ](https://libertarianchristians.com/episode/does-political-representation-make-sense-gerard-casey/)

##  [ Ep 14: Does Political Representation Make Sense?, with Gerard Casey ](https://libertarianchristians.com/episode/does-political-representation-make-sense-gerard-casey/)

April 6, 2023 

[ Listen Now » ](https://libertarianchristians.com/episode/does-political-representation-make-sense-gerard-casey/)

[ ](https://libertarianchristians.com/episode/ep-13-what-do-we-mean-by-scripture-alone/)

##  [ Ep 13: What Do We Mean By ""Scripture Alone""? ](https://libertarianchristians.com/episode/ep-13-what-do-we-mean-by-scripture-alone/)

March 23, 2023 

[ Listen Now » ](https://libertarianchristians.com/episode/ep-13-what-do-we-mean-by-scripture-alone/)

[ ](https://libertarianchristians.com/episode/is-civil-governance-without-the-state-plausible/)

##  [ Ep 12: Is Civil Governance Without The State Plausible? ](https://libertarianchristians.com/episode/is-civil-governance-without-the-state-plausible/)

March 9, 2023 

[ Listen Now » ](https://libertarianchristians.com/episode/is-civil-governance-without-the-state-plausible/)

[ ](https://libertarianchristians.com/episode/truth-about-the-great-depression-lawrence-w-reed/)

##  [ Ep 11: The Truth About The Great Depression with Lawrence W Reed ](https://libertarianchristians.com/episode/truth-about-the-great-depression-lawrence-w-reed/)

February 23, 2023 

[ Listen Now » ](https://libertarianchristians.com/episode/truth-about-the-great-depression-lawrence-w-reed/)

[ ](https://libertarianchristians.com/episode/climate-alarmism-cornwall-alliance/)

##  [ Ep 10: Climate Alarmism and the Cornwall Alliance ](https://libertarianchristians.com/episode/climate-alarmism-cornwall-alliance/)

February 9, 2023 

[ Listen Now » ](https://libertarianchristians.com/episode/climate-alarmism-cornwall-alliance/)

[ ](https://libertarianchristians.com/episode/social-hierarchy-economics-the-state-inevitable/)

##  [ Ep 9: Does Social Hierarchy or Economics Make The State Inevitable? ](https://libertarianchristians.com/episode/social-hierarchy-economics-the-state-inevitable/)

January 26, 2023 

[ Listen Now » ](https://libertarianchristians.com/episode/social-hierarchy-economics-the-state-inevitable/)

[ ](https://libertarianchristians.com/episode/boetie-peaceful-of-the-state/)

##  [ Ep 8: The Boetie Option: The Peaceful Underthrow Of The State ](https://libertarianchristians.com/episode/boetie-peaceful-of-the-state/)

January 12, 2023 

[ Listen Now » ](https://libertarianchristians.com/episode/boetie-peaceful-of-the-state/)

[ ](https://libertarianchristians.com/episode/can-libertarians-be-conservatives/)

##  [ Ep 7: Can Libertarians Be Conservatives? ](https://libertarianchristians.com/episode/can-libertarians-be-conservatives/)

December 29, 2022 

[ Listen Now » ](https://libertarianchristians.com/episode/can-libertarians-be-conservatives/)

[ ](https://libertarianchristians.com/episode/right-of-resistance/)

##  [ Ep 6: Why Is The Right Of Resistance Important? ](https://libertarianchristians.com/episode/right-of-resistance/)

December 15, 2022 

[ Listen Now » ](https://libertarianchristians.com/episode/right-of-resistance/)

[ ](https://libertarianchristians.com/episode/does-sin-make-civil-government-necessary/)

##  [ Ep 5: Does Sin Make Civil Government Necessary? ](https://libertarianchristians.com/episode/does-sin-make-civil-government-necessary/)

December 1, 2022 

[ Listen Now » ](https://libertarianchristians.com/episode/does-sin-make-civil-government-necessary/)

[ ](https://libertarianchristians.com/episode/christians-view-culture/)

##  [ Ep 4: How Should Christians View Culture and What Are Some Mistaken Views? ](https://libertarianchristians.com/episode/christians-view-culture/)

November 17, 2022 

[ Listen Now » ](https://libertarianchristians.com/episode/christians-view-culture/)

[ ](https://libertarianchristians.com/episode/civil-government-legitimate/)

##  [ Ep 3: What Makes Civil Government Legitimate? ](https://libertarianchristians.com/episode/civil-government-legitimate/)

November 11, 2022 

[ Listen Now » ](https://libertarianchristians.com/episode/civil-government-legitimate/)

[ ](https://libertarianchristians.com/episode/ep-2-what-does-romans-13-say-about-civil-government/)

##  [ Ep 2: What Does Romans 13 Say About Civil Government? ](https://libertarianchristians.com/episode/ep-2-what-does-romans-13-say-about-civil-government/)

November 11, 2022 

[ Listen Now » ](https://libertarianchristians.com/episode/ep-2-what-does-romans-13-say-about-civil-government/)

[ ](https://libertarianchristians.com/episode/the-reformed-libertarians-podcast-introduction/)

##  [ Ep 1: The Reformed Libertarians Podcast Introduction ](https://libertarianchristians.com/episode/the-reformed-libertarians-podcast-introduction/)

November 7, 2022 

[ Listen Now » ](https://libertarianchristians.com/episode/the-reformed-libertarians-podcast-introduction/)

### Browse more Christians for Liberty Network Shows

[ ](/shows/libertarian-christian-podcast/)

[ ](/shows/reformed-libertarians-podcast/)

[ ](/shows/greenroom/)

[ ](/shows/biblical-anarchy/)

[ ](/shows/protestant-libertarian-podcast/)

[ ](/shows/faithful-ventures/)

[ ](/shows/good-news-bad-news/)

[ ](/shows/faith-seeking-freedom-podcast/)

[ ](/shows/godarchy-podcast/)

The Christians for Liberty Network is a project of the Libertarian Christian Institute consisting of shows and hosts offering various perspectives on the intersection of Christianity and libertarianism. Views expressed by hosts and guests do not necessarily reflect the view of the organization, its staff, board members, donors, or any other affiliates (including other hosts or guests on the network). Guest appearances or interviews of any incumbents, officials, or candidates for any political, party, or government office should not be construed as endorsements. The Libertarian Christian Institute is a 501(c)(3) non-profit organization and does not endorse any political party or candidate for any political, government, or party office. For information about the Libertarian Christian Institute’s core values, please visit [this page](/mission/).",https://libertarianchristians.com/shows/reformed-libertarians-podcast/
29382,2022-10-19T10:06:42,Christians for Liberty Network,Doug Stuart,"The Libertarian Christian Institute is pleased to announce the Christians for Liberty Network, a collection of podcasts, shows, and other media featuring the voices and perspectives of a diverse group of libertarian Christians. 

Whether you're looking for an exegetical take on Romans 13, the libertarian Christian angle on the news, how the Bible displays the prophetic voice against empire, or if you simply have a question that needs a solid answer, the Christians for Liberty Network will be your favorite source!

[ ](/shows/libertarian-christian-podcast/)

[ ](/shows/protestant-libertarian-podcast/)

[ ](/shows/faith-ventures/)

[ ](/shows/biblical-anarchy/)

[ ](/shows/greenroom/)

[ ](/shows/reformed-libertarians-podcast/)

[ ](/shows/faith-seeking-freedom-podcast/)

[ ](/shows/good-news-bad-news/)

[ ](/shows/godarchy-podcast/)

## Latest Episodes

[ ](https://libertarianchristians.com/episode/ep-212-why-anabaptists-arent-like-other-protestants-with-cody-cook/ ""Ep 212: Why Anabaptists Aren’t Like Other Protestants with Cody Cook"")

[Protestant Libertarian Podcast](https://libertarianchristians.com/show/protestant-libertarian-podcast/)

##  [Ep 212: Why Anabaptists Aren’t Like Other Protestants with Cody Cook](https://libertarianchristians.com/episode/ep-212-why-anabaptists-arent-like-other-protestants-with-cody-cook/)

[ ](https://libertarianchristians.com/episode/ep-416-the-future-of-the-libertarian-party-with-paul-darr/ ""Ep 416 – The Future of the Libertarian Party, with Paul Darr"")

[Libertarian Christian Podcast](https://libertarianchristians.com/show/libertarian-christian-podcast/)

##  [Ep 416 - The Future of the Libertarian Party, with Paul Darr](https://libertarianchristians.com/episode/ep-416-the-future-of-the-libertarian-party-with-paul-darr/)

[ ](https://libertarianchristians.com/episode/ep-103-without-the-state-itll-be-anarchy-and-thats-a-good-thing-actually/ ""Ep. 103: Without the State, It’ll Be Anarchy!! And That’s a Good Thing, Actually"")

[Biblical Anarchy Podcast](https://libertarianchristians.com/show/biblical-anarchy/)

##  [Ep. 103: Without the State, It'll Be Anarchy!! And That's a Good Thing, Actually](https://libertarianchristians.com/episode/ep-103-without-the-state-itll-be-anarchy-and-thats-a-good-thing-actually/)

[ ](https://libertarianchristians.com/episode/ep-211-progressive-christians-are-left-wing-christian-nationalists/ ""Ep 211: Progressive Christians are Left-Wing Christian Nationalists"")

[Protestant Libertarian Podcast](https://libertarianchristians.com/show/protestant-libertarian-podcast/)

##  [Ep 211: Progressive Christians are Left-Wing Christian Nationalists](https://libertarianchristians.com/episode/ep-211-progressive-christians-are-left-wing-christian-nationalists/)

[ ](https://libertarianchristians.com/episode/ep-415-can-libertarians-make-immigration-great-again-with-alex-nowrasteh/ ""Ep 415: Can Libertarians Make Immigration Great Again? with Alex Nowrasteh"")

[Libertarian Christian Podcast](https://libertarianchristians.com/show/libertarian-christian-podcast/)

##  [Ep 415: Can Libertarians Make Immigration Great Again? with Alex Nowrasteh](https://libertarianchristians.com/episode/ep-415-can-libertarians-make-immigration-great-again-with-alex-nowrasteh/)

[ ](https://libertarianchristians.com/episode/ep-102-is-america-the-bad-guy-exploring-the-myth-of-american-exceptionalism/ ""Ep. 102: Is America The Bad Guy? Exploring the Myth of American Exceptionalism"")

[Biblical Anarchy Podcast](https://libertarianchristians.com/show/biblical-anarchy/)

##  [Ep. 102: Is America The Bad Guy? Exploring the Myth of American Exceptionalism](https://libertarianchristians.com/episode/ep-102-is-america-the-bad-guy-exploring-the-myth-of-american-exceptionalism/)

[ ](https://libertarianchristians.com/episode/ep-210-revisiting-romans-13/ ""Ep 210: Revisiting Romans 13"")

[Protestant Libertarian Podcast](https://libertarianchristians.com/show/protestant-libertarian-podcast/)

##  [Ep 210: Revisiting Romans 13](https://libertarianchristians.com/episode/ep-210-revisiting-romans-13/)

[ ](https://libertarianchristians.com/episode/episode-414-from-1999-to-here-how-the-triumph-of-low-culture-created-our-political-moment-with-ross-benes/ ""Episode 414 – From 1999 to Here: How the Triumph of Low Culture Created Our Political Moment, with Ross Benes"")

[Libertarian Christian Podcast](https://libertarianchristians.com/show/libertarian-christian-podcast/)

##  [Episode 414 - From 1999 to Here: How the Triumph of Low Culture Created Our Political Moment, with Ross Benes](https://libertarianchristians.com/episode/episode-414-from-1999-to-here-how-the-triumph-of-low-culture-created-our-political-moment-with-ross-benes/)

[ ](https://libertarianchristians.com/episode/ep-101-what-is-degeneracy-how-the-christian-right-dehumanizes-their-neighbors/ ""Ep. 101 – What is Degeneracy? How the Christian Right Dehumanizes Their Neighbors"")

[Biblical Anarchy Podcast](https://libertarianchristians.com/show/biblical-anarchy/)

##  [Ep. 101 - What is Degeneracy? How the Christian Right Dehumanizes Their Neighbors](https://libertarianchristians.com/episode/ep-101-what-is-degeneracy-how-the-christian-right-dehumanizes-their-neighbors/)

[ ](https://libertarianchristians.com/episode/ep-209-an-introduction-to-christian-libertarianism-part-2/ ""Ep 209: An Introduction to Christian Libertarianism \(Part 2\)"")

[Protestant Libertarian Podcast](https://libertarianchristians.com/show/protestant-libertarian-podcast/)

##  [Ep 209: An Introduction to Christian Libertarianism (Part 2)](https://libertarianchristians.com/episode/ep-209-an-introduction-to-christian-libertarianism-part-2/)

[ ](https://libertarianchristians.com/episode/you-are-the-power-and-christ-is-king-with-spike-cohen/ ""You Are The Power and Christ is King with Spike Cohen"")

[LCI Greenroom](https://libertarianchristians.com/show/greenroom/)

##  [You Are The Power and Christ is King with Spike Cohen](https://libertarianchristians.com/episode/you-are-the-power-and-christ-is-king-with-spike-cohen/)

[ ](https://libertarianchristians.com/episode/episode-413-mere-economics-with-caleb-s-fuller/ ""Episode 413 – Mere Economics, with Caleb S. Fuller"")

[Libertarian Christian Podcast](https://libertarianchristians.com/show/libertarian-christian-podcast/)

##  [Episode 413 - Mere Economics, with Caleb S. Fuller](https://libertarianchristians.com/episode/episode-413-mere-economics-with-caleb-s-fuller/)

[ ](https://libertarianchristians.com/episode/is-the-libertarian-party-americas-last-hope-with-lnc-chair-steven-nekhaila/ ""Is the Libertarian Party America’s Last Hope? with LNC Chair Steven Nekhaila"")

[LCI Greenroom](https://libertarianchristians.com/show/greenroom/)

##  [Is the Libertarian Party America's Last Hope? with LNC Chair Steven Nekhaila](https://libertarianchristians.com/episode/is-the-libertarian-party-americas-last-hope-with-lnc-chair-steven-nekhaila/)

[ ](https://libertarianchristians.com/episode/radical-ideology-or-american-empire-can-islam-peacefully-coexist-with-the-west/ ""Radical Ideology or American Empire? Can Islam Peacefully Coexist with the West?"")

[Biblical Anarchy Podcast](https://libertarianchristians.com/show/biblical-anarchy/)

##  [Radical Ideology or American Empire? Can Islam Peacefully Coexist with the West?](https://libertarianchristians.com/episode/radical-ideology-or-american-empire-can-islam-peacefully-coexist-with-the-west/)

[ ](https://libertarianchristians.com/episode/ep-208-an-introduction-to-christian-libertarianism-part-1/ ""Ep 208: An Introduction to Christian Libertarianism \(Part 1\)"")

[Protestant Libertarian Podcast](https://libertarianchristians.com/show/protestant-libertarian-podcast/)

##  [Ep 208: An Introduction to Christian Libertarianism (Part 1)](https://libertarianchristians.com/episode/ep-208-an-introduction-to-christian-libertarianism-part-1/)

[ ](https://libertarianchristians.com/episode/episode-412-beyond-open-vs-closed-borders/ ""Episode 412 – Beyond Open vs. Closed Borders"")

[Libertarian Christian Podcast](https://libertarianchristians.com/show/libertarian-christian-podcast/)

##  [Episode 412 - Beyond Open vs. Closed Borders](https://libertarianchristians.com/episode/episode-412-beyond-open-vs-closed-borders/)

[ ](https://libertarianchristians.com/episode/ep-207-religion-in-modern-america/ ""Ep 207: Religion in Modern America"")

[Protestant Libertarian Podcast](https://libertarianchristians.com/show/protestant-libertarian-podcast/)

##  [Ep 207: Religion in Modern America](https://libertarianchristians.com/episode/ep-207-religion-in-modern-america/)

[ ](https://libertarianchristians.com/episode/ep-411-prehistoric-anarchist-societies-with-dr-charles-stanish/ ""Ep 411 – Prehistoric Anarchist Societies? with Dr. Charles Stanish"")

[Libertarian Christian Podcast](https://libertarianchristians.com/show/libertarian-christian-podcast/)

##  [Ep 411 - Prehistoric Anarchist Societies? with Dr. Charles Stanish](https://libertarianchristians.com/episode/ep-411-prehistoric-anarchist-societies-with-dr-charles-stanish/)

[ ](https://libertarianchristians.com/episode/can-we-stop-world-war-3-by-grilling-the-danger-of-putting-faith-in-politics-bonus/ ""Can We Stop World War 3 By…Grilling? The Danger of Putting Faith in Politics \(Bonus\)"")

[Biblical Anarchy Podcast](https://libertarianchristians.com/show/biblical-anarchy/)

##  [Can We Stop World War 3 By…Grilling? The Danger of Putting Faith in Politics (Bonus)](https://libertarianchristians.com/episode/can-we-stop-world-war-3-by-grilling-the-danger-of-putting-faith-in-politics-bonus/)

[ ](https://libertarianchristians.com/episode/ep-206-imitation-in-early-christianity-with-cornelis-bennema/ ""Ep 206: Imitation in Early Christianity with Cornelis Bennema"")

[Protestant Libertarian Podcast](https://libertarianchristians.com/show/protestant-libertarian-podcast/)

##  [Ep 206: Imitation in Early Christianity with Cornelis Bennema](https://libertarianchristians.com/episode/ep-206-imitation-in-early-christianity-with-cornelis-bennema/)

[ ](https://libertarianchristians.com/episode/ep-410-trespassing-or-invited-soho-forum-debate-analysis/ ""Ep 410: Trespassing or Invited? Soho Forum Debate Analysis"")

[Libertarian Christian Podcast](https://libertarianchristians.com/show/libertarian-christian-podcast/)

##  [Ep 410: Trespassing or Invited? Soho Forum Debate Analysis](https://libertarianchristians.com/episode/ep-410-trespassing-or-invited-soho-forum-debate-analysis/)

[ ](https://libertarianchristians.com/episode/ep-100-christian-anarchy-is-going-mainstream-and-thats-a-good-thing/ ""Ep. 100: Christian Anarchy Is Going Mainstream – And That’s a Good Thing"")

[Biblical Anarchy Podcast](https://libertarianchristians.com/show/biblical-anarchy/)

##  [Ep. 100: Christian Anarchy Is Going Mainstream – And That’s a Good Thing](https://libertarianchristians.com/episode/ep-100-christian-anarchy-is-going-mainstream-and-thats-a-good-thing/)

[ ](https://libertarianchristians.com/episode/ep-205-faith-and-finances-with-kyle-scott/ ""Ep 205: Faith and Finances with Kyle Scott"")

[Protestant Libertarian Podcast](https://libertarianchristians.com/show/protestant-libertarian-podcast/)

##  [Ep 205: Faith and Finances with Kyle Scott](https://libertarianchristians.com/episode/ep-205-faith-and-finances-with-kyle-scott/)

[ ](https://libertarianchristians.com/episode/we-were-early-not-wrong-trump-elon-the-coming-debt-bomb/ ""“We Were Early, Not Wrong” – Trump, Elon & the Coming Debt Bomb"")

[LCI Greenroom](https://libertarianchristians.com/show/greenroom/)

##  [""We Were Early, Not Wrong"" - Trump, Elon & the Coming Debt Bomb](https://libertarianchristians.com/episode/we-were-early-not-wrong-trump-elon-the-coming-debt-bomb/)

[ ](https://libertarianchristians.com/episode/ep-409-make-racism-great-again-again-with-jacob-winograd-cody-cook/ ""Ep 409: Make Racism Great Again… Again? with Jacob Winograd & Cody Cook"")

[Libertarian Christian Podcast](https://libertarianchristians.com/show/libertarian-christian-podcast/)

##  [Ep 409: Make Racism Great Again… Again? with Jacob Winograd & Cody Cook](https://libertarianchristians.com/episode/ep-409-make-racism-great-again-again-with-jacob-winograd-cody-cook/)

[ ](https://libertarianchristians.com/episode/ep-99-is-james-lindsay-twisting-just-war-theory-to-defend-israel/ ""Ep. 99: Is James Lindsay Twisting Just War Theory to Defend Israel?"")

[Biblical Anarchy Podcast](https://libertarianchristians.com/show/biblical-anarchy/)

##  [Ep. 99: Is James Lindsay Twisting Just War Theory to Defend Israel?](https://libertarianchristians.com/episode/ep-99-is-james-lindsay-twisting-just-war-theory-to-defend-israel/)

[ ](https://libertarianchristians.com/episode/faith-ventures-living-a-life-of-significance-with-mark-whitacre/ ""Faith Ventures: Living a Life of Significance, with Mark Whitacre"")

[Faith Ventures Podcast](https://libertarianchristians.com/show/faith-ventures/)

##  [Faith Ventures: Living a Life of Significance, with Mark Whitacre](https://libertarianchristians.com/episode/faith-ventures-living-a-life-of-significance-with-mark-whitacre/)

[ ](https://libertarianchristians.com/episode/ep-204-the-political-witness-of-the-church-with-allan-bevere/ ""Ep 204: The Political Witness of the Church with Allan Bevere"")

[Protestant Libertarian Podcast](https://libertarianchristians.com/show/protestant-libertarian-podcast/)

##  [Ep 204: The Political Witness of the Church with Allan Bevere](https://libertarianchristians.com/episode/ep-204-the-political-witness-of-the-church-with-allan-bevere/)

[ ](https://libertarianchristians.com/episode/episode-408-rethinking-the-war-on-drugs-with-jane-clair-tyner/ ""Episode 408 – Rethinking the War on Drugs, with Jane Clair Tyner"")

[Libertarian Christian Podcast](https://libertarianchristians.com/show/libertarian-christian-podcast/)

##  [Episode 408 - Rethinking the War on Drugs, with Jane Clair Tyner](https://libertarianchristians.com/episode/episode-408-rethinking-the-war-on-drugs-with-jane-clair-tyner/)

[ ](https://libertarianchristians.com/episode/ep-98-why-the-relationship-between-israel-and-christians-matters/ ""Ep. 98: Why the Relationship Between Israel and Christians Matters"")

[Biblical Anarchy Podcast](https://libertarianchristians.com/show/biblical-anarchy/)

##  [Ep. 98: Why the Relationship Between Israel and Christians Matters](https://libertarianchristians.com/episode/ep-98-why-the-relationship-between-israel-and-christians-matters/)

[ ](https://libertarianchristians.com/episode/ep-24-why-non-christian-libertarians-should-and-how-they-can-become-christians/ ""Ep 24 – Why Non-Christian Libertarians Should \(And How They Can\) Become Christians"")

[Reformed Libertarians Podcast](https://libertarianchristians.com/show/reformed-libertarians-podcast/)

##  [Ep 24 - Why Non-Christian Libertarians Should (And How They Can) Become Christians](https://libertarianchristians.com/episode/ep-24-why-non-christian-libertarians-should-and-how-they-can-become-christians/)

[ ](https://libertarianchristians.com/episode/ep-203-the-second-temple-the-sanhedrin-and-1st-century-jewish-politics/ ""Ep 203: The Second Temple, the Sanhedrin, and 1st Century Jewish Politics"")

[Protestant Libertarian Podcast](https://libertarianchristians.com/show/protestant-libertarian-podcast/)

##  [Ep 203: The Second Temple, the Sanhedrin, and 1st Century Jewish Politics](https://libertarianchristians.com/episode/ep-203-the-second-temple-the-sanhedrin-and-1st-century-jewish-politics/)

[ ](https://libertarianchristians.com/episode/ep-407-the-pocket-anabaptist-with-cody-cook/ ""Ep 407: The Pocket Anabaptist, with Cody Cook"")

[Libertarian Christian Podcast](https://libertarianchristians.com/show/libertarian-christian-podcast/)

##  [Ep 407: The Pocket Anabaptist, with Cody Cook](https://libertarianchristians.com/episode/ep-407-the-pocket-anabaptist-with-cody-cook/)

[ ](https://libertarianchristians.com/episode/ep-97-why-this-powerful-debate-with-andrew-wilson-exposed-christian-nationalism/ ""Ep. 97 – Why This Powerful Debate With Andrew Wilson Exposed Christian Nationalism"")

[Biblical Anarchy Podcast](https://libertarianchristians.com/show/biblical-anarchy/)

##  [Ep. 97 - Why This Powerful Debate With Andrew Wilson Exposed Christian Nationalism](https://libertarianchristians.com/episode/ep-97-why-this-powerful-debate-with-andrew-wilson-exposed-christian-nationalism/)

[ ](https://libertarianchristians.com/episode/ep-202-paul-apostle-of-grace-with-frank-thielman/ ""Ep 202: Paul, Apostle of Grace with Frank Thielman"")

[Protestant Libertarian Podcast](https://libertarianchristians.com/show/protestant-libertarian-podcast/)

##  [Ep 202: Paul, Apostle of Grace with Frank Thielman](https://libertarianchristians.com/episode/ep-202-paul-apostle-of-grace-with-frank-thielman/)

[ ](https://libertarianchristians.com/episode/ep-406-seeing-through-political-narratives-with-george-yancey/ ""Ep 406: Seeing Through Political Narratives, with George Yancey"")

[Libertarian Christian Podcast](https://libertarianchristians.com/show/libertarian-christian-podcast/)

##  [Ep 406: Seeing Through Political Narratives, with George Yancey](https://libertarianchristians.com/episode/ep-406-seeing-through-political-narratives-with-george-yancey/)

[ ](https://libertarianchristians.com/episode/make-racism-great-again-the-rise-of-identity-politics-on-the-right-with-cody-cook/ ""Make Racism Great Again? The Rise of Identity Politics on the Right with Cody Cook"")

[Biblical Anarchy Podcast](https://libertarianchristians.com/show/biblical-anarchy/)

##  [Make Racism Great Again? The Rise of Identity Politics on the Right with Cody Cook](https://libertarianchristians.com/episode/make-racism-great-again-the-rise-of-identity-politics-on-the-right-with-cody-cook/)

[ ](https://libertarianchristians.com/episode/ep-201-interpreting-jesus-with-dale-allison/ ""Ep 201: Interpreting Jesus with Dale Allison"")

[Protestant Libertarian Podcast](https://libertarianchristians.com/show/protestant-libertarian-podcast/)

##  [Ep 201: Interpreting Jesus with Dale Allison](https://libertarianchristians.com/episode/ep-201-interpreting-jesus-with-dale-allison/)

[ ](https://libertarianchristians.com/episode/dave-decamp-on-iran-yemen-ukraine-and-gaza-what-are-we-even-doing/ ""Dave Decamp on Iran, Yemen, Ukraine, and Gaza: What Are We Even Doing?"")

[Biblical Anarchy Podcast](https://libertarianchristians.com/show/biblical-anarchy/)

##  [Dave Decamp on Iran, Yemen, Ukraine, and Gaza: What Are We Even Doing?](https://libertarianchristians.com/episode/dave-decamp-on-iran-yemen-ukraine-and-gaza-what-are-we-even-doing/)

[ ](https://libertarianchristians.com/episode/ep-405-what-if-jesus-were-president/ ""Ep 405: What if Jesus Were President?"")

[Libertarian Christian Podcast](https://libertarianchristians.com/show/libertarian-christian-podcast/)

##  [Ep 405: What if Jesus Were President?](https://libertarianchristians.com/episode/ep-405-what-if-jesus-were-president/)

[ ](https://libertarianchristians.com/episode/ep-200-mercantilism-capitalism-marx-and-trumps-tariffs-with-richard-fulmer/ ""Ep 200: Mercantilism, Capitalism, Marx, and Trump’s Tariffs with Richard Fulmer"")

##  [Ep 200: Mercantilism, Capitalism, Marx, and Trump’s Tariffs with Richard Fulmer](https://libertarianchristians.com/episode/ep-200-mercantilism-capitalism-marx-and-trumps-tariffs-with-richard-fulmer/)

[ ](https://libertarianchristians.com/episode/ep-404-libertarian-memes-and-mayhem-chris-freimans-guide-to-economics-on-x/ ""Ep 404: Libertarian Memes and Mayhem: Chris Freiman’s Guide to Economics on X"")

[Libertarian Christian Podcast](https://libertarianchristians.com/show/libertarian-christian-podcast/)

##  [Ep 404: Libertarian Memes and Mayhem: Chris Freiman's Guide to Economics on X](https://libertarianchristians.com/episode/ep-404-libertarian-memes-and-mayhem-chris-freimans-guide-to-economics-on-x/)

1 [2](https://libertarianchristians.com/wp-json/wp/v2/pages/page/2/?per_page=100&page=1&_embed=True) [3](https://libertarianchristians.com/wp-json/wp/v2/pages/page/3/?per_page=100&page=1&_embed=True) [4](https://libertarianchristians.com/wp-json/wp/v2/pages/page/4/?per_page=100&page=1&_embed=True) [5](https://libertarianchristians.com/wp-json/wp/v2/pages/page/5/?per_page=100&page=1&_embed=True) [6](https://libertarianchristians.com/wp-json/wp/v2/pages/page/6/?per_page=100&page=1&_embed=True) [7](https://libertarianchristians.com/wp-json/wp/v2/pages/page/7/?per_page=100&page=1&_embed=True) [8](https://libertarianchristians.com/wp-json/wp/v2/pages/page/8/?per_page=100&page=1&_embed=True) [9](https://libertarianchristians.com/wp-json/wp/v2/pages/page/9/?per_page=100&page=1&_embed=True) [10](https://libertarianchristians.com/wp-json/wp/v2/pages/page/10/?per_page=100&page=1&_embed=True) [11](https://libertarianchristians.com/wp-json/wp/v2/pages/page/11/?per_page=100&page=1&_embed=True) [12](https://libertarianchristians.com/wp-json/wp/v2/pages/page/12/?per_page=100&page=1&_embed=True) [13](https://libertarianchristians.com/wp-json/wp/v2/pages/page/13/?per_page=100&page=1&_embed=True) [14](https://libertarianchristians.com/wp-json/wp/v2/pages/page/14/?per_page=100&page=1&_embed=True) [15](https://libertarianchristians.com/wp-json/wp/v2/pages/page/15/?per_page=100&page=1&_embed=True) [16](https://libertarianchristians.com/wp-json/wp/v2/pages/page/16/?per_page=100&page=1&_embed=True) [17](https://libertarianchristians.com/wp-json/wp/v2/pages/page/17/?per_page=100&page=1&_embed=True) [18](https://libertarianchristians.com/wp-json/wp/v2/pages/page/18/?per_page=100&page=1&_embed=True) [19](https://libertarianchristians.com/wp-json/wp/v2/pages/page/19/?per_page=100&page=1&_embed=True) [20](https://libertarianchristians.com/wp-json/wp/v2/pages/page/20/?per_page=100&page=1&_embed=True) [21](https://libertarianchristians.com/wp-json/wp/v2/pages/page/21/?per_page=100&page=1&_embed=True) [22](https://libertarianchristians.com/wp-json/wp/v2/pages/page/22/?per_page=100&page=1&_embed=True) [23](https://libertarianchristians.com/wp-json/wp/v2/pages/page/23/?per_page=100&page=1&_embed=True) [24](https://libertarianchristians.com/wp-json/wp/v2/pages/page/24/?per_page=100&page=1&_embed=True)",https://libertarianchristians.com/shows/
29380,2022-10-19T09:58:10,Biblical Anarchy Podcast,Doug Stuart,"[ Podcast ](https://podcasts.apple.com/us/podcast/the-biblical-anarchy-podcast/id1653124066) [ Spotify ](https://open.spotify.com/show/3VQChlon41LPpM6yLmX09y?si=050fe01168c144ef) [ Youtube ](https://www.youtube.com/@thebiblicalanarchypodcast)

Join us each week they explore, debate, and analyze the issues that are directly relevant to the intersection of Christianity and liberty. Always thoughtful, frequently controversial, and never boring (trust us), it is our hope and prayer that The Libertarian Christian Podcast serve as a valuable resource to the Church for years to come.

Special thanks to Matthew Bellis for being our Intro voice, and to [Podsworth Media](https://www.podsworth.com) for editing and mastering the audio. They volunteered their time and talent to help us create a professional-sounding podcast, and we are grateful for their support! It should be noted that their support for the podcast is not to be construed as their endorsement of the ideas and beliefs we talk about on the podcast.

Support This Podcast!

[ ](https://libertarianchristians.com/episode/ep-103-without-the-state-itll-be-anarchy-and-thats-a-good-thing-actually/ ""Ep. 103: Without the State, It’ll Be Anarchy!! And That’s a Good Thing, Actually"")

###  [Ep. 103: Without the State, It'll Be Anarchy!! And That's a Good Thing, Actually](https://libertarianchristians.com/episode/ep-103-without-the-state-itll-be-anarchy-and-thats-a-good-thing-actually/)

[ ](https://libertarianchristians.com/episode/ep-102-is-america-the-bad-guy-exploring-the-myth-of-american-exceptionalism/ ""Ep. 102: Is America The Bad Guy? Exploring the Myth of American Exceptionalism"")

###  [Ep. 102: Is America The Bad Guy? Exploring the Myth of American Exceptionalism](https://libertarianchristians.com/episode/ep-102-is-america-the-bad-guy-exploring-the-myth-of-american-exceptionalism/)

[ ](https://libertarianchristians.com/episode/ep-101-what-is-degeneracy-how-the-christian-right-dehumanizes-their-neighbors/ ""Ep. 101 – What is Degeneracy? How the Christian Right Dehumanizes Their Neighbors"")

###  [Ep. 101 - What is Degeneracy? How the Christian Right Dehumanizes Their Neighbors](https://libertarianchristians.com/episode/ep-101-what-is-degeneracy-how-the-christian-right-dehumanizes-their-neighbors/)

[ ](https://libertarianchristians.com/episode/radical-ideology-or-american-empire-can-islam-peacefully-coexist-with-the-west/ ""Radical Ideology or American Empire? Can Islam Peacefully Coexist with the West?"")

###  [Radical Ideology or American Empire? Can Islam Peacefully Coexist with the West?](https://libertarianchristians.com/episode/radical-ideology-or-american-empire-can-islam-peacefully-coexist-with-the-west/)

[ ](https://libertarianchristians.com/episode/can-we-stop-world-war-3-by-grilling-the-danger-of-putting-faith-in-politics-bonus/ ""Can We Stop World War 3 By…Grilling? The Danger of Putting Faith in Politics \(Bonus\)"")

###  [Can We Stop World War 3 By…Grilling? The Danger of Putting Faith in Politics (Bonus)](https://libertarianchristians.com/episode/can-we-stop-world-war-3-by-grilling-the-danger-of-putting-faith-in-politics-bonus/)

[ ](https://libertarianchristians.com/episode/ep-100-christian-anarchy-is-going-mainstream-and-thats-a-good-thing/ ""Ep. 100: Christian Anarchy Is Going Mainstream – And That’s a Good Thing"")

###  [Ep. 100: Christian Anarchy Is Going Mainstream – And That’s a Good Thing](https://libertarianchristians.com/episode/ep-100-christian-anarchy-is-going-mainstream-and-thats-a-good-thing/)

[ ](https://libertarianchristians.com/episode/ep-99-is-james-lindsay-twisting-just-war-theory-to-defend-israel/ ""Ep. 99: Is James Lindsay Twisting Just War Theory to Defend Israel?"")

###  [Ep. 99: Is James Lindsay Twisting Just War Theory to Defend Israel?](https://libertarianchristians.com/episode/ep-99-is-james-lindsay-twisting-just-war-theory-to-defend-israel/)

[ ](https://libertarianchristians.com/episode/ep-98-why-the-relationship-between-israel-and-christians-matters/ ""Ep. 98: Why the Relationship Between Israel and Christians Matters"")

###  [Ep. 98: Why the Relationship Between Israel and Christians Matters](https://libertarianchristians.com/episode/ep-98-why-the-relationship-between-israel-and-christians-matters/)

[ ](https://libertarianchristians.com/episode/ep-97-why-this-powerful-debate-with-andrew-wilson-exposed-christian-nationalism/ ""Ep. 97 – Why This Powerful Debate With Andrew Wilson Exposed Christian Nationalism"")

###  [Ep. 97 - Why This Powerful Debate With Andrew Wilson Exposed Christian Nationalism](https://libertarianchristians.com/episode/ep-97-why-this-powerful-debate-with-andrew-wilson-exposed-christian-nationalism/)

[ ](https://libertarianchristians.com/episode/make-racism-great-again-the-rise-of-identity-politics-on-the-right-with-cody-cook/ ""Make Racism Great Again? The Rise of Identity Politics on the Right with Cody Cook"")

###  [Make Racism Great Again? The Rise of Identity Politics on the Right with Cody Cook](https://libertarianchristians.com/episode/make-racism-great-again-the-rise-of-identity-politics-on-the-right-with-cody-cook/)

[ ](https://libertarianchristians.com/episode/dave-decamp-on-iran-yemen-ukraine-and-gaza-what-are-we-even-doing/ ""Dave Decamp on Iran, Yemen, Ukraine, and Gaza: What Are We Even Doing?"")

###  [Dave Decamp on Iran, Yemen, Ukraine, and Gaza: What Are We Even Doing?](https://libertarianchristians.com/episode/dave-decamp-on-iran-yemen-ukraine-and-gaza-what-are-we-even-doing/)

[ ](https://libertarianchristians.com/episode/ep-96-what-would-you-do-daryl-cooper-israel-and-rethinking-world-war-2/ ""Ep. 96: What Would You Do? Daryl Cooper, Israel, and Rethinking World War 2"")

###  [Ep. 96: What Would You Do? Daryl Cooper, Israel, and Rethinking World War 2](https://libertarianchristians.com/episode/ep-96-what-would-you-do-daryl-cooper-israel-and-rethinking-world-war-2/)

[ ](https://libertarianchristians.com/episode/ep-95-dave-smith-vs-douglas-murray-the-important-lesson-on-history-power-and-truth/ ""Ep. 95: Dave Smith vs. Douglas Murray: The Important Lesson on History, Power, and Truth"")

###  [Ep. 95: Dave Smith vs. Douglas Murray: The Important Lesson on History, Power, and Truth](https://libertarianchristians.com/episode/ep-95-dave-smith-vs-douglas-murray-the-important-lesson-on-history-power-and-truth/)

[ ](https://libertarianchristians.com/episode/ep-94-the-true-meaning-of-romans-13-why-we-must-stop-saying-we-are-the-government/ ""Ep. 94: The True Meaning of Romans 13: Why We Must Stop Saying “We Are the Government”"")

###  [Ep. 94: The True Meaning of Romans 13: Why We Must Stop Saying ""We Are the Government""](https://libertarianchristians.com/episode/ep-94-the-true-meaning-of-romans-13-why-we-must-stop-saying-we-are-the-government/)

[ ](https://libertarianchristians.com/episode/ep-93-how-do-we-build-society-without-the-state-private-law-justice-and-roads-common-objections-part-2/ ""Ep. 93: How Do We Build Society Without the State? Private Law, Justice and Roads: Common Objections Part 2"")

###  [Ep. 93: How Do We Build Society Without the State? Private Law, Justice and Roads: Common Objections Part 2](https://libertarianchristians.com/episode/ep-93-how-do-we-build-society-without-the-state-private-law-justice-and-roads-common-objections-part-2/)

[ ](https://libertarianchristians.com/episode/ep-92-two-kingdoms-or-one-king-reformed-vs-anabaptist-visions-of-christian-libertarianism/ ""Ep. 92: Two Kingdoms or One King? Reformed vs. Anabaptist Visions of Christian Libertarianism"")

###  [Ep. 92: Two Kingdoms or One King? Reformed vs. Anabaptist Visions of Christian Libertarianism](https://libertarianchristians.com/episode/ep-92-two-kingdoms-or-one-king-reformed-vs-anabaptist-visions-of-christian-libertarianism/)

[ ](https://libertarianchristians.com/episode/ep-91-is-anarchy-chaos-answering-objections-to-biblical-anarchy-part-1/ ""Ep. 91: Is Anarchy Chaos? Answering Objections to Biblical Anarchy Part 1"")

###  [Ep. 91: Is Anarchy Chaos? Answering Objections to Biblical Anarchy Part 1](https://libertarianchristians.com/episode/ep-91-is-anarchy-chaos-answering-objections-to-biblical-anarchy-part-1/)

[ ](https://libertarianchristians.com/episode/is-christian-nationalism-dead-an-exploration-of-biblical-justice-with-eschatology-matters/ ""Is Christian Nationalism Dead? An Exploration of Biblical Justice with Eschatology Matters"")

###  [Is Christian Nationalism Dead? An Exploration of Biblical Justice with Eschatology Matters](https://libertarianchristians.com/episode/is-christian-nationalism-dead-an-exploration-of-biblical-justice-with-eschatology-matters/)

[ ](https://libertarianchristians.com/episode/ep-90-how-understanding-free-markets-impacts-christian-politics-my-anarchist-origin-story/ ""Ep. 90: How Understanding Free Markets Impacts Christian Politics: My Anarchist Origin Story"")

###  [Ep. 90: How Understanding Free Markets Impacts Christian Politics: My Anarchist Origin Story](https://libertarianchristians.com/episode/ep-90-how-understanding-free-markets-impacts-christian-politics-my-anarchist-origin-story/)

[ ](https://libertarianchristians.com/episode/ep-89-what-is-biblical-anarchy-christian-politics-and-the-justified-use-of-force/ ""Ep. 89: What Is Biblical Anarchy? Christian Politics and The Justified Use of Force"")

###  [Ep. 89: What Is Biblical Anarchy? Christian Politics and The Justified Use of Force](https://libertarianchristians.com/episode/ep-89-what-is-biblical-anarchy-christian-politics-and-the-justified-use-of-force/)

[ ](https://libertarianchristians.com/episode/ep-88-was-jesus-an-economist-what-can-the-bible-teach-us-about-human-society/ ""Ep. 88: Was Jesus an Economist? What Can the Bible Teach Us About Human Society?"")

###  [Ep. 88: Was Jesus an Economist? What Can the Bible Teach Us About Human Society?](https://libertarianchristians.com/episode/ep-88-was-jesus-an-economist-what-can-the-bible-teach-us-about-human-society/)

[ ](https://libertarianchristians.com/episode/ep-87-can-anarchy-promote-morality-a-biblical-perspective/ ""Ep. 87: Can Anarchy Promote Morality? A Biblical Perspective"")

###  [Ep. 87: Can Anarchy Promote Morality? A Biblical Perspective](https://libertarianchristians.com/episode/ep-87-can-anarchy-promote-morality-a-biblical-perspective/)

[ ](https://libertarianchristians.com/episode/two-freed-men-ross-ulbricht-finds-justice-spike-cohen-finds-christ/ ""Two Freed Men: Ross Ulbricht Finds Justice, Spike Cohen Finds Christ"")

###  [Two Freed Men: Ross Ulbricht Finds Justice, Spike Cohen Finds Christ](https://libertarianchristians.com/episode/two-freed-men-ross-ulbricht-finds-justice-spike-cohen-finds-christ/)

[ ](https://libertarianchristians.com/episode/ep-86-responding-to-redeemed-zoomer-does-the-gospel-demand-christian-political-involvement/ ""Ep. 86: Responding to Redeemed Zoomer: Does the Gospel Demand Christian Political Involvement?"")

###  [Ep. 86: Responding to Redeemed Zoomer: Does the Gospel Demand Christian Political Involvement?](https://libertarianchristians.com/episode/ep-86-responding-to-redeemed-zoomer-does-the-gospel-demand-christian-political-involvement/)

[ ](https://libertarianchristians.com/episode/ep-85-is-the-state-evil-incompetent-or-both-libertarian-christian-institute-2025-plans/ ""Ep. 85: Is the State Evil, Incompetent, or Both? Libertarian Christian Institute 2025 Plans"")

###  [Ep. 85: Is the State Evil, Incompetent, or Both? Libertarian Christian Institute 2025 Plans](https://libertarianchristians.com/episode/ep-85-is-the-state-evil-incompetent-or-both-libertarian-christian-institute-2025-plans/)

[ ](https://libertarianchristians.com/episode/will-ending-the-federal-reserve-strengthen-or-weaken-america-bob-murphy-weighs-in/ ""Will Ending the Federal Reserve Strengthen or Weaken America? Bob Murphy Weighs In"")

###  [Will Ending the Federal Reserve Strengthen or Weaken America? Bob Murphy Weighs In](https://libertarianchristians.com/episode/will-ending-the-federal-reserve-strengthen-or-weaken-america-bob-murphy-weighs-in/)

[ ](https://libertarianchristians.com/episode/ep-84-unequally-yoked-pursuing-coalition-and-christian-values-in-politics/ ""Ep. 84: Unequally Yoked? Pursuing Coalition and Christian Values in Politics"")

###  [Ep. 84: Unequally Yoked? Pursuing Coalition and Christian Values in Politics](https://libertarianchristians.com/episode/ep-84-unequally-yoked-pursuing-coalition-and-christian-values-in-politics/)

[ ](https://libertarianchristians.com/episode/scott-horton-provoked-interview/ ""How the West Provoked War in Ukraine: Scott Horton on U.S. Foreign Policy"")

###  [How the West Provoked War in Ukraine: Scott Horton on U.S. Foreign Policy](https://libertarianchristians.com/episode/scott-horton-provoked-interview/)

[ ](https://libertarianchristians.com/episode/ep-83-living-liberty-what-does-murray-rothbard-have-to-say-about-political-activism/ ""Ep. 83: Living Liberty: What Does Murray Rothbard Have to Say About Political Activism?"")

###  [Ep. 83: Living Liberty: What Does Murray Rothbard Have to Say About Political Activism?](https://libertarianchristians.com/episode/ep-83-living-liberty-what-does-murray-rothbard-have-to-say-about-political-activism/)

[ ](https://libertarianchristians.com/episode/ep-82-ron-paul-political-promises-and-libertarian-deviations-recapping-moments-from-2024-election-livestreams/ ""Ep. 82: Ron Paul, Political Promises, and Libertarian Deviations: Recapping Moments From 2024 Election Livestreams"")

###  [Ep. 82: Ron Paul, Political Promises, and Libertarian Deviations: Recapping Moments From 2024 Election Livestreams](https://libertarianchristians.com/episode/ep-82-ron-paul-political-promises-and-libertarian-deviations-recapping-moments-from-2024-election-livestreams/)

1 [2](https://libertarianchristians.com/wp-json/wp/v2/pages/page/2/?per_page=100&page=1&_embed=True) [3](https://libertarianchristians.com/wp-json/wp/v2/pages/page/3/?per_page=100&page=1&_embed=True) [4](https://libertarianchristians.com/wp-json/wp/v2/pages/page/4/?per_page=100&page=1&_embed=True) [Next »](https://libertarianchristians.com/wp-json/wp/v2/pages/page/2/?per_page=100&page=1&_embed=True)

### Browse more Christians for Liberty Network Shows

[ ](/shows/libertarian-christian-podcast/)

[ ](/shows/reformed-libertarians-podcast/)

[ ](/shows/greenroom/)

[ ](/shows/biblical-anarchy/)

[ ](/shows/protestant-libertarian-podcast/)

[ ](/shows/faithful-ventures/)

[ ](/shows/good-news-bad-news/)

[ ](/shows/faith-seeking-freedom-podcast/)

[ ](/shows/godarchy-podcast/)

The Christians for Liberty Network is a project of the Libertarian Christian Institute consisting of shows and hosts offering various perspectives on the intersection of Christianity and libertarianism. Views expressed by hosts and guests do not necessarily reflect the view of the organization, its staff, board members, donors, or any other affiliates (including other hosts or guests on the network). Guest appearances or interviews of any incumbents, officials, or candidates for any political, party, or government office should not be construed as endorsements. The Libertarian Christian Institute is a 501(c)(3) non-profit organization and does not endorse any political party or candidate for any political, government, or party office. For information about the Libertarian Christian Institute’s core values, please visit [this page](/mission/).",https://libertarianchristians.com/shows/biblical-anarchy/
29169,2022-09-23T11:26:11,Videos,Doug Stuart,"## View Our Latest Videos

Midterm Madness? 

Why Christians are Confused About Politics 

Noelle Mering on Woke Ideology 

## Libertarian Christian Videos

## Featured Videos

6 Videos

####  Christians Confused About Politics?

50:15

####  Why Christians Should Favor Secular Government

45:50

####  Anatomy of a Party Takeover, with Michael Heise

48:43

####  Living Toward a Decentralist Future, with Max Borders

1:07:05

####  Kerry Baldwin Responds to John Stossel on Abortion

37:45

####  Dad Saves America, with John Papola

51:15

## Libertarian Christian Breakout Session at FreedomFest 2022",https://libertarianchristians.com/videos/
28516,2022-07-04T12:09:37,Freedom Fest Welcome,Doug Stuart,"# Hey There!

## Glad you found us at FreedomFest 2022

We'd love to send you our Libertarian Christians Starter Kit. Please send us your name and email, and we'll send you the kit for free.

First Name 

Email 

Send

By signing up for our Starter Toolkit, you will be automatically added to our mailing list.",https://libertarianchristians.com/events/freedom-fest-welcome/
27690,2022-04-25T20:51:28,Peaceful Christians,Doug Stuart,"# Peaceful Christians

## What Does the Bible Say About War?

  * Why it's time for Christians to love peace
  * Praying for Peace as we Revel in War
  * What Things Make for Peace?
  * What About Religious Wars Waged Against Us?
  * Being Prolife ... Consistently 
  * Is ""Just War Theory"" Legitimate?

## Christians follow the Prince of Peace, Jesus Christ

2,000 years later, many have forgotten that following the Prince of Peace means being against war and violence. No matter the alleged reasons a government promotes war, Christians are to stand up against empire, especially when it commits violence in the name of goodness.

The essays in this ebook are written by courageous Christians standing up against unpopular wars. 

Join the courageous in standing up against every war.

Name 

Email 

Send Me My Free Ebook",https://libertarianchristians.com/peaceful-christians/
27640,2022-04-18T13:42:55,Foundations,Doug Stuart,"## Core Values Episodes

[ ](https://libertarianchristians.com/episode/libertarian-christian-core-values-part-1/)

###  [ Ep 67: Libertarian Christian Core Values (Part 1) ](https://libertarianchristians.com/episode/libertarian-christian-core-values-part-1/)

LCI recently released our Mission, Vision and Core Values statement: a concise, systematic presentation of what we stand for as an organization. This document will

[ Read More » ](https://libertarianchristians.com/episode/libertarian-christian-core-values-part-1/)

[ ](https://libertarianchristians.com/episode/libertarian-christian-core-values-part-2/)

###  [ Ep 68: Libertarian Christian Core Values (Part 2) ](https://libertarianchristians.com/episode/libertarian-christian-core-values-part-2/)

This episode is second in a series covering our Mission, Vision, and Core Values statement: a concise, systematic presentation of what we stand for as

[ Read More » ](https://libertarianchristians.com/episode/libertarian-christian-core-values-part-2/)

[ ](https://libertarianchristians.com/episode/libertarian-christian-core-values-part-3/)

###  [ Ep 69: Libertarian Christian Core Values (Part 3) ](https://libertarianchristians.com/episode/libertarian-christian-core-values-part-3/)

LCI recently released our Mission, Vision and Core Values statement: a concise, systematic presentation of what we stand for as an organization. This document will

[ Read More » ](https://libertarianchristians.com/episode/libertarian-christian-core-values-part-3/)

[ ](https://libertarianchristians.com/episode/libertarian-christian-core-values-part-4/)

###  [ Ep 70: Libertarian Christian Core Values (Part 4) ](https://libertarianchristians.com/episode/libertarian-christian-core-values-part-4/)

LCI recently released our Mission, Vision and Core Values statement: a concise, systematic presentation of what we stand for as an organization. This document will

[ Read More » ](https://libertarianchristians.com/episode/libertarian-christian-core-values-part-4/)

[ ](https://libertarianchristians.com/episode/libertarian-christian-core-values-part-5/)

###  [ Ep 71: Libertarian Christian Core Values (Part 5) ](https://libertarianchristians.com/episode/libertarian-christian-core-values-part-5/)

LCI recently released our Mission, Vision and Core Values statement: a concise, systematic presentation of what we stand for as an organization. This document will

[ Read More » ](https://libertarianchristians.com/episode/libertarian-christian-core-values-part-5/)

[ ](https://libertarianchristians.com/episode/libertarian-christian-core-values-part-6/)

###  [ Ep 72: Libertarian Christian Core Values (Part 6) ](https://libertarianchristians.com/episode/libertarian-christian-core-values-part-6/)

LCI recently released our Mission, Vision and Core Values statement: a concise, systematic presentation of what we stand for as an organization. This document will

[ Read More » ](https://libertarianchristians.com/episode/libertarian-christian-core-values-part-6/)",https://libertarianchristians.com/foundations/
27327,2022-03-15T10:31:05,Stories,Doug Stuart,"# Others need to hear your story

### Has LCI been a part of your libertarian journey? Tell us about it!

## What others are saying about LCI...

I am writing to send thanks and express my deepest gratitude for the hard work you put into making this podcast available to the world! I am a voluntaryist (small ""l"" libertarian) and new Christian, saved in January 2021 and baptized February 27, 2021. I was praying for this type of relevant content, so LCI was an answer to prayer. I read through your Mission and it sparked joy in my heart! Keep doing what you are doing, advocating for non-aggression and spreading the Gospel. I truly believe that libertarian (small ""l"") values are ideal and the closest I've encountered to providing a framework for understanding ""morality"" in the world. Now that I am in the body of Christ, I feel this so much more. God set me on a path through voluntaryism and finding my way back to Him. It seems apropos that the Spirit led me to LCI. :) 

Serene

Podcast listener

LCI has provided wonderful insight and thoughts on the interdependency of Libertarian thought and Christianity that I was sorely missing from other information venues.

Anonymous

LCI has helped me process the various governmental ideas and how they relate to my Christian Faith. Teaching how to think, not just what to think has been very helpful. A willingness to present ideas for consideration, not just blind acceptance, makes LCI a great resource for my continued study.

Isaac

LCI is helping me find balance within being a Christian and a Libertarian. Which was difficult before I found LCI.

Anonymous

### Tell Us Your Story

Name 

Email 

LCI would like permission to use your story to promote our impact 

You may freely use my name when sharing my story Please keep my name anonymous

What LCI projects have been most impactful to your libertarian Christian journey? 

Website Articles Podcast episodes Youtube videos Facebook Group _Faith Seeking Freedom_

How has LCI been part of your libertarian journey? 

Send",https://libertarianchristians.com/stories/
26523,2022-02-03T18:34:25,Donor Report,Doug Stuart,"* Audience
  * Podcast
  * Christian Libertarian Review
  * Staff
  * Faith Seeking Freedom
  * 2022 Plans
  * CTA

## LCI's Audience

### Who are we reaching & where are they?

###  Facebook 

In 2021 we grew our Facebook followers to 18,500 

###  Instagram 

We're not that active on Instagram (yet!), but we grew our audience to 738 

###  YouTube 

Our subscriber base on YouTube grew to 1,475 

###  Email List 

Our email list grew to over 2,100 subscribers, an all-time high for LCI! 

###  Podcast 

The Libertarian Christian Podcast grew from an average weekly download rate of ~2,100 to just above 3,000 

## Podcasts

### (yes, that's plural!)

### Libertarian Christian Podcast

Through interviews with high profile individuals and guest appearances on other podcasts, our flagship podcast has grown in a year by nearly 50%

### Good News, Bad News

In 2020 we began as a bi-weekly YouTube show, and in August 2021 we expanded to our audio listeners by adding another podcast. 

### Faith Seeking Freedom  
(Launching Soon)

Based on our ""new"" book, _Faith Seeking Freedom_ , this podcast will be a short, Q&A; style podcast that will feature one question every episode, which makes it very digestible, and gives us the ability to continue answering questions libertarian Christians have. 

## The Christian Libertarian Review

CLR was on hiatus in 2021 when our previous Editor resigned, but a plan was put into motion and we're back to receiving submissions in 2022 under Professor Jason Jewell at Faulkner University.

## Staffing

### We're now funded enough to have a small, part-time staff

Thanks to your support we have built up enough funding to commit resources to growing our online presence. All three of these individuals are top-notch, and have demonstrated a commitment to our mission over the past several years. We're so pleased to be able to offer them these positions to help us grow. 

### Aaron Sepulveda-Cue

General Editor,  
Social Media Manager  
  
 _Responsible for social media growth and article editing._

### Harrison Hoover

Research Intern,  
Website Assistant  
  
 _Responsible for historical research and website assistance, as needed._

### Kerry Baldwin

Digital Marketing Coordinator  
  
 _Responsible for growth of our audience via website, email list, landing pages, and more._

## Faith Seeking Freedom

### Another flagship product that was years in the making

Published in November of 2020, we made connections and distributed or sold many copies. Due to production delays, our audiobook was only available by Q4 2021. 

  * 1,244 Physical Copies Distributed
  * 869 Kindle Downloads
  * 75 Audible Downloads

## To the Moon!

### What LCI Has Planned for 2022

LCI's Board of Directors has decided that the theme for 2022 is to build our team to reach more people. With the additional staff members, even at only a part time basis, we plan to do the following: 

  * Increase our platform and channel visibility by 50%
  * Increase our output of articles on a weekly basis
  * Launch Faith Seeking Freedom Podcast
  * Distribute 10,000 Copies of Faith Seeking Freedom
  * Attend as Exhibitor at Freedom Fest in Las Vegas

## Thank you for helping us equip Christians with the message of liberty!

### Without your support, we would have reached fewer people with an important message.

Whether you donate regularly or during seasons of giving, we appreciate your support and encouragement. If you are excited about what we've been doing and have plans to do in 2022, and you'd like to increase your giving to help accelerate our growth, [click here](/donate/) to find all the ways you can donate.",https://libertarianchristians.com/donor-report/
26423,2022-01-29T11:59:19,LCI Style Guide,Doug Stuart,"# LIbertarian Christian Institute Style Guide

# Heading H1

## Heading H2

### Heading H3

#### Heading H4

##### Heading H5

###### Heading H6

Button Style

Primary Style: Lorem ipsum dolor sit amet, consectetur adipiscing elit. Ut elit tellus, luctus nec ullamcorper mattis, pulvinar dapibus leo.

Secondary Style: Lorem ipsum dolor sit amet, consectetur adipiscing elit. Ut elit tellus, luctus nec ullamcorper mattis, pulvinar dapibus leo.

Text Style: Lorem ipsum dolor sit amet, consectetur adipiscing elit. Ut elit tellus, luctus nec ullamcorper mattis, pulvinar dapibus leo.

Accent Style: Lorem ipsum dolor sit amet, consectetur adipiscing elit. Ut elit tellus, luctus nec ullamcorper mattis, pulvinar dapibus leo.

## Website Colors

LCC Gold  
#E19700

LCC Blue  
#224464

LCC light gray  
#F1F1F1

LCC Text Color  
#292929

LCC Buttons  
#981126

## LCI Logo Colors

Logo Gold  
#FAB316

LOGO Blue  
#326990

## Faith Seeking Freedom Colors

FSF Gold  
#FFDA00

FSF Blue  
#0068B1

## Logos

[ ](https://libertarianchristians.com/wp-content/smush-webp/2021/03/LCI-Logo-3x2-1.png.webp)

[ ](https://libertarianchristians.com/wp-content/smush-webp/2018/07/LCI-Logo-3x2-white.png.webp)

[ ](https://libertarianchristians.com/wp-content/smush-webp/2009/09/LCI-Logo-square.png.webp)

[ ](https://libertarianchristians.com/wp-content/smush-webp/2020/02/LCI-Logo-square-white.png.webp)

## Background Image Assets",https://libertarianchristians.com/styleguide/
26229,2022-01-27T14:25:44,Submissions,Doug Stuart,"## Submissions

## Writing for the Libertarian Christian Institute

The Libertarian Christian Institute is dedicated to producing articles, podcasts, media, and other content that helps equip the Church to make the Christian case for a free society. 

We are always on the lookout for well-written, thoughtful, and relevant content that will promote a free society from a Christian perspective. While not all articles must speak to both the Christian  _and_ libertarian ways of thinking, our default is to make the connection to both in just about every article we write. 

If you are interested in writing for LCI, please send us your submission using the form below. Please read the guidelines carefully! 

## How to Submit an Article to LCI

We review all submissions. For best results please read [this Guidelines document](https://docs.google.com/document/d/1YjJ6fq5MeYLC8Fc4zLxtE0PkAwoIP3KIS8xpUafe3ns/edit?usp=sharing) before submitting the form below. Don't worry, it's not too complicated. We just want to make sure you've written the best article possible to increase the chances of publishing it! 

### LCI's Editorial Policy

LCI wants every author to be free to communicate their ideas in their own words. We also make every effort to see as many readers of our articles as possible, and as such we may make light editorial corrections and/or add appropriate headings that do not alter the original meaning of the text. We also reserve the right to title the article. 

Full Name(Required)

Email(Required)

Have you published with us before?(Required)

No

Yes

Summary(Required)

Your Bio (if article accepted).(Required)

Headshot(Required)

Please upload a 1:1 ratio (""square"") headshot. 

Max. file size: 1 MB.

Google Doc Link to your Article(Required)

Sharing Permissions must be set for ""Allow anyone with the link to View""

Featured Image Suggestion(Required)

Please upload a 16:9 ratio (""wide"" or ""landscape"") image for us to use as a featured image. 

Accepted file types: jpg, jpeg, png, webp, tiff, Max. file size: 1 MB.

Consent to Editorial Policy(Required)

I have read and agree to the Editorial Policy stated above

Consent to Writing Guidelines(Required)

I have read and fully agree to the writing guidelines fo LCI.

You can [click here](https://docs.google.com/document/d/1YjJ6fq5MeYLC8Fc4zLxtE0PkAwoIP3KIS8xpUafe3ns/edit#heading=h.a7qh73nb9ulj) to find LCI's Guidelines

Affirmation of LCI's Mission, Vision, & Core Values(Required)

I have read and affirm LCI's [Mission, Vision, & Core Values](https://libertarianchristians.com/mission)

Full Name 

Email 

Have you published with us before? 

Yes No

Summary 

Your Bio (if article accepted). 1-2 sentences, maximum. If you have published with us before, you can just write ""same as prior."" 

Headshot to pair with Author Bio Box 

Link to your Google Doc 

Message 

I have read and fully agree to the writing guidelines fo LCI. 

I have read and agree to the Editorial Policy stated above

I have read and affirm LCI's [Mission, Vision, & Core Values](https://libertarianchristians.com/mission)

Submit",https://libertarianchristians.com/submissions/
25098,2021-09-13T21:55:49,Pandemic,Doug Stuart,"## Sign up for The Pandemic Bites

Sign up for our new email series, and we'll  share some bite-sized writings with you that discuss various aspects of the pandemic. We will address economics, science, politics, and ethics in accessible chunks with helpful references to learn more. 

You'll away having learned something new and useful as we continue to work past these difficult times together.*

Email Address 

Sign Me Up!

*by signing up, you also agree to get weekly updates to our newsletter",https://libertarianchristians.com/pandemic/
24960,2021-08-18T10:29:47,My account,Unknown,,https://libertarianchristians.com/my-account/
24740,2021-08-11T08:52:31,Pacifism,Harrison Hoover,"# Pacifism

### Followers of the Prince of Peace should be expected to walk in the way of peace.

War, violence, and general aggression saturate our everyday lives. Libertarian Christians affirm the non-aggression principle, but does that mean they are pacifists? Is the NAP sufficient for a Christian, or must we walk an even narrower path as we follow the Prince of Peace – something easier said than done. 

## Articles

[ ](https://libertarianchristians.com/2021/07/19/end-gun-violence/ ""Should Christians Call on the State to End Gun Violence?"")

[Christian Ethics](https://libertarianchristians.com/category/christian-ethics/)

###  [Should Christians Call on the State to End Gun Violence?](https://libertarianchristians.com/2021/07/19/end-gun-violence/)

[Guest Contributor](https://libertarianchristians.com/author/guest-contributor/ ""Posts by Guest Contributor"") July 19, 2021 

This is a guest post by Kollin Fields. Kollin is an Adjunct Professor of History, and a Ph.D. candidate in ...

[ Read More  ](https://libertarianchristians.com/2021/07/19/end-gun-violence/ ""Should Christians Call on the State to End Gun Violence?"")

[ ](https://libertarianchristians.com/2021/07/11/protection-defense/ ""Protection, Defense, Retaliation, and Self-Ownership"")

[History](https://libertarianchristians.com/category/history/)

###  [Protection, Defense, Retaliation, and Self-Ownership](https://libertarianchristians.com/2021/07/11/protection-defense/)

[Guest Contributor](https://libertarianchristians.com/author/guest-contributor/ ""Posts by Guest Contributor"") July 11, 2021 

This is a guest post written by Todd Lewis, who graduated from Malone University with a degree in history and ...

[ Read More  ](https://libertarianchristians.com/2021/07/11/protection-defense/ ""Protection, Defense, Retaliation, and Self-Ownership"")

[ ](https://libertarianchristians.com/2021/07/03/the-things-that-make-for-peace/ ""The Things That Make For Peace"")

[War and Peace](https://libertarianchristians.com/category/war-and-peace/)

###  [The Things That Make For Peace](https://libertarianchristians.com/2021/07/03/the-things-that-make-for-peace/)

[Isaac Morehouse](https://libertarianchristians.com/author/isaac/ ""Posts by Isaac Morehouse"") July 3, 2021 

I am a man of peace; but when I speak, they are for war. – Psalm 120:7 As he approached ...

[ Read More  ](https://libertarianchristians.com/2021/07/03/the-things-that-make-for-peace/ ""The Things That Make For Peace"")

[ ](https://libertarianchristians.com/2020/09/30/can-a-christian-join-the-military/ ""Can a Christian Join the Military?"")

[War and Peace](https://libertarianchristians.com/category/war-and-peace/)

###  [Can a Christian Join the Military?](https://libertarianchristians.com/2020/09/30/can-a-christian-join-the-military/)

[Guest Contributor](https://libertarianchristians.com/author/guest-contributor/ ""Posts by Guest Contributor"") September 30, 2020 

This guest post is by Steve Wilder. Steve is an electrical engineer and homeschooling father of four. There are three ...

[ Read More  ](https://libertarianchristians.com/2020/09/30/can-a-christian-join-the-military/ ""Can a Christian Join the Military?"")

[ ](https://libertarianchristians.com/2019/04/10/if-god-doesnt-use-force-to-impose-his-will-how-can-we/ ""If God Doesn’t Use Force to Impose His Will, How Can We?"")

[Christian Worldview](https://libertarianchristians.com/category/christian-worldview/)

###  [If God Doesn’t Use Force to Impose His Will, How Can We?](https://libertarianchristians.com/2019/04/10/if-god-doesnt-use-force-to-impose-his-will-how-can-we/)

[Michael Mike Maharrey](https://libertarianchristians.com/author/michael-mike-maharrey/ ""Posts by Michael Mike Maharrey"") April 10, 2019 

If God doesn’t use force and violence to bend us to his will, why do we insist on using force ...

[ Read More  ](https://libertarianchristians.com/2019/04/10/if-god-doesnt-use-force-to-impose-his-will-how-can-we/ ""If God Doesn’t Use Force to Impose His Will, How Can We?"")

[ ](https://libertarianchristians.com/2017/10/05/why-im-triggered-knee-jerk-reactions/ ""Why I’m Triggered by Knee-Jerk Reactions"")

[Politics](https://libertarianchristians.com/category/politics/)

###  [Why I'm Triggered by Knee-Jerk Reactions](https://libertarianchristians.com/2017/10/05/why-im-triggered-knee-jerk-reactions/)

[Doug Stuart](https://libertarianchristians.com/author/dougstuart/ ""Posts by Doug Stuart"") October 5, 2017 

After a tragic event like the one brought on by a white terrorist in Las Vegas, predicting the ensuing social ...

[ Read More  ](https://libertarianchristians.com/2017/10/05/why-im-triggered-knee-jerk-reactions/ ""Why I’m Triggered by Knee-Jerk Reactions"")

1 [2](https://libertarianchristians.com/wp-json/wp/v2/pages/page/2/?per_page=100&page=1&_embed=True) [3](https://libertarianchristians.com/wp-json/wp/v2/pages/page/3/?per_page=100&page=1&_embed=True) [4](https://libertarianchristians.com/wp-json/wp/v2/pages/page/4/?per_page=100&page=1&_embed=True) [5](https://libertarianchristians.com/wp-json/wp/v2/pages/page/5/?per_page=100&page=1&_embed=True) [Next »](https://libertarianchristians.com/wp-json/wp/v2/pages/page/2/?per_page=100&page=1&_embed=True)

## Podcast Episodes

[ ](https://libertarianchristians.com/episode/ep-92-two-kingdoms-or-one-king-reformed-vs-anabaptist-visions-of-christian-libertarianism/ ""Ep. 92: Two Kingdoms or One King? Reformed vs. Anabaptist Visions of Christian Libertarianism"")

[Podcast](https://libertarianchristians.com/category/podcast/)

###  [Ep. 92: Two Kingdoms or One King? Reformed vs. Anabaptist Visions of Christian Libertarianism](https://libertarianchristians.com/episode/ep-92-two-kingdoms-or-one-king-reformed-vs-anabaptist-visions-of-christian-libertarianism/)

[Jacob Winograd](https://libertarianchristians.com/author/jacobwinograd/ ""Posts by Jacob Winograd"") March 26, 2025 

Two Kingdoms or One King? Reformed vs. Anabaptist Visions of Christian Libertarianism In this episode of the Biblical Anarchy Podcast, ...

[ Listen Now  ](https://libertarianchristians.com/episode/ep-92-two-kingdoms-or-one-king-reformed-vs-anabaptist-visions-of-christian-libertarianism/ ""Ep. 92: Two Kingdoms or One King? Reformed vs. Anabaptist Visions of Christian Libertarianism"")

[ ](https://libertarianchristians.com/episode/unscripted-conversations-on-liberty-pacifism-and-the-gospel-with-cody-cook/ ""Unscripted Conversations on Liberty, Pacifism, and the Gospel with Cody Cook"")

[Podcast](https://libertarianchristians.com/category/podcast/)

###  [Unscripted Conversations on Liberty, Pacifism, and the Gospel with Cody Cook](https://libertarianchristians.com/episode/unscripted-conversations-on-liberty-pacifism-and-the-gospel-with-cody-cook/)

[Jacob Winograd](https://libertarianchristians.com/author/jacobwinograd/ ""Posts by Jacob Winograd"") January 7, 2025 

Reintroducing Cody Cook: Unscripted Conversations on Liberty, Pacifism, and the Gospel In this special episode of LCI Greenroom: Open and ...

[ Listen Now  ](https://libertarianchristians.com/episode/unscripted-conversations-on-liberty-pacifism-and-the-gospel-with-cody-cook/ ""Unscripted Conversations on Liberty, Pacifism, and the Gospel with Cody Cook"")

[ ](https://libertarianchristians.com/episode/ep-65-does-the-bible-allow-for-christians-to-use-defensive-force/ ""Ep. 65: Does the Bible Allow for Christians to use Defensive Force?"")

[Podcast](https://libertarianchristians.com/category/podcast/)

###  [Ep. 65: Does the Bible Allow for Christians to use Defensive Force?](https://libertarianchristians.com/episode/ep-65-does-the-bible-allow-for-christians-to-use-defensive-force/)

[Jacob Winograd](https://libertarianchristians.com/author/jacobwinograd/ ""Posts by Jacob Winograd"") June 20, 2024 

Does the Bible Allow for Christians to use Defensive Force? Today's question is one that's been debated for centuries: Does ...

[ Listen Now  ](https://libertarianchristians.com/episode/ep-65-does-the-bible-allow-for-christians-to-use-defensive-force/ ""Ep. 65: Does the Bible Allow for Christians to use Defensive Force?"")

[ ](https://libertarianchristians.com/episode/self-ownership-nap-compatible-christian-thinking/ ""Ep 246: Are Self-Ownership and the NAP Compatible with Christian Thinking?"")

[Podcast](https://libertarianchristians.com/category/podcast/)

###  [Ep 246: Are Self-Ownership and the NAP Compatible with Christian Thinking?](https://libertarianchristians.com/episode/self-ownership-nap-compatible-christian-thinking/)

[Doug Stuart](https://libertarianchristians.com/author/dougstuart/ ""Posts by Doug Stuart"") October 26, 2021 

Most libertarians defend their politics with a simple starting point: self-ownership and the non-aggression principle. Christians have often raised issues ...

[ Listen Now  ](https://libertarianchristians.com/episode/self-ownership-nap-compatible-christian-thinking/ ""Ep 246: Are Self-Ownership and the NAP Compatible with Christian Thinking?"")

[ ](https://libertarianchristians.com/episode/pacifism-prophecy-praxis-todd-lewis/ ""Ep 231: Pacifism, Prophecy, and Praxis, with Todd Lewis"")

[Podcast](https://libertarianchristians.com/category/podcast/)

###  [Ep 231: Pacifism, Prophecy, and Praxis, with Todd Lewis](https://libertarianchristians.com/episode/pacifism-prophecy-praxis-todd-lewis/)

[Doug Stuart](https://libertarianchristians.com/author/dougstuart/ ""Posts by Doug Stuart"") July 13, 2021 

Todd Lewis joins us to discuss pacifism and why libertarian Christians should especially be interested in understanding this position further. ...

[ Listen Now  ](https://libertarianchristians.com/episode/pacifism-prophecy-praxis-todd-lewis/ ""Ep 231: Pacifism, Prophecy, and Praxis, with Todd Lewis"")

[ ](https://libertarianchristians.com/episode/christian-non-resistance-state-michael-lewis/ ""Ep 227: Christian Non-Resistance to the State, with Dr. Michael Lewis"")

[Podcast](https://libertarianchristians.com/category/podcast/)

###  [Ep 227: Christian Non-Resistance to the State, with Dr. Michael Lewis](https://libertarianchristians.com/episode/christian-non-resistance-state-michael-lewis/)

[Doug Stuart](https://libertarianchristians.com/author/dougstuart/ ""Posts by Doug Stuart"") June 15, 2021 

Dr. Michael Lewis joins us to talk about the Christian’s duty to non-resistance to the state. Not only did Jesus ...

[ Listen Now  ](https://libertarianchristians.com/episode/christian-non-resistance-state-michael-lewis/ ""Ep 227: Christian Non-Resistance to the State, with Dr. Michael Lewis"")

1 [2](https://libertarianchristians.com/wp-json/wp/v2/pages/page/2/?per_page=100&page=1&_embed=True) [3](https://libertarianchristians.com/wp-json/wp/v2/pages/page/3/?per_page=100&page=1&_embed=True) [Next »](https://libertarianchristians.com/wp-json/wp/v2/pages/page/2/?per_page=100&page=1&_embed=True)",https://libertarianchristians.com/topics/pacifism/
24750,2021-08-09T14:03:57,Taxation,Harrison Hoover,"# Taxation

### As sure a thing as death. Or could it be abolished?

Taxes are often seen as the way in which the common good is attained, the rich are kept accountable, and the poor are taken care of; however, is this the truth? It may be difficult for a Christian libertarian to interpret what the Bible has to say regarding taxation, but we are called to seek the truth. 

## Articles

[ ](https://libertarianchristians.com/2021/12/03/christian-charity/ ""Discussion of Christian Charity"")

[Christian Ethics](https://libertarianchristians.com/category/christian-ethics/)

###  [Discussion of Christian Charity](https://libertarianchristians.com/2021/12/03/christian-charity/)

[Dr. Norman Horn](https://libertarianchristians.com/author/dr-norman-horn/ ""Posts by Dr. Norman Horn"") December 3, 2021 

On April 10, 2009, I posted an article called Caesar's Benevolence in the 10 Things I Hate About Taxes series. ...

[ Read More  ](https://libertarianchristians.com/2021/12/03/christian-charity/ ""Discussion of Christian Charity"")

[ ](https://libertarianchristians.com/2021/11/05/caesar-and-god-in-context/ ""Caesar and God in Context"")

[Christian Ethics](https://libertarianchristians.com/category/christian-ethics/)

###  [Caesar and God in Context](https://libertarianchristians.com/2021/11/05/caesar-and-god-in-context/)

[Guest Contributor](https://libertarianchristians.com/author/guest-contributor/ ""Posts by Guest Contributor"") November 5, 2021 

LibertarianChristians.com is pleased to welcome Christopher Bevis in our next guest post, originally published on LewRockwell.com, entitled ""Caesar and God ...

[ Read More  ](https://libertarianchristians.com/2021/11/05/caesar-and-god-in-context/ ""Caesar and God in Context"")

[ ](https://libertarianchristians.com/2021/10/30/good-news-bad-news-october-30/ ""Good News, Bad News Oct 30, 2021: Biden Mocks Freedom, A Billionaire Tax, Facebook Goes Meta"")

[Media](https://libertarianchristians.com/category/media/)

###  [Good News, Bad News Oct 30, 2021: Biden Mocks Freedom, A Billionaire Tax, Facebook Goes Meta](https://libertarianchristians.com/2021/10/30/good-news-bad-news-october-30/)

[LCI Staff](https://libertarianchristians.com/author/lci-staff/ ""Posts by LCI Staff"") October 30, 2021 

Join the Libertarian Christian Roundtable as we discuss our disgust as President Biden mocks those who want freedom, explore the ...

[ Read More  ](https://libertarianchristians.com/2021/10/30/good-news-bad-news-october-30/ ""Good News, Bad News Oct 30, 2021: Biden Mocks Freedom, A Billionaire Tax, Facebook Goes Meta"")

[ ](https://libertarianchristians.com/2021/09/24/christians-sold-out-state-en-masse/ ""When Christians Sold Out to the State En Masse"")

[Book Reviews](https://libertarianchristians.com/category/books/)

###  [When Christians Sold Out to the State En Masse](https://libertarianchristians.com/2021/09/24/christians-sold-out-state-en-masse/)

[Laurence Vance](https://libertarianchristians.com/author/laurence/ ""Posts by Laurence Vance"") September 24, 2021 

Review of Gordon L. Heath, ed., American Churches and the First World War (Pickwick Publications, 2016), x + 213 pgs., ...

[ Read More  ](https://libertarianchristians.com/2021/09/24/christians-sold-out-state-en-masse/ ""When Christians Sold Out to the State En Masse"")

[ ](https://libertarianchristians.com/2021/09/10/deuteronomy-ancient-limitation-political-authority/ ""Deuteronomy 17:14-20 as an Ancient Limitation on Political Authority"")

[Libertarianism](https://libertarianchristians.com/category/libertarianism/)

###  [Deuteronomy 17:14-20 as an Ancient Limitation on Political Authority](https://libertarianchristians.com/2021/09/10/deuteronomy-ancient-limitation-political-authority/)

[Dr. Jamin Andreas Hübner](https://libertarianchristians.com/author/dr-jamin-hubner/ ""Posts by Dr. Jamin Andreas Hübner"") September 10, 2021 

Deuteronomy is a puzzling book. It's a marvelous 'farewell sermon' by Moses before Joshua takes up command, but the literary ...

[ Read More  ](https://libertarianchristians.com/2021/09/10/deuteronomy-ancient-limitation-political-authority/ ""Deuteronomy 17:14-20 as an Ancient Limitation on Political Authority"")

[ ](https://libertarianchristians.com/2021/08/15/weekend-insanity/ ""Weekend Insights – Insanity, Thy Name is Congress"")

[News](https://libertarianchristians.com/category/news/)

###  [Weekend Insights - Insanity, Thy Name is Congress](https://libertarianchristians.com/2021/08/15/weekend-insanity/)

[Dr. Norman Horn](https://libertarianchristians.com/author/dr-norman-horn/ ""Posts by Dr. Norman Horn"") August 15, 2021 

Welcome back to Weekend Insights, your LCI ""President's Corner"" of miscellaneous articles, events, books, vids, and whatever else I'm thinking ...

[ Read More  ](https://libertarianchristians.com/2021/08/15/weekend-insanity/ ""Weekend Insights – Insanity, Thy Name is Congress"")

1 [2](https://libertarianchristians.com/wp-json/wp/v2/pages/page/2/?per_page=100&page=1&_embed=True) [3](https://libertarianchristians.com/wp-json/wp/v2/pages/page/3/?per_page=100&page=1&_embed=True) [4](https://libertarianchristians.com/wp-json/wp/v2/pages/page/4/?per_page=100&page=1&_embed=True) [5](https://libertarianchristians.com/wp-json/wp/v2/pages/page/5/?per_page=100&page=1&_embed=True) [6](https://libertarianchristians.com/wp-json/wp/v2/pages/page/6/?per_page=100&page=1&_embed=True) [7](https://libertarianchristians.com/wp-json/wp/v2/pages/page/7/?per_page=100&page=1&_embed=True) [8](https://libertarianchristians.com/wp-json/wp/v2/pages/page/8/?per_page=100&page=1&_embed=True) [9](https://libertarianchristians.com/wp-json/wp/v2/pages/page/9/?per_page=100&page=1&_embed=True) [10](https://libertarianchristians.com/wp-json/wp/v2/pages/page/10/?per_page=100&page=1&_embed=True) [11](https://libertarianchristians.com/wp-json/wp/v2/pages/page/11/?per_page=100&page=1&_embed=True) [Next »](https://libertarianchristians.com/wp-json/wp/v2/pages/page/2/?per_page=100&page=1&_embed=True)

## Podcast Episodes

[ ](https://libertarianchristians.com/episode/america-winning-trade-war-art-carden/ ""Ep 80: Is America Winning the Trade War? with Art Carden"")

[Economics](https://libertarianchristians.com/category/economics/)

###  [Ep 80: Is America Winning the Trade War? with Art Carden](https://libertarianchristians.com/episode/america-winning-trade-war-art-carden/)

[Doug Stuart](https://libertarianchristians.com/author/dougstuart/ ""Posts by Doug Stuart"") August 21, 2018 

Trump told his supporters that they would get tired of all the winning America would be doing if he were ...

[ Read More  ](https://libertarianchristians.com/episode/america-winning-trade-war-art-carden/ ""Ep 80: Is America Winning the Trade War? with Art Carden"")

[ ](https://libertarianchristians.com/episode/the-way-back-jonathan-bock/ ""Ep 59: The Way Back with Jonathan Bock"")

[Podcast](https://libertarianchristians.com/category/podcast/)

###  [Ep 59: The Way Back with Jonathan Bock](https://libertarianchristians.com/episode/the-way-back-jonathan-bock/)

[Doug Stuart](https://libertarianchristians.com/author/dougstuart/ ""Posts by Doug Stuart"") March 27, 2018 

Regardless of your denomination, many American Christians have the sense that something is wrong in the Church today. Have we ...

[ Read More  ](https://libertarianchristians.com/episode/the-way-back-jonathan-bock/ ""Ep 59: The Way Back with Jonathan Bock"")

[ ](https://libertarianchristians.com/episode/entrepreneurship-human-flourishing-chris-horst/ ""Ep 58: Entrepreneurship and Human Flourishing with Chris Horst"")

[Podcast](https://libertarianchristians.com/category/podcast/)

###  [Ep 58: Entrepreneurship and Human Flourishing with Chris Horst](https://libertarianchristians.com/episode/entrepreneurship-human-flourishing-chris-horst/)

[Doug Stuart](https://libertarianchristians.com/author/dougstuart/ ""Posts by Doug Stuart"") March 20, 2018 

Chris Horst is the vice president of development at HOPE International, where he employs his passion for advancing initiatives at ...

[ Read More  ](https://libertarianchristians.com/episode/entrepreneurship-human-flourishing-chris-horst/ ""Ep 58: Entrepreneurship and Human Flourishing with Chris Horst"")

[ ](https://libertarianchristians.com/episode/libertarian-christian-qr-round-2/ ""Ep 56: Libertarian Christian Q&R, Round 2"")

[Podcast](https://libertarianchristians.com/category/podcast/)

###  [Ep 56: Libertarian Christian Q&R, Round 2](https://libertarianchristians.com/episode/libertarian-christian-qr-round-2/)

[Doug Stuart](https://libertarianchristians.com/author/dougstuart/ ""Posts by Doug Stuart"") March 6, 2018 

Join us for our second episode where we answer questions you have submitted, as well as popular topics from our ...

[ Read More  ](https://libertarianchristians.com/episode/libertarian-christian-qr-round-2/ ""Ep 56: Libertarian Christian Q&R, Round 2"")

[ ](https://libertarianchristians.com/episode/social-justice-libertarianism-jason-jewell/ ""Ep 55: Social Justice and Libertarianism with Jason Jewell"")

[Podcast](https://libertarianchristians.com/category/podcast/)

###  [Ep 55: Social Justice and Libertarianism with Jason Jewell](https://libertarianchristians.com/episode/social-justice-libertarianism-jason-jewell/)

[Doug Stuart](https://libertarianchristians.com/author/dougstuart/ ""Posts by Doug Stuart"") February 27, 2018 

Concern for social justice has become one of the most effective ways for Christians to signal that they care about ...

[ Read More  ](https://libertarianchristians.com/episode/social-justice-libertarianism-jason-jewell/ ""Ep 55: Social Justice and Libertarianism with Jason Jewell"")",https://libertarianchristians.com/topics/taxation/
24716,2021-08-09T10:17:22,Wealth,Harrison Hoover,"# Wealth

### Is wealth merely a matter of merit? Can we accumulate too much?

The topic of wealth gets a lot of attention in today's news, but what does the libertarian Christian think about wealth and abundance? Does God only bless some and not others? Do the wealthy have obligations to share? Where does the topic of equality fit in? 

These questions and more are discussed in the following articles. 

## Articles

[ ](https://libertarianchristians.com/2021/05/07/equal-but-not-the-same/ ""Equal But Not the Same"")

###  [Equal But Not the Same](https://libertarianchristians.com/2021/05/07/equal-but-not-the-same/)

By  Edmund Opitz 

[ ](https://libertarianchristians.com/2021/02/19/god-and-money-three-radical-ideas/ ""God And Money: Three Radical Ideas"")

###  [God And Money: Three Radical Ideas](https://libertarianchristians.com/2021/02/19/god-and-money-three-radical-ideas/)

By  Austin Rogers 

[ ](https://libertarianchristians.com/2020/08/20/billionaires-in-a-free-market/ ""Billionaires in a Free Market"")

###  [Billionaires in a Free Market](https://libertarianchristians.com/2020/08/20/billionaires-in-a-free-market/)

By  Isaac Morehouse 

[ ](https://libertarianchristians.com/2019/11/15/wealth-inequality/ ""Christians Should Care About Wealth Inequality – When It’s Caused By The Government"")

###  [Christians Should Care About Wealth Inequality – When It's Caused By The Government](https://libertarianchristians.com/2019/11/15/wealth-inequality/)

By  Austin Rogers 

[ ](https://libertarianchristians.com/2014/09/11/theological-implications-of-state-social-justice-programs/ ""Theological Implications of State Social Justice Programs"")

###  [Theological Implications of State Social Justice Programs](https://libertarianchristians.com/2014/09/11/theological-implications-of-state-social-justice-programs/)

By  Guest Contributor 

[ ](https://libertarianchristians.com/2014/01/27/is-wealth-a-sin/ ""Is Wealth a Sin?"")

###  [Is Wealth a Sin?](https://libertarianchristians.com/2014/01/27/is-wealth-a-sin/)

By  Doug Stuart 

[ ](https://libertarianchristians.com/2011/09/22/the-progress-of-greed/ ""The Progress of Greed"")

###  [The Progress of Greed](https://libertarianchristians.com/2011/09/22/the-progress-of-greed/)

By  Doug Stuart 

[ ](https://libertarianchristians.com/2011/07/29/equality-envy-and-idolatry/ ""Equality, Envy and Idolatry"")

###  [Equality, Envy and Idolatry](https://libertarianchristians.com/2011/07/29/equality-envy-and-idolatry/)

By  Isaac Morehouse 

[ ](https://libertarianchristians.com/2011/06/09/wealth-spread-it-or-share-it/ ""Wealth: Spread it or Share it?"")

###  [Wealth: Spread it or Share it?](https://libertarianchristians.com/2011/06/09/wealth-spread-it-or-share-it/)

By  Doug Stuart 

[ ](https://libertarianchristians.com/2011/04/27/which-kind-of-equality/ ""Which kind of Equality?"")

###  [Which kind of Equality?](https://libertarianchristians.com/2011/04/27/which-kind-of-equality/)

By  Edmund Opitz 

[ ](https://libertarianchristians.com/2011/04/07/obligation-to-the-poor/ ""The Christian Obligation to the Poor: Do No Harm"")

###  [The Christian Obligation to the Poor: Do No Harm](https://libertarianchristians.com/2011/04/07/obligation-to-the-poor/)

By  Isaac Morehouse 

[ ](https://libertarianchristians.com/2010/10/26/ed-opitz-shows-us-the-way-of-freedom/ ""Ed Opitz shows us the Way of Freedom"")

###  [Ed Opitz shows us the Way of Freedom](https://libertarianchristians.com/2010/10/26/ed-opitz-shows-us-the-way-of-freedom/)

By  Dr. Norman Horn 

[ ](https://libertarianchristians.com/2010/02/27/enjoy-capitalism/ ""Enjoy Capitalism!"")

###  [Enjoy Capitalism!](https://libertarianchristians.com/2010/02/27/enjoy-capitalism/)

By  Guest Contributor 

[ ](https://libertarianchristians.com/2009/11/04/churches-and-social-order/ ""Churches and the Social Order"")

###  [Churches and the Social Order](https://libertarianchristians.com/2009/11/04/churches-and-social-order/)

By  Edmund Opitz 

[ ](https://libertarianchristians.com/2009/10/28/business-and-ethics/ ""Ethics and Business"")

###  [Ethics and Business](https://libertarianchristians.com/2009/10/28/business-and-ethics/)

By  Edmund Opitz 

## Podcast Episodes

[ ](https://libertarianchristians.com/episode/enviormental-social-governance-business-ethics-david-rose/ ""Ep 303: Environmental Social Governance \(ESGs\) and Business Ethics with David Rose"")

###  [Ep 303: Environmental Social Governance (ESGs) and Business Ethics with David Rose](https://libertarianchristians.com/episode/enviormental-social-governance-business-ethics-david-rose/)

By  Doug Stuart 

[ ](https://libertarianchristians.com/episode/good-governance-prosperity-joel-bomgar/ ""Ep 260: Good Governance & Prosperity, with Joel Bomgar"")

###  [Ep 260: Good Governance & Prosperity, with Joel Bomgar](https://libertarianchristians.com/episode/good-governance-prosperity-joel-bomgar/)

By  Doug Stuart 

[ ](https://libertarianchristians.com/episode/libertarian-christian-potpourri/ ""Ep 178: Libertarian Christian Potpourri"")

###  [Ep 178: Libertarian Christian Potpourri](https://libertarianchristians.com/episode/libertarian-christian-potpourri/)

By  Doug Stuart 

[ ](https://libertarianchristians.com/episode/antiwar-war-veteran/ ""Ep 177: The Antiwar War Veteran"")

###  [Ep 177: The Antiwar War Veteran](https://libertarianchristians.com/episode/antiwar-war-veteran/)

By  Doug Stuart 

[ ](https://libertarianchristians.com/episode/rich-public-opinion-rainer-zitelmann/ ""Ep 176: The Rich in Public Opinion, with Rainer Zitelmann"")

###  [Ep 176: The Rich in Public Opinion, with Rainer Zitelmann](https://libertarianchristians.com/episode/rich-public-opinion-rainer-zitelmann/)

By  Doug Stuart 

[ ](https://libertarianchristians.com/episode/interconnected-individual-hunter-hastings/ ""Ep 114: The Interconnected Individual with Hunter Hastings"")

###  [Ep 114: The Interconnected Individual with Hunter Hastings](https://libertarianchristians.com/episode/interconnected-individual-hunter-hastings/)

By  Doug Stuart 

[ ](https://libertarianchristians.com/episode/capitalism-discontents/ ""Ep 113: Capitalism and its Discontents"")

###  [Ep 113: Capitalism and its Discontents](https://libertarianchristians.com/episode/capitalism-discontents/)

By  Doug Stuart 

[ ](https://libertarianchristians.com/episode/correcting-market-misunderstandings-gene-epstein/ ""Ep 112: Correcting Market Misunderstandings with Gene Epstein"")

###  [Ep 112: Correcting Market Misunderstandings with Gene Epstein](https://libertarianchristians.com/episode/correcting-market-misunderstandings-gene-epstein/)

By  Doug Stuart 

[ ](https://libertarianchristians.com/episode/inclusive-economy-michael-tanner/ ""Ep 102: The Inclusive Economy with Michael Tanner"")

###  [Ep 102: The Inclusive Economy with Michael Tanner](https://libertarianchristians.com/episode/inclusive-economy-michael-tanner/)

By  Doug Stuart 

[ ](https://libertarianchristians.com/episode/third-economic-revolution-sharing-economy-mike-munger/ ""Ep 101: Tomorrow 3.0 and the Sharing Economy with Mike Munger"")

###  [Ep 101: Tomorrow 3.0 and the Sharing Economy with Mike Munger](https://libertarianchristians.com/episode/third-economic-revolution-sharing-economy-mike-munger/)

By  Doug Stuart 

[ ](https://libertarianchristians.com/episode/celebrating-10-years-and-100-episodes/ ""Ep 100: Celebrating 10 Years and 100 Episodes"")

###  [Ep 100: Celebrating 10 Years and 100 Episodes](https://libertarianchristians.com/episode/celebrating-10-years-and-100-episodes/)

By  Doug Stuart 

[ ](https://libertarianchristians.com/episode/good-of-affluence-john-schneider/ ""Ep 99: The Good of Affluence with Dr. John R. Schneider"")

###  [Ep 99: The Good of Affluence with Dr. John R. Schneider](https://libertarianchristians.com/episode/good-of-affluence-john-schneider/)

By  Doug Stuart 

[ ](https://libertarianchristians.com/episode/analyzing-progressive-christianity-bill-anderson/ ""Ep 91: Analyzing Progressive Christianity with Bill Anderson"")

###  [Ep 91: Analyzing Progressive Christianity with Bill Anderson](https://libertarianchristians.com/episode/analyzing-progressive-christianity-bill-anderson/)

By  Doug Stuart 

[ ](https://libertarianchristians.com/episode/the-bourgeois-deal-deirdre-mccloskey/ ""Ep 90: The Bourgeois Deal with Deirdre McCloskey"")

###  [Ep 90: The Bourgeois Deal with Deirdre McCloskey](https://libertarianchristians.com/episode/the-bourgeois-deal-deirdre-mccloskey/)

By  Doug Stuart",https://libertarianchristians.com/topics/wealth/
24692,2021-08-03T18:17:34,Marriage,Harrison Hoover,"# Libertarian Christian Perspectives

### Selected Content on Current Events

### Marriage

### Is holy matrimony on a collision course with evolving American social values?

Marriage is a sacred institution and a cornerstone of a good society. The image of marriage shifts with the tides of culture, and the state's entanglement with it gives libertarian Christians a lot to untangle. 

## Articles

[ ](https://libertarianchristians.com/2016/09/13/so-youd-be-a-libertarian/ ""So You’d Be A Libertarian If It Weren’t For Abortion and Gay Marriage?"")

[Christian Worldview](https://libertarianchristians.com/category/christian-worldview/)

###  [So You’d Be A Libertarian If It Weren’t For Abortion and Gay Marriage?](https://libertarianchristians.com/2016/09/13/so-youd-be-a-libertarian/)

[Jeff Wright](https://libertarianchristians.com/author/jeff-wright/ ""Posts by Jeff Wright"") September 13, 2016 

Many libertarian Christians, like me, were once conservatives. Many of our friends and family, likewise, are conservative Christians. Often I ...

[ Read More  ](https://libertarianchristians.com/2016/09/13/so-youd-be-a-libertarian/ ""So You’d Be A Libertarian If It Weren’t For Abortion and Gay Marriage?"")

[ ](https://libertarianchristians.com/2015/10/30/reader-questions-on-war/ ""Reader questions on war, violence, and overturning tables"")

[Libertarianism](https://libertarianchristians.com/category/libertarianism/)

###  [Reader questions on war, violence, and overturning tables](https://libertarianchristians.com/2015/10/30/reader-questions-on-war/)

[Dr. Norman Horn](https://libertarianchristians.com/author/dr-norman-horn/ ""Posts by Dr. Norman Horn"") October 30, 2015 

I always enjoy getting interesting questions from readers via our Contact Page, and when I'm really on top of things ...

[ Read More  ](https://libertarianchristians.com/2015/10/30/reader-questions-on-war/ ""Reader questions on war, violence, and overturning tables"")

[ ](https://libertarianchristians.com/2015/07/07/who-denigrates-marriage/ ""Who denigrates marriage? Maybe you and I do."")

[Culture](https://libertarianchristians.com/category/culture/)

###  [Who denigrates marriage? Maybe you and I do.](https://libertarianchristians.com/2015/07/07/who-denigrates-marriage/)

[Laurence Vance](https://libertarianchristians.com/author/laurence/ ""Posts by Laurence Vance"") July 7, 2015 

Conservative, evangelical, and fundamentalist Christians are not going to like what I am going to say. And neither are most ...

[ Read More  ](https://libertarianchristians.com/2015/07/07/who-denigrates-marriage/ ""Who denigrates marriage? Maybe you and I do."")

[ ](https://libertarianchristians.com/2015/07/03/the-separation-of-marriage-and-state/ ""The Separation of Marriage and State"")

[Culture](https://libertarianchristians.com/category/culture/)

###  [The Separation of Marriage and State](https://libertarianchristians.com/2015/07/03/the-separation-of-marriage-and-state/)

[Guest Contributor](https://libertarianchristians.com/author/guest-contributor/ ""Posts by Guest Contributor"") July 3, 2015 

This guest post is by Jeremy Mack of The Evangelical Libertarian. Though I do not necessarily agree with everything in ...

[ Read More  ](https://libertarianchristians.com/2015/07/03/the-separation-of-marriage-and-state/ ""The Separation of Marriage and State"")

[ ](https://libertarianchristians.com/2014/03/03/that-gay-bill-in-arizona/ ""That Gay Bill in Arizona"")

[Culture](https://libertarianchristians.com/category/culture/)

###  [That Gay Bill in Arizona](https://libertarianchristians.com/2014/03/03/that-gay-bill-in-arizona/)

[Doug Stuart](https://libertarianchristians.com/author/dougstuart/ ""Posts by Doug Stuart"") March 3, 2014 

The Internet has no lack of passionate writers opining about the Arizona bill that would have allow businesses to deny service ...

[ Read More  ](https://libertarianchristians.com/2014/03/03/that-gay-bill-in-arizona/ ""That Gay Bill in Arizona"")

[ ](https://libertarianchristians.com/2014/01/01/2013-recap/ ""Looking Forward by Looking Backward \(My Personal 2013 Recap\)"")

[Book Reviews](https://libertarianchristians.com/category/books/)

###  [Looking Forward by Looking Backward (My Personal 2013 Recap)](https://libertarianchristians.com/2014/01/01/2013-recap/)

[Doug Stuart](https://libertarianchristians.com/author/dougstuart/ ""Posts by Doug Stuart"") January 1, 2014 

Adult maturity is partly evidenced by how well we allow our past to influence our vision and hope for the ...

[ Read More  ](https://libertarianchristians.com/2014/01/01/2013-recap/ ""Looking Forward by Looking Backward \(My Personal 2013 Recap\)"")

1 [2](https://libertarianchristians.com/wp-json/wp/v2/pages/page/2/?per_page=100&page=1&_embed=True) [3](https://libertarianchristians.com/wp-json/wp/v2/pages/page/3/?per_page=100&page=1&_embed=True) [Next »](https://libertarianchristians.com/wp-json/wp/v2/pages/page/2/?per_page=100&page=1&_embed=True)

## Podcast Episodes

[ ](https://libertarianchristians.com/episode/ep-101-what-is-degeneracy-how-the-christian-right-dehumanizes-their-neighbors/ ""Ep. 101 – What is Degeneracy? How the Christian Right Dehumanizes Their Neighbors"")

[Podcast](https://libertarianchristians.com/category/podcast/)

###  [Ep. 101 - What is Degeneracy? How the Christian Right Dehumanizes Their Neighbors](https://libertarianchristians.com/episode/ep-101-what-is-degeneracy-how-the-christian-right-dehumanizes-their-neighbors/)

[Jacob Winograd](https://libertarianchristians.com/author/jacobwinograd/ ""Posts by Jacob Winograd"") July 9, 2025 

In this episode of Biblical Anarchy, Jacob Winograd unpacks a provocative question: why do many Christians fixate on sexual immorality—like ...

[ Listen Now  ](https://libertarianchristians.com/episode/ep-101-what-is-degeneracy-how-the-christian-right-dehumanizes-their-neighbors/ ""Ep. 101 – What is Degeneracy? How the Christian Right Dehumanizes Their Neighbors"")

[ ](https://libertarianchristians.com/episode/should-government-define-marriage/ ""Ep 267: Should the Government Define Marriage?"")

[Podcast](https://libertarianchristians.com/category/podcast/)

###  [Ep 267: Should the Government Define Marriage?](https://libertarianchristians.com/episode/should-government-define-marriage/)

[Doug Stuart](https://libertarianchristians.com/author/dougstuart/ ""Posts by Doug Stuart"") March 25, 2022 

We decided to react to a debate Dr. Norman Horn participated in with Dr. Allan Carlson back in 2013 on ...

[ Listen Now  ](https://libertarianchristians.com/episode/should-government-define-marriage/ ""Ep 267: Should the Government Define Marriage?"")

[ ](https://libertarianchristians.com/episode/libertarian-christian-core-values-part-5/ ""Ep 71: Libertarian Christian Core Values \(Part 5\)"")

[Podcast](https://libertarianchristians.com/category/podcast/)

###  [Ep 71: Libertarian Christian Core Values (Part 5)](https://libertarianchristians.com/episode/libertarian-christian-core-values-part-5/)

[Doug Stuart](https://libertarianchristians.com/author/dougstuart/ ""Posts by Doug Stuart"") June 19, 2018 

LCI recently released our Mission, Vision and Core Values statement: a concise, systematic presentation of what we stand for as ...

[ Listen Now  ](https://libertarianchristians.com/episode/libertarian-christian-core-values-part-5/ ""Ep 71: Libertarian Christian Core Values \(Part 5\)"")

[ ](https://libertarianchristians.com/episode/christianity-lgbtq-preston-sprinkle/ ""Ep 23: Christianity & LGBTQ with Preston Sprinkle"")

[Podcast](https://libertarianchristians.com/category/podcast/)

###  [Ep 23: Christianity & LGBTQ with Preston Sprinkle](https://libertarianchristians.com/episode/christianity-lgbtq-preston-sprinkle/)

[Doug Stuart](https://libertarianchristians.com/author/dougstuart/ ""Posts by Doug Stuart"") July 17, 2017 

One of the most common questions asked to libertarian Christians is what we think about LGBTQ, gay marriage, and other ...

[ Listen Now  ](https://libertarianchristians.com/episode/christianity-lgbtq-preston-sprinkle/ ""Ep 23: Christianity & LGBTQ with Preston Sprinkle"")

[ ](https://libertarianchristians.com/episode/religious-freedom-marriage-wars-stephanie-slade/ ""Ep 20: Religious Freedom and the Marriage Wars with Stephanie Slade"")

[Podcast](https://libertarianchristians.com/category/podcast/)

###  [Ep 20: Religious Freedom and the Marriage Wars with Stephanie Slade](https://libertarianchristians.com/episode/religious-freedom-marriage-wars-stephanie-slade/)

[Doug Stuart](https://libertarianchristians.com/author/dougstuart/ ""Posts by Doug Stuart"") June 26, 2017 

One of the most common issues raised by non-libertarian Christians about libertarian thought is marriage licensing. Because the family unit ...

[ Listen Now  ](https://libertarianchristians.com/episode/religious-freedom-marriage-wars-stephanie-slade/ ""Ep 20: Religious Freedom and the Marriage Wars with Stephanie Slade"")",https://libertarianchristians.com/topics/marriage/
21508,2021-02-28T19:31:14,"Good News, Bad News – The Libertarian ChristianRoundtable",Doug Stuart,"# Good News, Bad News

## Libertarian Christian Roundtable

### Libertarian Christian Voices Discussing the Latest in the News

Twice monthly the LCI Roundtable team gathers together to discuss the news in recent weeks. Join us as we discuss the issues that affect you most! 

[ View the entire playlist ](https://youtube.com/playlist?list=PLcrgOPKyFx3YyQXS3Xm0ipoiuIOohek8s)

## Episodes

[ ](https://libertarianchristians.com/2022/07/10/good-news-bad-news-july-7-2022/)

###  [ Good News, Bad New July 7, 2022: The Roe Casey Repeal ](https://libertarianchristians.com/2022/07/10/good-news-bad-news-july-7-2022/)

July 10, 2022 

Though down a man tonight with Aaron out sick, the GNBN crew tackles the remarkable news of the Roe-Casey Repeal from SCOTUS and its intricacies.

[ Read More » ](https://libertarianchristians.com/2022/07/10/good-news-bad-news-july-7-2022/)

[ ](https://libertarianchristians.com/2022/06/25/good-news-bad-news-june-23-2022/)

###  [ Good News, Bad New June 23, 2022: Did the Supreme Court Find God? ](https://libertarianchristians.com/2022/06/25/good-news-bad-news-june-23-2022/)

June 25, 2022 

The Libertarian Christian Roundtable crew goes deep on the issue of school vouchers, discussing the recent SCOTUS decision about vouchers for religious schools in Maine.

[ Read More » ](https://libertarianchristians.com/2022/06/25/good-news-bad-news-june-23-2022/)

[ ](https://libertarianchristians.com/2022/06/11/good-news-bad-news-june-9-2022/)

###  [ Good News, Bad New June 9, 2022: Inflation is Here to Stay ](https://libertarianchristians.com/2022/06/11/good-news-bad-news-june-9-2022/)

June 11, 2022 

… not for a year, but ever and a day… If you get that reference, you're probably not Kerry, Aaron, or Matt. But they don't

[ Read More » ](https://libertarianchristians.com/2022/06/11/good-news-bad-news-june-9-2022/)

[ ](https://libertarianchristians.com/2022/05/28/good-news-bad-news-may-26-2022/)

###  [ Good News, Bad New May 26, 2022: Uvalde School Shooting & the Baby Formula Shortage ](https://libertarianchristians.com/2022/05/28/good-news-bad-news-may-26-2022/)

May 28, 2022 

The team discusses the immensely troubling school shooting in Uvalde, Texas and the economics behind the baby formula shortage. Will gun control work? How does

[ Read More » ](https://libertarianchristians.com/2022/05/28/good-news-bad-news-may-26-2022/)

[ ](https://libertarianchristians.com/2022/05/14/good-news-bad-news-may-13-2022/)

###  [ Good News, Bad New May 13, 2022: Misinformation, Abortion, and Star Trek ](https://libertarianchristians.com/2022/05/14/good-news-bad-news-may-13-2022/)

May 14, 2022 

The crew reviews the three craziest things of the past two weeks: the Misinformation Governance Board, the leaked Justice Alito supreme court opinion on repealing

[ Read More » ](https://libertarianchristians.com/2022/05/14/good-news-bad-news-may-13-2022/)

[ ](https://libertarianchristians.com/2022/04/16/good-news-bad-news-apr-15-2022/)

###  [ Good News, Bad News April 15, 2022: The SCOURGE of Social Media, & Hidden Economic Insights ](https://libertarianchristians.com/2022/04/16/good-news-bad-news-apr-15-2022/)

April 16, 2022 

[NOTE of Irony: Hours after we recorded this episode, it was announced that Musk made an offer to buy Twitter. Thanks, Elon!] The crew talks

[ Read More » ](https://libertarianchristians.com/2022/04/16/good-news-bad-news-apr-15-2022/)

[ ](https://libertarianchristians.com/2022/04/02/good-news-bad-news-apr-1-2022/)

###  [ Good News, Bad News April 1, 2022: The Slap Heard Round the World and Other Controversies ](https://libertarianchristians.com/2022/04/02/good-news-bad-news-apr-1-2022/)

April 2, 2022 

Join the Libertarian Christian Roundtable as we talk about Will Smith dominating the attention at the Academy Awards, as well as about the controversies about

[ Read More » ](https://libertarianchristians.com/2022/04/02/good-news-bad-news-apr-1-2022/)

[ ](https://libertarianchristians.com/2022/03/19/good-news-bad-news-mar-17-2022/)

###  [ Good News, Bad News March 17, 2022: Biden Blames Putin, Christian Nationalists are Confused ](https://libertarianchristians.com/2022/03/19/good-news-bad-news-mar-17-2022/)

March 19, 2022 

The Libertarian Christian Roundtable discusses the absurdities of the Biden Administration's blaming Vladimir Putin for rising gas prices, why Nancy Pelosi needs to stop talking

[ Read More » ](https://libertarianchristians.com/2022/03/19/good-news-bad-news-mar-17-2022/)

[ ](https://libertarianchristians.com/2022/03/05/good-news-bad-news-mar-3-2022/)

###  [ Good News, Bad News March 3, 2022: Ukraine and the 2022 State of the Union Dumpster Fire ](https://libertarianchristians.com/2022/03/05/good-news-bad-news-mar-3-2022/)

March 5, 2022 

Libertarian Christian commentary on the latest in Ukraine, plus President Biden's incoherent and economically ignorant State of the Union Address that only sounds good if

[ Read More » ](https://libertarianchristians.com/2022/03/05/good-news-bad-news-mar-3-2022/)

[ ](https://libertarianchristians.com/2022/02/19/good-news-bad-news-feb-16-2022/)

###  [ Good News, Bad News Feb 16, 2022: Truckers vs. Trudeau & Putin's Ukraine Crisis ](https://libertarianchristians.com/2022/02/19/good-news-bad-news-feb-16-2022/)

February 19, 2022 

Canadians are even nice when they protest, but Justin Trudeau has doubled down on his mandates. The Libertarian Christian Roundtable discusses this and more. Make

[ Read More » ](https://libertarianchristians.com/2022/02/19/good-news-bad-news-feb-16-2022/)",https://libertarianchristians.com/roundtable/
20766,2021-02-08T10:37:51,Faith Seeking Freedom Study Guide,Doug Stuart,"* [The Book](https://libertarianchristians.com/faith-seeking-freedom/)
  * [The Questions](https://libertarianchristians.com/faith-seeking-freedom/the-questions/)
  * [Study Guide](https://libertarianchristians.com/faith-seeking-freedom/studyguide/)
  * [The Authors](https://libertarianchristians.com/faith-seeking-freedom/authors/)
  * [The Endorsements](https://libertarianchristians.com/faith-seeking-freedom/endorsements/)
  * [Further Reading](https://libertarianchristians.com/faith-seeking-freedom/further-reading/)
  * [Feedback](https://libertarianchristians.com/faith-seeking-freedom/feedback/)

  * [The Book](https://libertarianchristians.com/faith-seeking-freedom/)
  * [The Questions](https://libertarianchristians.com/faith-seeking-freedom/the-questions/)
  * [Study Guide](https://libertarianchristians.com/faith-seeking-freedom/studyguide/)
  * [The Authors](https://libertarianchristians.com/faith-seeking-freedom/authors/)
  * [The Endorsements](https://libertarianchristians.com/faith-seeking-freedom/endorsements/)
  * [Further Reading](https://libertarianchristians.com/faith-seeking-freedom/further-reading/)
  * [Feedback](https://libertarianchristians.com/faith-seeking-freedom/feedback/)

## Download the Study Guide!

We've created the Faith Seeking Freedom Study Guide to help you get the most out of _[Faith Seeking Freedom](https://www.amazon.com/dp/B08LDZMP8M)_. Whether you plan to use it for group discussion, personal reflection, or something else, we know you'll find it a valuable resource in your journey! 

By filling out the form below, you'll be redirected to the PDF version of the Study Guide (we'll also email it to you!), and will be opted-in to our Daily Newsletter (you can unsubscribe at any time). 

First 

Last 

Email 

Get my Study Guide!",https://libertarianchristians.com/faith-seeking-freedom/studyguide/
19904,2020-11-10T11:51:11,Feedback,Doug Stuart,"* [The Book](https://libertarianchristians.com/faith-seeking-freedom/)
  * [The Questions](https://libertarianchristians.com/faith-seeking-freedom/the-questions/)
  * [Study Guide](https://libertarianchristians.com/faith-seeking-freedom/studyguide/)
  * [The Authors](https://libertarianchristians.com/faith-seeking-freedom/authors/)
  * [The Endorsements](https://libertarianchristians.com/faith-seeking-freedom/endorsements/)
  * [Further Reading](https://libertarianchristians.com/faith-seeking-freedom/further-reading/)
  * [Feedback](https://libertarianchristians.com/faith-seeking-freedom/feedback/)

  * [The Book](https://libertarianchristians.com/faith-seeking-freedom/)
  * [The Questions](https://libertarianchristians.com/faith-seeking-freedom/the-questions/)
  * [Study Guide](https://libertarianchristians.com/faith-seeking-freedom/studyguide/)
  * [The Authors](https://libertarianchristians.com/faith-seeking-freedom/authors/)
  * [The Endorsements](https://libertarianchristians.com/faith-seeking-freedom/endorsements/)
  * [Further Reading](https://libertarianchristians.com/faith-seeking-freedom/further-reading/)
  * [Feedback](https://libertarianchristians.com/faith-seeking-freedom/feedback/)

## Join the Conversation!

We wrote this book to provide succinct and clear answers to the most common questions we are asked as libertarian Christians. But we are not under an illusion that this short book says every- thing that needs to be said. There will always be more questions, and there will always be fresh ways to articulate answers to reach more people. New political circumstances, pandemics, scientific discoveries, and technological advancements often require us to speak differently about timeless truths, and we are prepared to adapt to reach more people.

In other words, this book is just the beginning of an ongoing conversation. We invite you to keep that conversation going by continuing to ask more questions and by inviting more people into it. That’s why we’ve created www.faithseekingfreedom.com as a place to share this work with others, ask new questions, and dive into more resources to satisfy your curiosity. We welcome and appreciate all polite and civil responses, whether they are positive, negative, or a mixture of the two.

Welcome to the conversation!

### Send us feedback!

Sign up below to be the first to know when you can order _Faith Seeking Freedom_!

First 

Last 

Email 

Nature of your Inquiry 

I have another question to ask I have feedback about the book I want to say something else

What would you like to say? 

Send Message",https://libertarianchristians.com/faith-seeking-freedom/feedback/
19839,2020-11-07T12:13:54,Further Reading,Doug Stuart,"* [The Book](https://libertarianchristians.com/faith-seeking-freedom/)
  * [The Questions](https://libertarianchristians.com/faith-seeking-freedom/the-questions/)
  * [Study Guide](https://libertarianchristians.com/faith-seeking-freedom/studyguide/)
  * [The Authors](https://libertarianchristians.com/faith-seeking-freedom/authors/)
  * [The Endorsements](https://libertarianchristians.com/faith-seeking-freedom/endorsements/)
  * [Further Reading](https://libertarianchristians.com/faith-seeking-freedom/further-reading/)
  * [Feedback](https://libertarianchristians.com/faith-seeking-freedom/feedback/)

  * [The Book](https://libertarianchristians.com/faith-seeking-freedom/)
  * [The Questions](https://libertarianchristians.com/faith-seeking-freedom/the-questions/)
  * [Study Guide](https://libertarianchristians.com/faith-seeking-freedom/studyguide/)
  * [The Authors](https://libertarianchristians.com/faith-seeking-freedom/authors/)
  * [The Endorsements](https://libertarianchristians.com/faith-seeking-freedom/endorsements/)
  * [Further Reading](https://libertarianchristians.com/faith-seeking-freedom/further-reading/)
  * [Feedback](https://libertarianchristians.com/faith-seeking-freedom/feedback/)

## Faith Seeking Freedom

### Further Reading

If you own the audiobook (coming December 2020) or simply want to have the full list of all the resources we suggest in the book, you can download the PDF below: 

[ Download Now (PDF) ](https://libertarianchristians.com/wp-content/uploads/2020/11/FSF-Further-Reading-Only.pdf)",https://libertarianchristians.com/faith-seeking-freedom/further-reading/
19643,2020-10-24T12:15:36,Authors,Doug Stuart,"* [The Book](https://libertarianchristians.com/faith-seeking-freedom/)
  * [The Questions](https://libertarianchristians.com/faith-seeking-freedom/the-questions/)
  * [Study Guide](https://libertarianchristians.com/faith-seeking-freedom/studyguide/)
  * [The Authors](https://libertarianchristians.com/faith-seeking-freedom/authors/)
  * [The Endorsements](https://libertarianchristians.com/faith-seeking-freedom/endorsements/)
  * [Further Reading](https://libertarianchristians.com/faith-seeking-freedom/further-reading/)
  * [Feedback](https://libertarianchristians.com/faith-seeking-freedom/feedback/)

  * [The Book](https://libertarianchristians.com/faith-seeking-freedom/)
  * [The Questions](https://libertarianchristians.com/faith-seeking-freedom/the-questions/)
  * [Study Guide](https://libertarianchristians.com/faith-seeking-freedom/studyguide/)
  * [The Authors](https://libertarianchristians.com/faith-seeking-freedom/authors/)
  * [The Endorsements](https://libertarianchristians.com/faith-seeking-freedom/endorsements/)
  * [Further Reading](https://libertarianchristians.com/faith-seeking-freedom/further-reading/)
  * [Feedback](https://libertarianchristians.com/faith-seeking-freedom/feedback/)

## Meet the Authors of _Faith Seeking Freedom_

**Dr. Norman Horn** is the founder and President of the Libertarian Christian Institute. He holds a Ph.D. in Chemical Engineering from the University of Texas at Austin and a Master of Arts in Theological Studies from the Austin Graduate School of Theology. He has won numerous awards for his writings and research in both engineering and theology, and has authored multiple peer-reviewed publications in natural sciences, economics, and political theory. He works as a professional chemical engineer, resides in Missouri with his wife and three children, and is an a cappella worship leader in the Churches of Christ. He has been a passionate defender of individual rights and libertarianism from a Christian perspective for over fifteen years.

**Doug Stuart** is CEO of the Libertarian Christian Institute. He holds an MDiv from Biblical Seminary, and his writing and speaking focus on challenging the status quo. Doug became a full-fledged libertarian because Christians can defend liberty as a necessary aspect of loving others and defending the rights of the oppressed. Doug currently lives with his wife and three children in Lancaster, PA, where he freelances as a web designer and video producer. He has served as a deacon at an evangelical church, where he has also taught classes on film and culture, evangelism, faith and economics, and non-violence.

**Kerry Baldwin** is an independent researcher and writer with a B.A. in Philosophy from Arizona State University. Her website is MereLiberty.com and she focuses on libertarian philosophy and reformed theology. She challenges readers to rethink prevailing paradigms in politics, theology, and culture. She is a confessionally Reformed Christian orthodox Presbyterian in the tradition of J. Gresham Machen (1881–1937), an outspoken libertarian and defender of Christian orthodoxy. Kerry holds libertarian anarchism to be properly grounded in Reformed Christian convictions, and finds an alternative to patriarchialism, feminism, egalitarianism, and complementarianism in a Reformed perspective. Kerry is a single, homeschooling mother of three. She enjoys outdoor activities in the Jemez mountains near her home, and stereotypically introverted hobbies such as puzzles and brain teasers.

**Dick Clark** is a committee legal counsel for the Nebraska Legislature and an attorney in private practice specializing in firearms law. He holds a B.A. in English with minor studies in philosophy from Auburn University. After a stint as librarian at the Ludwig von Mises Institute, he then earned his J.D. from Suffolk Law in Boston. He moved to Nebraska to serve as a policy advisor to Governor Dave Heineman, and later worked at the Platte Institute in Omaha and at the Institute for Economic Inquiry at Creighton University. Dick’s second greatest blessing after salvation is his wife Justina, with whom he is raising three children in Lincoln, Nebraska. He serves as a deacon at his Southern Baptist church. Dick enjoys shooting, hunting, playing violin, mandolin, and guitar, and finding time for woodworking in his workshop.

### Be the first to know 

Sign up below to be the first to know when you can pre-order _Faith Seeking Freedom_!

First 

Last 

Email 

Tell me when it launches!",https://libertarianchristians.com/faith-seeking-freedom/authors/
19641,2020-10-24T12:15:00,Endorsements,Doug Stuart,"* [The Book](https://libertarianchristians.com/faith-seeking-freedom/)
  * [The Questions](https://libertarianchristians.com/faith-seeking-freedom/the-questions/)
  * [Study Guide](https://libertarianchristians.com/faith-seeking-freedom/studyguide/)
  * [The Authors](https://libertarianchristians.com/faith-seeking-freedom/authors/)
  * [The Endorsements](https://libertarianchristians.com/faith-seeking-freedom/endorsements/)
  * [Further Reading](https://libertarianchristians.com/faith-seeking-freedom/further-reading/)
  * [Feedback](https://libertarianchristians.com/faith-seeking-freedom/feedback/)

  * [The Book](https://libertarianchristians.com/faith-seeking-freedom/)
  * [The Questions](https://libertarianchristians.com/faith-seeking-freedom/the-questions/)
  * [Study Guide](https://libertarianchristians.com/faith-seeking-freedom/studyguide/)
  * [The Authors](https://libertarianchristians.com/faith-seeking-freedom/authors/)
  * [The Endorsements](https://libertarianchristians.com/faith-seeking-freedom/endorsements/)
  * [Further Reading](https://libertarianchristians.com/faith-seeking-freedom/further-reading/)
  * [Feedback](https://libertarianchristians.com/faith-seeking-freedom/feedback/)

### What people are saying:

_Faith Seeking Freedom_ is a basic primer on serious libertarianism seen through the informed intellects of serious Christians. Its Q&A format is easy to read, utterly faithful to Christian doctrine and libertarian beliefs, and leaves you fulfilled yet asking for more. I strongly recommend it. 

Hon. Andrew P. Napolitano

Senior Judicial Analyst, Fox News Channel

This latest contribution from the Libertarian Christian Institute proves that the best answers are often the concise ones, those that strike at the root of the matter while drawing from unassailable facts and the ripest wisdom.

Lawrence Reed

President Emeritus, FEE

Liberty is ultimately about peace, love, and cooperation, which is a message that can appeal to the 2.4 billion Christians on the planet. This is a big potential audience. This is an important book and undertaking.

Stephan Kinsella

In _Faith Seeking Freedom_ , the authors draw on Judeo-Christian principles to provide a helpful and accessible guide to the ideas and public policies of a free society. For both modern Christians and secularists alike, this book offers insights into how to steer through the cultural seductions and dangers of tyranny to reach the greater human well-being only made possible through liberty.

David J. Theroux

Independent Institute

_Faith Seeking Freedom_ is an achieving apologetic, a catechism that quickly surveys the vast subject, while responsibly addressing necessary distinctions in existing political theories that reside under the often umbrella terms of ""Christian"" and ""libertarian.""

Stephen Rose

AnarchoChristian.com

_Faith Seeking Freedom_ is wonderfully clear, concise, and kind to the reader. This book will help non-libertarian Christians to better understand, respect, and maybe even adopt libertarianism as their favored approach to political philosophy.

Kevin Vallier

Associate Professor of Philosophy,  
Bowling Green State University

A very useful contribution that strikes a good balance between comprehensive answers and a wide variety of issues. The questions are indeed the tough ones that would come from Christians who do not embrace libertarianism; honest readers will appreciate the sincere attempts to meet these objections.

Robert P. Murphy

Senior Fellow, Mises Institute 

Whether you’re a long-time libertarian Christian seeking to better argue your position or a curious bystander trying to figure it all out, this book is a must-read.

Mike Maharrey

Host of the GodArchy Podcast",https://libertarianchristians.com/faith-seeking-freedom/endorsements/
19638,2020-10-24T12:14:38,The Questions,Doug Stuart,"* [The Book](https://libertarianchristians.com/faith-seeking-freedom/)
  * [The Questions](https://libertarianchristians.com/faith-seeking-freedom/the-questions/)
  * [Study Guide](https://libertarianchristians.com/faith-seeking-freedom/studyguide/)
  * [The Authors](https://libertarianchristians.com/faith-seeking-freedom/authors/)
  * [The Endorsements](https://libertarianchristians.com/faith-seeking-freedom/endorsements/)
  * [Further Reading](https://libertarianchristians.com/faith-seeking-freedom/further-reading/)
  * [Feedback](https://libertarianchristians.com/faith-seeking-freedom/feedback/)

  * [The Book](https://libertarianchristians.com/faith-seeking-freedom/)
  * [The Questions](https://libertarianchristians.com/faith-seeking-freedom/the-questions/)
  * [Study Guide](https://libertarianchristians.com/faith-seeking-freedom/studyguide/)
  * [The Authors](https://libertarianchristians.com/faith-seeking-freedom/authors/)
  * [The Endorsements](https://libertarianchristians.com/faith-seeking-freedom/endorsements/)
  * [Further Reading](https://libertarianchristians.com/faith-seeking-freedom/further-reading/)
  * [Feedback](https://libertarianchristians.com/faith-seeking-freedom/feedback/)

## The Questions

## **1 Why Should I Care about Politics?**

  1. Politics isn’t a gospel issue, so why should I be concerned about politics?
  2. Jesus said his Kingdom was not of this world. Isn’t political engagement being concerned with “this world”?
  3. Politics just seems like a distraction from the real mission of the Church.
  4. So what does God have to say about government?
  5. Didn’t Paul write that governments were established by God?
  6. What scriptural support is there that the state is inherently bad?
  7. But didn’t the Israelites have kings? Doesn’t that mean having a state is okay?
  8. If the Old Testament is not favorable toward government, what about the New Testament?
  9. Government rule, then, might not be the right way to go. What hope do we have against powerful states?
  10. Does being a libertarian mean joining a political party?

## **2 The Libertarian Basics**

  11. What makes somebody a libertarian?
  12. How is the non-aggression principle (NAP) consistent with a Christian worldview?
  13. How do libertarian Christians account for people who violate the non-aggression principle (NAP)?
  14. Why are property rights so important to libertarians?
  15. How do property rights relate to human rights? I thought humans weren’t property.
  16. But doesn’t 1 Corinthians 6:19 explicitly state we do not own ourselves? Doesn’t God own all things?
  17. But if humans are stewards, how are we held accountable in our stewardship?
  18. The book of Acts says the early church shared things in common (Acts 2:42-47; 4:32). Doesn’t this go against the idea of property rights?
  19. Libertarianism just seems like a selfish philosophy to me.
  20. Libertarianism feels too individualistic to be compatible with Christianity.

## **3 What Is Government?**

  21. Isn’t the government an institution created by God? How can a Christian square this truth with being anti-government?
  22. Okay, so maybe not all governments are established by God. But isn’t the state needed to keep sinful people under control?
  23. Sure, the state isn’t great at managing society, but surely they “keep the peace,” right?
  24. If the government doesn’t make laws, how will people know what authority to obey?
  25. Do libertarians believe any and every government is illegitimate?
  26. Wait a sec, are you saying there’s a difference between governance and government?
  27. Why do governments need to be limited? Shouldn’t they be able to do whatever it takes to keep the peace?
  28. The government is a special entity. It sounds like you’re holding it to the same ethics as individuals have to obey.
  29. What sort of legal order would a libertarian support?

## **4 Does a Free Society Have Limits?**

  30. Shouldn’t there be limits on individual freedom? People can’t just do whatever they want without consequences!
  31. What limitations do I have as an individual under libertarianism?
  32. What keeps others from victimizing me under libertarianism?
  33. What if other people don’t like what I do or how I live?
  34. What about people who have more wealth? They can buy votes and rig the system in their favor!

## **5 Is Capitalism Problematic?**

  35. How can a Christian support the pursuit of profit when the Bible says “the love of money is a root of all kinds of evil” (1 Tim. 6:10)?
  36. Doesn’t capitalism create winners and losers through competition and conflict?
  37. Doesn’t capitalism promote consumerism and materialism?
  38. What about the inequalities that capitalism creates?
  39. Is economic growth all libertarians care about?
  40. Why are poor people still poor when our country has so much wealth?
  41. Aren’t markets inherently unstable and detrimental to human flourishing?

## **6 What about Christian Morals and Ethics?**

  42. Wouldn’t I have to endorse prostitution if I’m a libertarian?
  43. If addictive/harmful drugs are legalized, doesn’t that mean more people will use them?
  44. What does a libertarian Christian suggest to keep greed in check in a truly free market?
  45. How do libertarian Christians account for “gay rights” or “women’s rights”?
  46. Fair enough, but what about marriage licenses? Marriage is defined by God but the state now recognizes marriage   
as a right for homosexuals and libertarians seem to agree
  47. If society becomes more libertarian, won’t this mean a cultural collapse into hedonism?
  48. Do libertarians support the right to kill oneself?
  49. How can a libertarian expect a free society without a safety net to provide for the poor?
  50. How can a Christian fulfill Jesus’ command to care for the poor in a free society?

## **7 What about Public Goods and Services?**

  51. Without the state, who will build the roads?
  52. Wouldn’t it be inefficient for all roads to be tolled?
  53. Who will educate our children?
  54. Who will protect children from child abuse? Who will rescue abused children?
  55. Who will catch the criminals?
  56. Who will regulate air traffic or prevent future terrorist attacks?
  57. Some libertarians say public safety should be handled by insurance companies. What about people who aren’t policyholders?
  58. How would parks exist if not for the state?
  59. What about people who can’t afford to pay for these privatized services?
  60. What about libraries?

## **8 What about Nationalism, Nation State,****and Patriotism?**

  61. Don’t we need a common defense?
  62. Don’t countries have the right to self-determination?
  63. Shouldn’t Christians be thankful we live in a free country?
  64. Can a Christian serve in the military?
  65. Shouldn’t Christians honor those who sacrifice their lives for their countrymen?

## **9 What about Social Justice?**

  66. Shouldn’t human flourishing be the goal of good government?
  67. Private charity can’t cover everyone’s needs, so don’t we need government?
  68. Didn’t Jesus care about the poor? Isn’t that really what social justice is all about?
  69. In Acts, the early church shared all things in common. Wouldn’t this be a good model for society?
  70. How should we then think about global and social issues such as immigration, racism/sexism, or the environment?

## **10 What about Immigration?**

  71. What does the Bible have to say about immigration?
  72. Didn’t God establish nations to keep people separate?
  73. Even libertarians affirm property rights. Isn’t a closed border the national analogue to personal property?
  74. Without tough border restrictions, how do we protect people from foreign threats?
  75. Wouldn’t allowing poor immigrant laborers into the country permit others to take advantage of their status as poor?
  76. Shouldn’t we abolish the welfare state before we allow open immigration?
  77. How would a mass number of immigrants effectively integrate into their new host country?
  78. Wouldn’t allowing open borders create a “brain drain,” where the able and intelligent in poor countries leave the poorest of the poor behind?

## **11 What about Abortion?**

  79. Why are some libertarians pro-choice if abortion violates the non-aggression principle (NAP)?
  80. Are there pro-life libertarians?
  81. Does being a libertarian mean I should be personally opposed to abortion but for legal abortion?
  82. But wouldn’t personhood laws enacted by the state protect unborn lives?
  83. Wait a second, this is getting complicated! The problem of abortion is simple: it’s sin and requires repentance. Why don’t libertarian Christians just take this approach?
  84. What should be done with women who have an abortion?
  85. What should be done with doctors who perform abortions?
  86. What about the Supreme Court? Shouldn’t that weigh heavily on my vote for a president because the Supreme Court can overturn Roe v Wade?
  87. Shouldn’t I vote for a party or candidate that is pro-life? I just can’t stomach voting for a pro-choice candidate!
  88. If you can be libertarian and pro-life, then why doesn’t the Libertarian Party platform reflect that?

## **12 What about the Environment & Creation?**

  89. What does the Bible say about our responsibility to the earth’s wellbeing?
  90. What is the best way to understand our relationship to the environment?
  91. How could a free society protect the environment?
  92. Doesn’t the corporate drive for profit come at the expense of the environment?
  93. Even if we are improving the planet, what about adverse effects like pollution?
  94. Isn’t something as global as climate change an issue that requires a global, collective solution? What is the free market solution to climate change?
  95. Since many in the world do not accept libertarianism, are there legitimate compromises that libertarians can make that would be considered good stewardship?

## **13 Christian Misconceptions of Libertarianism**

  96. Don’t libertarians think greed and selfishness are virtues?
  97. Aren’t libertarians hedonists who just want to live however they want to?
  98. Why do libertarians seem to think all people are good and don’t need a state to control them?
  99. Why do libertarians seem to reject the sinful nature of humanity?
  100. Why do libertarians seem to have simple answers to complex problems?
  101. Doesn’t libertarianism reject morals and make decisions on cost-benefit analysis?
  102. Is Libertarianism an all-encompassing worldview?

### Be the first to know 

Sign up below to be the first to know when you can pre-order _Faith Seeking Freedom_!

First 

Last 

Email 

Tell me when it launches!",https://libertarianchristians.com/faith-seeking-freedom/the-questions/
19466,2020-10-19T11:08:33,Launch Team,Doug Stuart,"## Launch Team PDF Download

This will also add you to our Faith Seeking Freedom mailing list. 

First 

Last 

Email 

Mailing Address (we'll need this to send you a physical copy!) 

I Agree to not share the PDF with anybody

Send",https://libertarianchristians.com/faith-seeking-freedom/pdf/
19224,2020-09-22T09:27:05,Faith Seeking Freedom,Doug Stuart,"* [The Book](https://libertarianchristians.com/faith-seeking-freedom/)
  * [The Questions](https://libertarianchristians.com/faith-seeking-freedom/the-questions/)
  * [Study Guide](https://libertarianchristians.com/faith-seeking-freedom/studyguide/)
  * [The Authors](https://libertarianchristians.com/faith-seeking-freedom/authors/)
  * [The Endorsements](https://libertarianchristians.com/faith-seeking-freedom/endorsements/)
  * [Further Reading](https://libertarianchristians.com/faith-seeking-freedom/further-reading/)
  * [Feedback](https://libertarianchristians.com/faith-seeking-freedom/feedback/)

  * [The Book](https://libertarianchristians.com/faith-seeking-freedom/)
  * [The Questions](https://libertarianchristians.com/faith-seeking-freedom/the-questions/)
  * [Study Guide](https://libertarianchristians.com/faith-seeking-freedom/studyguide/)
  * [The Authors](https://libertarianchristians.com/faith-seeking-freedom/authors/)
  * [The Endorsements](https://libertarianchristians.com/faith-seeking-freedom/endorsements/)
  * [Further Reading](https://libertarianchristians.com/faith-seeking-freedom/further-reading/)
  * [Feedback](https://libertarianchristians.com/faith-seeking-freedom/feedback/)

## Now Available

Discussing Christian faith and politics is tough. If you’re tired of the typical left/right answers that sound like they were pulled from last night’s cable news, then you need a new way of thinking about faith and politics. This book will help you take your political conversations to the next level.

In _Faith Seeking Freedom_ , the Libertarian Christian Institute has gathered together some of the brightest minds at the intersection of Christianity and libertarianism to collect brief but thoughtful answers to over a hundred questions frequently posed to liberty-loving believers.  
In this book, you will find answers to questions like:

  * Should Christians care about politics?
  * What does God have to say about government?
  * What makes somebody a libertarian?
  * Why are property rights so important?
  * And many more!

Faith Seeking Freedom is available in the following formats:

[Softcover: $11.99](https://www.amazon.com/Faith-Seeking-Freedom-Libertarian-Christian/dp/1733658440/ref=tmm_pap_swatch_0?_encoding=UTF8&qid=&sr=)  
**[Kindle: $3.99](https://www.amazon.com/dp/B08LDZMP8M)**[Audiobook: $11.99](https://libertarianchristians.com/store/faith-seeking-freedom-audiobook/)

[ Buy the Paperback ](/store/faith-seeking-freedom/)

[ Buy the Kindle Version  ](https://www.amazon.com/dp/B08LDZMP8M)

[ Buy the Audiobook on Audible.com ](https://www.audible.com/pd/Faith-Seeking-Freedom-Audiobook/B09BVXZFQ3?qid=1628441321&sr=1-1&ref=a_search_c3_lProduct_1_1&pf_rd_p=83218cca-c308-412f-bfcf-90198b687a2f&pf_rd_r=K8K8GSKWJ5N3TG55NC98)

[ Buy Audiobook from LCI ](https://libertarianchristians.com/store/faith-seeking-freedom-audiobook/)

## Listen to the Podcast!

[ ](/shows/faith-seeking-freedom-podcast/)

### Stay Up-to-date on the book

Sign up below to get alerts and updates about _Faith Seeking Freedom_ , including special offers, additional resources, and news and other announcements.

First 

Last 

Email 

Sign Me Up!

### What people are saying:

_Faith Seeking Freedom_ is a basic primer on serious libertarianism seen through the informed intellects of serious Christians. Its Q&A format is easy to read, utterly faithful to Christian doctrine and libertarian beliefs, and leaves you fulfilled yet asking for more. I strongly recommend it. 

Hon. Andrew P. Napolitano

Senior Judicial Analyst, Fox News Channel

This latest contribution from the Libertarian Christian Institute proves that the best answers are often the concise ones, those that strike at the root of the matter while drawing from unassailable facts and the ripest wisdom.

Lawrence Reed

President Emeritus, FEE

Liberty is ultimately about peace, love, and cooperation, which is a message that can appeal to the 2.4 billion Christians on the planet. This is a big potential audience. This is an important book and undertaking.

Stephan Kinsella

In _Faith Seeking Freedom_ , the authors draw on Judeo-Christian principles to provide a helpful and accessible guide to the ideas and public policies of a free society. For both modern Christians and secularists alike, this book offers insights into how to steer through the cultural seductions and dangers of tyranny to reach the greater human well-being only made possible through liberty.

David J. Theroux

Independent Institute

_Faith Seeking Freedom_ is an achieving apologetic, a catechism that quickly surveys the vast subject, while responsibly addressing necessary distinctions in existing political theories that reside under the often umbrella terms of ""Christian"" and ""libertarian.""

Stephen Rose

AnarchoChristian.com

_Faith Seeking Freedom_ is wonderfully clear, concise, and kind to the reader. This book will help non-libertarian Christians to better understand, respect, and maybe even adopt libertarianism as their favored approach to political philosophy.

Kevin Vallier

Associate Professor of Philosophy,  
Bowling Green State University

A very useful contribution that strikes a good balance between comprehensive answers and a wide variety of issues. The questions are indeed the tough ones that would come from Christians who do not embrace libertarianism; honest readers will appreciate the sincere attempts to meet these objections.

Robert P. Murphy

Senior Fellow, Mises Institute 

Whether you’re a long-time libertarian Christian seeking to better argue your position or a curious bystander trying to figure it all out, this book is a must-read.

Mike Maharrey

Host of the GodArchy Podcast",https://libertarianchristians.com/faith-seeking-freedom/
154,2020-01-12T11:14:30,Contact,Dr. Norman Horn,"## Social Media

You can connect with LCI via Social Media at [Facebook](http://www.facebook.com/libertarianchristians), [Instagram](https://www.instagram.com/lcinstitute/), and [Twitter](http://twitter.com/LCIOfficial).

## Guest Article Submissions

LCI does accept guest submissions. If you have an article you'd like to send us, please use our [Submissions page](/submissions/).

## Soliciting Articles, Quotes, or Interviews

Please feel free to contact us to solicit articles or interviews for your organization or podcast. We are happy for you to quote our material in brief or in full, but we do request that you link back to the original post.

**Please note: we do not accept solicitations from political candidates (or those acting on their behalf), regardless of party affiliation, for interviews or articles. **

## Physical Mail

If you'd like to send us an old-fashioned letter, you can send mail here: 

Libertarian Christian Institute  
11016 Pem Road  
St. Louis, MO 63146

## Send us Email

You can contact LCI via email with the following form. If you are looking for a particular person within LCI (e.g. CEO Doug Stuart or President Dr. Norman Horn), please indicate so in the body of the message. We look forward to speaking with you.

Full Name(Required)

Email(Required)

What is your reason for contacting us?(Required)

Select...General InquiryPodcast Guest RecommendationRequest a Speaking Engagement with LCI Team MemberIssue with website

Select a show you are suggesting a guest

Select a Show...Libertarian Christian PodcastProtestant Libertarian PodcastReformed Libertarians PodcastBiblical Anarchy PodcastFaith Ventures PodcastLCI Greenroom

Message(Required)

Comments

This field is for validation purposes and should be left unchanged.",https://libertarianchristians.com/contact/
16386,2019-11-19T16:17:38,Romans 13 Resource Page,Doug Stuart,"## ""But What About Romans 13?""

## This is one of the most common questions we are asked. 

## Think you know   
Romans 13?

Sign up for our Romans 13 Toolkit to learn how a libertarian Christian understands Romans 13.*

Email Address 

Sign Me Up!

*by signing up, you also agree to get weekly updates to our newsletter

[ ](https://libertarianchristians.com/2024/11/26/submit-to-the-authorities/ ""Submit to the Authorities? What 1 Peter 2:13-17 Claims About Political Power"")

[Christian Worldview](https://libertarianchristians.com/category/christian-worldview/)

###  [Submit to the Authorities? What 1 Peter 2:13-17 Claims About Political Power](https://libertarianchristians.com/2024/11/26/submit-to-the-authorities/)

November 26, 2024  No Comments 

The Problem with Romans 13 Romans 13:1-7 is one of the most difficult passages in the New Testament. For starters, ...

[ Read More  ](https://libertarianchristians.com/2024/11/26/submit-to-the-authorities/ ""Submit to the Authorities? What 1 Peter 2:13-17 Claims About Political Power"")

[ ](https://libertarianchristians.com/2022/11/23/election-day-voting-christian/ ""Election Day: Voting is The New Christian Sacrament?"")

[Christian Worldview](https://libertarianchristians.com/category/christian-worldview/)

###  [Election Day: Voting is The New Christian Sacrament?](https://libertarianchristians.com/2022/11/23/election-day-voting-christian/)

November 23, 2022  No Comments 

Just recently Americans celebrated one of the high holy days of our faith. Tens of millions of people took part ...

[ Read More  ](https://libertarianchristians.com/2022/11/23/election-day-voting-christian/ ""Election Day: Voting is The New Christian Sacrament?"")

[ ](https://libertarianchristians.com/2022/11/08/voting-for-immoral-candidates-isnt-licensed-by-romans-13/ ""Voting for Immoral Candidates Isn’t Licensed by Romans 13"")

[Christian Worldview](https://libertarianchristians.com/category/christian-worldview/)

###  [Voting for Immoral Candidates Isn't Licensed by Romans 13](https://libertarianchristians.com/2022/11/08/voting-for-immoral-candidates-isnt-licensed-by-romans-13/)

November 8, 2022  No Comments 

Is it justifiable to vote for an immoral candidate from a scriptural perspective? Does Romans 13 give you a way ...

[ Read More  ](https://libertarianchristians.com/2022/11/08/voting-for-immoral-candidates-isnt-licensed-by-romans-13/ ""Voting for Immoral Candidates Isn’t Licensed by Romans 13"")

[ ](https://libertarianchristians.com/2022/10/24/proof-texting-political-authority/ ""Proof-texting Political Authority and Romans 13"")

[President's Blog](https://libertarianchristians.com/category/presidents-blog/)

###  [Proof-texting Political Authority and Romans 13](https://libertarianchristians.com/2022/10/24/proof-texting-political-authority/)

October 24, 2022  No Comments 

There's a problem with proof-texting political authority and Romans 13. This article follows from my last post addressing the Russia-Ukraine ...

[ Read More  ](https://libertarianchristians.com/2022/10/24/proof-texting-political-authority/ ""Proof-texting Political Authority and Romans 13"")

[ ](https://libertarianchristians.com/2022/10/03/may-christians-ignore-unjust-laws/ ""May Christians Ignore Unjust Laws?"")

[Christian Worldview](https://libertarianchristians.com/category/christian-worldview/)

###  [May Christians Ignore Unjust Laws?](https://libertarianchristians.com/2022/10/03/may-christians-ignore-unjust-laws/)

October 3, 2022  No Comments 

May Christians ignore unjust laws? When you ask a Christian what the relationship between the Christian and the government is ...

[ Read More  ](https://libertarianchristians.com/2022/10/03/may-christians-ignore-unjust-laws/ ""May Christians Ignore Unjust Laws?"")

[ ](https://libertarianchristians.com/2022/09/26/fear-the-president-or-fear-the-lord/ ""Fear the President, or Fear the Lord?"")

[President's Blog](https://libertarianchristians.com/category/presidents-blog/)

###  [Fear the President, or Fear the Lord?](https://libertarianchristians.com/2022/09/26/fear-the-president-or-fear-the-lord/)

September 26, 2022  No Comments 

Today we look at a Christian Post “Voices” article from March 2022, following Russia’s recent invasion of Ukraine, titled ""Fearing ...

[ Read More  ](https://libertarianchristians.com/2022/09/26/fear-the-president-or-fear-the-lord/ ""Fear the President, or Fear the Lord?"")

[ ](https://libertarianchristians.com/2022/02/23/conflicting-beliefs-on-romans-13-why-we-still-disagree/ ""Conflicting Beliefs on Romans 13: Why We Still Disagree"")

[Christian Worldview](https://libertarianchristians.com/category/christian-worldview/)

###  [Conflicting Beliefs on Romans 13: Why We Still Disagree](https://libertarianchristians.com/2022/02/23/conflicting-beliefs-on-romans-13-why-we-still-disagree/)

February 23, 2022  No Comments 

If anyone wasn't already aware how heated the ongoing debate is over conflicting beliefs on Romans 13, 2021 certainly highlighted ...

[ Read More  ](https://libertarianchristians.com/2022/02/23/conflicting-beliefs-on-romans-13-why-we-still-disagree/ ""Conflicting Beliefs on Romans 13: Why We Still Disagree"")

[ ](https://libertarianchristians.com/2021/11/24/romans-13-and-stateless-civil-governance-a-reformed-view/ ""Romans 13: A Reformed View of Stateless Civil Governance"")

[Libertarianism](https://libertarianchristians.com/category/libertarianism/)

###  [Romans 13: A Reformed View of Stateless Civil Governance](https://libertarianchristians.com/2021/11/24/romans-13-and-stateless-civil-governance-a-reformed-view/)

November 24, 2021  No Comments 

The Reformed theological tradition historically holds to an interpretation of Romans 13 that, in its basic outline, is compatible with libertarian ...

[ Read More  ](https://libertarianchristians.com/2021/11/24/romans-13-and-stateless-civil-governance-a-reformed-view/ ""Romans 13: A Reformed View of Stateless Civil Governance"")

[ ](https://libertarianchristians.com/2021/09/17/commands-of-god/ ""The Commands of God versus the State"")

[Christian Worldview](https://libertarianchristians.com/category/christian-worldview/)

###  [The Commands of God versus the State](https://libertarianchristians.com/2021/09/17/commands-of-god/)

September 17, 2021  No Comments 

A more baseless assumption, one more in direct conflict with God’s teaching, was never made by man, than the idea ...

[ Read More  ](https://libertarianchristians.com/2021/09/17/commands-of-god/ ""The Commands of God versus the State"")

[ ](https://libertarianchristians.com/2021/04/29/my-christian-brothers/ ""My Christian Brothers…"")

[Theology](https://libertarianchristians.com/category/theology/)

###  [My Christian Brothers…](https://libertarianchristians.com/2021/04/29/my-christian-brothers/)

April 29, 2021  15 Comments 

This is a guest post by Jim Fedako. He is a homeschooling father of six who lives in Lewis Center, ...

[ Read More  ](https://libertarianchristians.com/2021/04/29/my-christian-brothers/ ""My Christian Brothers…"")

[ ](https://libertarianchristians.com/2020/12/12/ministers-submission-partisanship/ ""Ministers, Submission, and Partisanship"")

[Christian Worldview](https://libertarianchristians.com/category/christian-worldview/)

###  [Ministers, Submission, and Partisanship](https://libertarianchristians.com/2020/12/12/ministers-submission-partisanship/)

December 12, 2020  No Comments 

""There is not a word of intimation in the Sacred Scriptures that indicate that it is the duty of any ...

[ Read More  ](https://libertarianchristians.com/2020/12/12/ministers-submission-partisanship/ ""Ministers, Submission, and Partisanship"")

[ ](https://libertarianchristians.com/2020/08/22/the-church-of-christ-and-world-powers/ ""The Church of Christ and World-Powers"")

[Christian Worldview](https://libertarianchristians.com/category/christian-worldview/)

###  [The Church of Christ and World-Powers](https://libertarianchristians.com/2020/08/22/the-church-of-christ-and-world-powers/)

August 22, 2020  16 Comments 

This article begins a new series of weekly posts authored by David Lipscomb, an important figure in the Churches of ...

[ Read More  ](https://libertarianchristians.com/2020/08/22/the-church-of-christ-and-world-powers/ ""The Church of Christ and World-Powers"")

[ ](https://libertarianchristians.com/2020/08/08/does-god-take-part/ ""Does God Take Part in Wars?"")

[Christian Worldview](https://libertarianchristians.com/category/christian-worldview/)

###  [Does God Take Part in Wars?](https://libertarianchristians.com/2020/08/08/does-god-take-part/)

August 8, 2020  No Comments 

The article below was written in January 1866 by David Lipscomb, an important figure in the Churches of Christ in ...

[ Read More  ](https://libertarianchristians.com/2020/08/08/does-god-take-part/ ""Does God Take Part in Wars?"")

[ ](https://libertarianchristians.com/2019/04/03/is-the-bible-pro-government/ ""Is the Bible “pro-government?”"")

[Christian Worldview](https://libertarianchristians.com/category/christian-worldview/)

###  [Is the Bible “pro-government?”](https://libertarianchristians.com/2019/04/03/is-the-bible-pro-government/)

April 3, 2019  1 Comment 

Is the Bible “pro-government?” Simple answer, no. Yes, we find governments operating throughout the Bible. We even see various governments ...

[ Read More  ](https://libertarianchristians.com/2019/04/03/is-the-bible-pro-government/ ""Is the Bible “pro-government?”"")

[ ](https://libertarianchristians.com/2018/10/29/slavery-and-submission/ ""Slavery and Submission in the Bible: A Case for an Update"")

[Libertarianism](https://libertarianchristians.com/category/libertarianism/)

###  [Slavery and Submission in the Bible: A Case for an Update](https://libertarianchristians.com/2018/10/29/slavery-and-submission/)

October 29, 2018  No Comments 

This guest post was written by our friend Kollin Fields. Readers should remember that guest posts are not considered official ...

[ Read More  ](https://libertarianchristians.com/2018/10/29/slavery-and-submission/ ""Slavery and Submission in the Bible: A Case for an Update"")

[ ](https://libertarianchristians.com/2018/08/24/does-the-reformed-doctrine-of-inerrancy-threaten-christian-libertarians/ ""Does the Reformed Doctrine of Inerrancy Threaten Christian Libertarians?"")

[Christian Worldview](https://libertarianchristians.com/category/christian-worldview/)

###  [Does the Reformed Doctrine of Inerrancy Threaten Christian Libertarians?](https://libertarianchristians.com/2018/08/24/does-the-reformed-doctrine-of-inerrancy-threaten-christian-libertarians/)

August 24, 2018  1 Comment 

The Libertarian Christian Institute is an ecumenical Christian organization which brings together Christians from a variety of theological backgrounds. Though ...

[ Read More  ](https://libertarianchristians.com/2018/08/24/does-the-reformed-doctrine-of-inerrancy-threaten-christian-libertarians/ ""Does the Reformed Doctrine of Inerrancy Threaten Christian Libertarians?"")

[ ](https://libertarianchristians.com/2018/06/16/romans-13-for-dummies/ ""Romans 13 for Dummies"")

[Featured](https://libertarianchristians.com/category/featured/)

###  [Romans 13 for Dummies](https://libertarianchristians.com/2018/06/16/romans-13-for-dummies/)

June 16, 2018  2 Comments 

""It is very biblical to enforce the law."" – Sarah Sanders Romans 13 is in the news, and is being ...

[ Read More  ](https://libertarianchristians.com/2018/06/16/romans-13-for-dummies/ ""Romans 13 for Dummies"")

[ ](https://libertarianchristians.com/2016/10/14/taxation-is-theft-the-rest-of-the-story/ ""Taxation is Theft. \(The Rest of The Story\)"")

[Christian Worldview](https://libertarianchristians.com/category/christian-worldview/)

###  [Taxation is Theft. (The Rest of The Story)](https://libertarianchristians.com/2016/10/14/taxation-is-theft-the-rest-of-the-story/)

October 14, 2016  82 Comments 

In my previous post, I raised some questions and pointed out problems with an argument against those who say “taxation ...

[ Read More  ](https://libertarianchristians.com/2016/10/14/taxation-is-theft-the-rest-of-the-story/ ""Taxation is Theft. \(The Rest of The Story\)"")

[ ](https://libertarianchristians.com/2014/12/29/nttots-now-in-portugese/ ""New Testament Theology of the State now in Portuguese"")

[Announcements](https://libertarianchristians.com/category/announcements/)

###  [New Testament Theology of the State now in Portuguese](https://libertarianchristians.com/2014/12/29/nttots-now-in-portugese/)

December 29, 2014  1 Comment 

One of the most historically popular (and interesting, in my opinion) articles on LCC has been my New Testament Theology ...

[ Read More  ](https://libertarianchristians.com/2014/12/29/nttots-now-in-portugese/ ""New Testament Theology of the State now in Portuguese"")

[ ](https://libertarianchristians.com/2014/08/12/the-biblical-foundations-of-christian-libertarianism/ ""The Biblical Foundations of Christian Libertarianism"")

[Christian Worldview](https://libertarianchristians.com/category/christian-worldview/)

###  [The Biblical Foundations of Christian Libertarianism](https://libertarianchristians.com/2014/08/12/the-biblical-foundations-of-christian-libertarianism/)

August 12, 2014  12 Comments 

The Christians for Liberty 2014 Conference has come and gone, but now we get to post the videos from the ...

[ Read More  ](https://libertarianchristians.com/2014/08/12/the-biblical-foundations-of-christian-libertarianism/ ""The Biblical Foundations of Christian Libertarianism"")

[ ](https://libertarianchristians.com/2014/04/26/romans13-inerrancy-libertarianism/ ""Libertarians, Inerrancy, and the Problem of Romans 13"")

[Theology](https://libertarianchristians.com/category/theology/)

###  [Libertarians, Inerrancy, and the Problem of Romans 13](https://libertarianchristians.com/2014/04/26/romans13-inerrancy-libertarianism/)

April 26, 2014  19 Comments 

Romans 13 and Inerrancy Theology, liberty, and economics are my favorite topics to study, debate, or teach, especially when they ...

[ Read More  ](https://libertarianchristians.com/2014/04/26/romans13-inerrancy-libertarianism/ ""Libertarians, Inerrancy, and the Problem of Romans 13"")

[ ](https://libertarianchristians.com/2013/08/20/if-i-were-a-pastor/ ""If I were a pastor"")

[American History](https://libertarianchristians.com/category/american-history/)

###  [If I were a pastor](https://libertarianchristians.com/2013/08/20/if-i-were-a-pastor/)

August 20, 2013  24 Comments 

I am not a pastor. I am not a minister. I am not a preacher. I am not a priest. ...

[ Read More  ](https://libertarianchristians.com/2013/08/20/if-i-were-a-pastor/ ""If I were a pastor"")

[ ](https://libertarianchristians.com/2013/04/17/the-idolatry-of-statism/ ""The Idolatry of Statism"")

[Christian Ethics](https://libertarianchristians.com/category/christian-ethics/)

###  [The Idolatry of Statism](https://libertarianchristians.com/2013/04/17/the-idolatry-of-statism/)

April 17, 2013  6 Comments 

This guest post is by LCC reader Paul Maitrejean. Many Christians today are quick to leap to the defense of ...

[ Read More  ](https://libertarianchristians.com/2013/04/17/the-idolatry-of-statism/ ""The Idolatry of Statism"")

[ ](https://libertarianchristians.com/2013/04/02/theology-doesnt-begin-and-end-with-romans-13/ ""Theology doesn’t begin and end with Romans 13"")

[Featured](https://libertarianchristians.com/category/featured/)

###  [Theology doesn’t begin and end with Romans 13](https://libertarianchristians.com/2013/04/02/theology-doesnt-begin-and-end-with-romans-13/)

April 2, 2013  32 Comments 

On Easter Sunday, I joined a Facebook thread where the role of government and Romans 13 were discussed. A number ...

[ Read More  ](https://libertarianchristians.com/2013/04/02/theology-doesnt-begin-and-end-with-romans-13/ ""Theology doesn’t begin and end with Romans 13"")

[ ](https://libertarianchristians.com/2012/09/03/the-apostle-paul-and-caesar/ ""The Apostle Paul and Caesar"")

[Theology](https://libertarianchristians.com/category/theology/)

###  [The Apostle Paul and Caesar](https://libertarianchristians.com/2012/09/03/the-apostle-paul-and-caesar/)

September 3, 2012  4 Comments 

Randy England has an interesting article at LewRockwell.com regarding Paul’s attitude toward secular authority. Here is a short excerpt: --\- ...

[ Read More  ](https://libertarianchristians.com/2012/09/03/the-apostle-paul-and-caesar/ ""The Apostle Paul and Caesar"")

[ ](https://libertarianchristians.com/2012/06/18/romans-13-and-obeying-the-government/ ""Romans 13 and Obeying the Government"")

[American History](https://libertarianchristians.com/category/american-history/)

###  [Romans 13 and Obeying the Government](https://libertarianchristians.com/2012/06/18/romans-13-and-obeying-the-government/)

June 18, 2012  6 Comments 

I said last year in my article on ""Romans 13 and National Defense"" that I had been asked many times ...

[ Read More  ](https://libertarianchristians.com/2012/06/18/romans-13-and-obeying-the-government/ ""Romans 13 and Obeying the Government"")

[ ](https://libertarianchristians.com/2011/12/17/stanley-hauerwas-on-romans-13/ ""Stanley Hauerwas on Romans 13"")

[Media](https://libertarianchristians.com/category/media/)

###  [Stanley Hauerwas on Romans 13](https://libertarianchristians.com/2011/12/17/stanley-hauerwas-on-romans-13/)

December 17, 2011  7 Comments 

Check out this 5 minute video of Stanley Hauerwas speaking about Romans 13. He is clearly participating in a panel, ...

[ Read More  ](https://libertarianchristians.com/2011/12/17/stanley-hauerwas-on-romans-13/ ""Stanley Hauerwas on Romans 13"")

[ ](https://libertarianchristians.com/2011/12/09/theological-schizophrenia/ ""Theological Schizophrenia"")

[Theology](https://libertarianchristians.com/category/theology/)

###  [Theological Schizophrenia](https://libertarianchristians.com/2011/12/09/theological-schizophrenia/)

December 9, 2011  2 Comments 

It is bad enough that Republican warmongers like Mitt Romney, John McCain, Lindsey Graham, and Allan West are whining about ...

[ Read More  ](https://libertarianchristians.com/2011/12/09/theological-schizophrenia/ ""Theological Schizophrenia"")

[ ](https://libertarianchristians.com/2011/10/13/romans-13-and-national-defense/ ""Romans 13 and National Defense"")

[Christian Ethics](https://libertarianchristians.com/category/christian-ethics/)

###  [Romans 13 and National Defense](https://libertarianchristians.com/2011/10/13/romans-13-and-national-defense/)

October 13, 2011  2 Comments 

Let every soul be subject unto the higher powers. For there is no power but of God: the powers that ...

[ Read More  ](https://libertarianchristians.com/2011/10/13/romans-13-and-national-defense/ ""Romans 13 and National Defense"")

[ ](https://libertarianchristians.com/2011/06/17/is-it-time-to-resist-tyranny/ ""Is it time to resist tyranny?"")

[Theology](https://libertarianchristians.com/category/theology/)

###  [Is it time to resist tyranny?](https://libertarianchristians.com/2011/06/17/is-it-time-to-resist-tyranny/)

June 17, 2011  No Comments 

This essay continues the Christian Theology and Public Policy Course by John Cobin, author of the books Bible and Government ...

[ Read More  ](https://libertarianchristians.com/2011/06/17/is-it-time-to-resist-tyranny/ ""Is it time to resist tyranny?"")

1 [2](https://libertarianchristians.com/wp-json/wp/v2/pages/page/2/?per_page=100&page=1&_embed=True) [Next »](https://libertarianchristians.com/wp-json/wp/v2/pages/page/2/?per_page=100&page=1&_embed=True)",https://libertarianchristians.com/romans13/
14516,2019-07-09T14:02:16,War,Doug Stuart,"# War

### ""War is the health of the state,"" says Randolph Bourne.

Christians should be against war in all but the rarest of circumstances (even then we should double-check!). 

## Articles

[ ](https://libertarianchristians.com/2023/11/08/the-haunting-of-christ-in-the-holy-land/ ""The Haunting of Christ in the Holy Land"")

[Culture](https://libertarianchristians.com/category/culture/)

###  [The Haunting of Christ in the Holy Land](https://libertarianchristians.com/2023/11/08/the-haunting-of-christ-in-the-holy-land/)

[David Gornoski](https://libertarianchristians.com/author/david-gornoski/ ""Posts by David Gornoski"") November 8, 2023 

The Israel-Palestine vortex of human suffering that has flooded eyes on social media over the last weeks has been stupefying. ...

[ Read More  ](https://libertarianchristians.com/2023/11/08/the-haunting-of-christ-in-the-holy-land/ ""The Haunting of Christ in the Holy Land"")

[ ](https://libertarianchristians.com/2022/11/22/sacrament-allegiance-to-christ/ ""The American Sacrament that Denies Allegiance to Christ"")

[Libertarianism](https://libertarianchristians.com/category/libertarianism/)

###  [The American Sacrament that Denies Allegiance to Christ](https://libertarianchristians.com/2022/11/22/sacrament-allegiance-to-christ/)

[Cody Cook](https://libertarianchristians.com/author/codycook/ ""Posts by Cody Cook"") November 22, 2022 

There’s an antebellum African-American spiritual song called “Down by the Riverside.” The song reflects upon being baptized and what it ...

[ Read More  ](https://libertarianchristians.com/2022/11/22/sacrament-allegiance-to-christ/ ""The American Sacrament that Denies Allegiance to Christ"")

[ ](https://libertarianchristians.com/2022/09/26/fear-the-president-or-fear-the-lord/ ""Fear the President, or Fear the Lord?"")

[President's Blog](https://libertarianchristians.com/category/presidents-blog/)

###  [Fear the President, or Fear the Lord?](https://libertarianchristians.com/2022/09/26/fear-the-president-or-fear-the-lord/)

[Dr. Norman Horn](https://libertarianchristians.com/author/dr-norman-horn/ ""Posts by Dr. Norman Horn"") September 26, 2022 

Today we look at a Christian Post “Voices” article from March 2022, following Russia’s recent invasion of Ukraine, titled ""Fearing ...

[ Read More  ](https://libertarianchristians.com/2022/09/26/fear-the-president-or-fear-the-lord/ ""Fear the President, or Fear the Lord?"")

[ ](https://libertarianchristians.com/2022/09/18/stop-the-yemen-war/ ""Stop the Yemen War!"")

[War and Peace](https://libertarianchristians.com/category/war-and-peace/)

###  [Stop the Yemen War!](https://libertarianchristians.com/2022/09/18/stop-the-yemen-war/)

[Dr. Norman Horn](https://libertarianchristians.com/author/dr-norman-horn/ ""Posts by Dr. Norman Horn"") September 18, 2022 

In lieu of our normal Weekend Insights post, I want to highlight an important opportunity in the United States happening ...

[ Read More  ](https://libertarianchristians.com/2022/09/18/stop-the-yemen-war/ ""Stop the Yemen War!"")

[ ](https://libertarianchristians.com/2022/08/04/god-war-ukraine/ ""God and War in Ukraine"")

[Christian Worldview](https://libertarianchristians.com/category/christian-worldview/)

###  [God and War in Ukraine](https://libertarianchristians.com/2022/08/04/god-war-ukraine/)

[Charles R. Mikkelsen]( ""Posts by Charles R. Mikkelsen"") August 4, 2022 

Truth is the first casualty of war. The current war between the Russian Federation and Ukraine is not an exception. ...

[ Read More  ](https://libertarianchristians.com/2022/08/04/god-war-ukraine/ ""God and War in Ukraine"")

[ ](https://libertarianchristians.com/2022/03/19/good-news-bad-news-mar-17-2022/ ""Good News, Bad News March 17, 2022: Biden Blames Putin, Christian Nationalists are Confused"")

[Media](https://libertarianchristians.com/category/media/)

###  [Good News, Bad News March 17, 2022: Biden Blames Putin, Christian Nationalists are Confused](https://libertarianchristians.com/2022/03/19/good-news-bad-news-mar-17-2022/)

[LCI Staff](https://libertarianchristians.com/author/lci-staff/ ""Posts by LCI Staff"") March 19, 2022 

The Libertarian Christian Roundtable discusses the absurdities of the Biden Administration's blaming Vladimir Putin for rising gas prices, why Nancy ...

[ Read More  ](https://libertarianchristians.com/2022/03/19/good-news-bad-news-mar-17-2022/ ""Good News, Bad News March 17, 2022: Biden Blames Putin, Christian Nationalists are Confused"")

1 [2](https://libertarianchristians.com/wp-json/wp/v2/pages/page/2/?per_page=100&page=1&_embed=True) [3](https://libertarianchristians.com/wp-json/wp/v2/pages/page/3/?per_page=100&page=1&_embed=True) … [33](https://libertarianchristians.com/wp-json/wp/v2/pages/page/33/?per_page=100&page=1&_embed=True) [Next »](https://libertarianchristians.com/wp-json/wp/v2/pages/page/2/?per_page=100&page=1&_embed=True)

## Podcast Episodes

[ ](https://libertarianchristians.com/episode/radical-ideology-or-american-empire-can-islam-peacefully-coexist-with-the-west/ ""Radical Ideology or American Empire? Can Islam Peacefully Coexist with the West?"")

[Podcast](https://libertarianchristians.com/category/podcast/)

###  [Radical Ideology or American Empire? Can Islam Peacefully Coexist with the West?](https://libertarianchristians.com/episode/radical-ideology-or-american-empire-can-islam-peacefully-coexist-with-the-west/)

[Jacob Winograd](https://libertarianchristians.com/author/jacobwinograd/ ""Posts by Jacob Winograd"") July 2, 2025 

In this episode of the Biblical Anarchy Podcast, host Jacob Winograd welcomes a special guest, Kasimir, for a bonus episode ...

[ Listen Now  ](https://libertarianchristians.com/episode/radical-ideology-or-american-empire-can-islam-peacefully-coexist-with-the-west/ ""Radical Ideology or American Empire? Can Islam Peacefully Coexist with the West?"")

[ ](https://libertarianchristians.com/episode/the-libertarian-christian-response-to-the-hamas-terror-attack-on-israel/ ""The Libertarian Christian Response to the Hamas Terror Attack on Israel"")

[Podcast](https://libertarianchristians.com/category/podcast/)

###  [The Libertarian Christian Response to the Hamas Terror Attack on Israel](https://libertarianchristians.com/episode/the-libertarian-christian-response-to-the-hamas-terror-attack-on-israel/)

[Jacob Winograd](https://libertarianchristians.com/author/jacobwinograd/ ""Posts by Jacob Winograd"") May 1, 2024 

The Libertarian Christian Response to the Hamas Terror Attack on Israel   This episode explores how libertarian principles of property ...

[ Listen Now  ](https://libertarianchristians.com/episode/the-libertarian-christian-response-to-the-hamas-terror-attack-on-israel/ ""The Libertarian Christian Response to the Hamas Terror Attack on Israel"")

[ ](https://libertarianchristians.com/episode/how-should-christians-question-authority-responding-to-tucker-carlsons-putin-interview-w-kyle-anzolone/ ""How Should Christians Question Authority? Responding to Tucker Carlson’s Putin Interview w/Kyle Anzolone"")

[Podcast](https://libertarianchristians.com/category/podcast/)

###  [How Should Christians Question Authority? Responding to Tucker Carlson's Putin Interview w/Kyle Anzolone](https://libertarianchristians.com/episode/how-should-christians-question-authority-responding-to-tucker-carlsons-putin-interview-w-kyle-anzolone/)

[Jacob Winograd](https://libertarianchristians.com/author/jacobwinograd/ ""Posts by Jacob Winograd"") February 28, 2024 

How Should Christians Question Authority? Responding to Tucker Carlson's Putin Interview w/Kyle Anzolone   In this episode of the Biblical ...

[ Listen Now  ](https://libertarianchristians.com/episode/how-should-christians-question-authority-responding-to-tucker-carlsons-putin-interview-w-kyle-anzolone/ ""How Should Christians Question Authority? Responding to Tucker Carlson’s Putin Interview w/Kyle Anzolone"")

[ ](https://libertarianchristians.com/episode/the-israel-of-god-is-jesus-how-jesus-absolutely-fulfills-biblical-prophecy-with-pastor-tommy-mcmurtry/ ""The Israel of God is Jesus? How Jesus Absolutely Fulfills Biblical Prophecy, with Pastor Tommy McMurtry"")

[Podcast](https://libertarianchristians.com/category/podcast/)

###  [The Israel of God is Jesus? How Jesus Absolutely Fulfills Biblical Prophecy, with Pastor Tommy McMurtry](https://libertarianchristians.com/episode/the-israel-of-god-is-jesus-how-jesus-absolutely-fulfills-biblical-prophecy-with-pastor-tommy-mcmurtry/)

[Jacob Winograd](https://libertarianchristians.com/author/jacobwinograd/ ""Posts by Jacob Winograd"") February 7, 2024 

The Israel of God is Jesus? How Jesus Absolutely Fulfills Biblical Prophecy, with Pastor Tommy McMurtry In this episode, we ...

[ Listen Now  ](https://libertarianchristians.com/episode/the-israel-of-god-is-jesus-how-jesus-absolutely-fulfills-biblical-prophecy-with-pastor-tommy-mcmurtry/ ""The Israel of God is Jesus? How Jesus Absolutely Fulfills Biblical Prophecy, with Pastor Tommy McMurtry"")

[ ](https://libertarianchristians.com/episode/who-is-the-true-israel-correcting-the-dispensationalist-reading-of-romans-9-11/ ""Who is the True Israel? Correcting the Dispensationalist Reading of Romans 9-11"")

[Podcast](https://libertarianchristians.com/category/podcast/)

###  [Who is the True Israel? Correcting the Dispensationalist Reading of Romans 9-11](https://libertarianchristians.com/episode/who-is-the-true-israel-correcting-the-dispensationalist-reading-of-romans-9-11/)

[Jacob Winograd](https://libertarianchristians.com/author/jacobwinograd/ ""Posts by Jacob Winograd"") January 17, 2024 

Summary - Who is the True Israel? Correcting the Dispensationalist Reading of Romans 9-11   Dispensationalist theology pushes many incorrect ...

[ Listen Now  ](https://libertarianchristians.com/episode/who-is-the-true-israel-correcting-the-dispensationalist-reading-of-romans-9-11/ ""Who is the True Israel? Correcting the Dispensationalist Reading of Romans 9-11"")

[ ](https://libertarianchristians.com/episode/scott-horton-american-interventionism/ ""Ep 290: Naked Empire: Scott Horton Exposes American Interventionism"")

[American History](https://libertarianchristians.com/category/american-history/)

###  [Ep 290: Naked Empire: Scott Horton Exposes American Interventionism](https://libertarianchristians.com/episode/scott-horton-american-interventionism/)

[Doug Stuart](https://libertarianchristians.com/author/dougstuart/ ""Posts by Doug Stuart"") September 2, 2022 

Naked Empire: Scott Horton Exposes of American Interventionism Summary Scott Horton is director of the Libertarian Institute, editorial director of Antiwar.com, joins ...

[ Listen Now  ](https://libertarianchristians.com/episode/scott-horton-american-interventionism/ ""Ep 290: Naked Empire: Scott Horton Exposes American Interventionism"")

1 [2](https://libertarianchristians.com/wp-json/wp/v2/pages/page/2/?per_page=100&page=1&_embed=True) [Next »](https://libertarianchristians.com/wp-json/wp/v2/pages/page/2/?per_page=100&page=1&_embed=True)",https://libertarianchristians.com/topics/war/
29262,2019-07-03T10:46:39,Immigration,Doug Stuart,"# Immigration

### What does the Bible say about immigration?

## Articles

[ ](https://libertarianchristians.com/2021/07/29/christian-immigration-policy/ ""Is there a Christian Immigration Policy?"")

[Christian Worldview](https://libertarianchristians.com/category/christian-worldview/)

###  [Is there a Christian Immigration Policy?](https://libertarianchristians.com/2021/07/29/christian-immigration-policy/)

[Doug Stuart](https://libertarianchristians.com/author/dougstuart/ ""Posts by Doug Stuart"") July 29, 2021 

Prompted by the distasteful, immoral, and un-American advice of Vice President Kamala Harris toward would-be immigrants, I was inspired to ...

[ Read More  ](https://libertarianchristians.com/2021/07/29/christian-immigration-policy/ ""Is there a Christian Immigration Policy?"")

[ ](https://libertarianchristians.com/2021/06/11/the-freedom-to-move/ ""The Freedom to Move"")

[Culture](https://libertarianchristians.com/category/culture/)

###  [The Freedom to Move](https://libertarianchristians.com/2021/06/11/the-freedom-to-move/)

[Guest Contributor](https://libertarianchristians.com/author/guest-contributor/ ""Posts by Guest Contributor"") June 11, 2021 

This classic essay was originally written by Oscar Cooley and Paul Poirot, and is excerpted from a pamphlet originally published ...

[ Read More  ](https://libertarianchristians.com/2021/06/11/the-freedom-to-move/ ""The Freedom to Move"")

[ ](https://libertarianchristians.com/2021/04/25/weekend-doge/ ""Weekend Insights – Dogecoin Raps and Coronavirus Cowards"")

[President's Blog](https://libertarianchristians.com/category/presidents-blog/)

###  [Weekend Insights - Dogecoin Raps and Coronavirus Cowards](https://libertarianchristians.com/2021/04/25/weekend-doge/)

[Dr. Norman Horn](https://libertarianchristians.com/author/dr-norman-horn/ ""Posts by Dr. Norman Horn"") April 25, 2021 

Welcome back to Weekend Insights, your LCI ""President's Corner"" of miscellaneous articles, events, books, vids, and whatever else I'm thinking ...

[ Read More  ](https://libertarianchristians.com/2021/04/25/weekend-doge/ ""Weekend Insights – Dogecoin Raps and Coronavirus Cowards"")

[ ](https://libertarianchristians.com/2021/03/21/weekend-insights-32121/ ""Weekend Insights – Of Bitcoin Memes and Religious Liberty"")

[President's Blog](https://libertarianchristians.com/category/presidents-blog/)

###  [Weekend Insights - Of Bitcoin Memes and Religious Liberty](https://libertarianchristians.com/2021/03/21/weekend-insights-32121/)

[Dr. Norman Horn](https://libertarianchristians.com/author/dr-norman-horn/ ""Posts by Dr. Norman Horn"") March 21, 2021 

Welcome back to Weekend Insights, your LCI ""President's Corner"" of miscellaneous articles, events, books, vids, and whatever else I'm thinking ...

[ Read More  ](https://libertarianchristians.com/2021/03/21/weekend-insights-32121/ ""Weekend Insights – Of Bitcoin Memes and Religious Liberty"")

[ ](https://libertarianchristians.com/2019/11/11/be-triggered-miss-point/ ""Don’t be Triggered, You’ll Miss the Point!"")

[Christian Worldview](https://libertarianchristians.com/category/christian-worldview/)

###  [Don't be Triggered, You'll Miss the Point!](https://libertarianchristians.com/2019/11/11/be-triggered-miss-point/)

[Doug Stuart](https://libertarianchristians.com/author/dougstuart/ ""Posts by Doug Stuart"") November 11, 2019 

We posted a meme recently on our Facebook page that featured a semi-fictional conversation between many American Christians and God. ...

[ Read More  ](https://libertarianchristians.com/2019/11/11/be-triggered-miss-point/ ""Don’t be Triggered, You’ll Miss the Point!"")

[ ](https://libertarianchristians.com/2019/03/12/lci-hot-takes-the-wall/ ""LCI Hot Takes: THE WALL"")

[Economics](https://libertarianchristians.com/category/economics/)

###  [LCI Hot Takes: THE WALL](https://libertarianchristians.com/2019/03/12/lci-hot-takes-the-wall/)

[Dr. Norman Horn](https://libertarianchristians.com/author/dr-norman-horn/ ""Posts by Dr. Norman Horn"") March 12, 2019 

Let's talk about walls, immigration, prohibition, etc. Notes: I mentioned this article in Chemical and Engineering News. The articles on ...

[ Read More  ](https://libertarianchristians.com/2019/03/12/lci-hot-takes-the-wall/ ""LCI Hot Takes: THE WALL"")

[ ](https://libertarianchristians.com/2018/07/03/immigrants-deported-without-trial/ ""Can Immigrants Be Deported Without a Trial?"")

[Libertarianism](https://libertarianchristians.com/category/libertarianism/)

###  [Can Immigrants Be Deported Without a Trial?](https://libertarianchristians.com/2018/07/03/immigrants-deported-without-trial/)

[Dr. Norman Horn](https://libertarianchristians.com/author/dr-norman-horn/ ""Posts by Dr. Norman Horn"") July 3, 2018 

This opinion piece was written by Judge Andrew Napolitano, a former judge of the Superior Court of New Jersey and ...

[ Read More  ](https://libertarianchristians.com/2018/07/03/immigrants-deported-without-trial/ ""Can Immigrants Be Deported Without a Trial?"")

[ ](https://libertarianchristians.com/2018/06/25/resident-alien-native/ ""Are You a “Resident Alien” or Have You Gone Native?"")

[Culture](https://libertarianchristians.com/category/culture/)

###  [Are You a ""Resident Alien"" or Have You Gone Native?](https://libertarianchristians.com/2018/06/25/resident-alien-native/)

[Ruth Ryder](https://libertarianchristians.com/author/ruth-ryder/ ""Posts by Ruth Ryder"") June 25, 2018 

In his book The Patient Ferment of the Early Church, Alan Kreider discusses how the early Christians lived in tension ...

[ Read More  ](https://libertarianchristians.com/2018/06/25/resident-alien-native/ ""Are You a “Resident Alien” or Have You Gone Native?"")

[ ](https://libertarianchristians.com/2018/05/24/political-correctness-hallucinates-immigrants-as-animals/ ""Political Correctness Hallucinates Immigrants as Animals"")

[Politics](https://libertarianchristians.com/category/politics/)

###  [Political Correctness Hallucinates Immigrants as Animals](https://libertarianchristians.com/2018/05/24/political-correctness-hallucinates-immigrants-as-animals/)

[David Gornoski](https://libertarianchristians.com/author/david-gornoski/ ""Posts by David Gornoski"") May 24, 2018 

This week, the Political Correctness religion mass hallucinated that Trump called illegal immigrants animals because many of its members feel ...

[ Read More  ](https://libertarianchristians.com/2018/05/24/political-correctness-hallucinates-immigrants-as-animals/ ""Political Correctness Hallucinates Immigrants as Animals"")

[ ](https://libertarianchristians.com/2015/12/16/getting-to-the-root/ ""Getting to the Root of ISIS and the Syrian Refugee Crisis"")

[War and Peace](https://libertarianchristians.com/category/war-and-peace/)

###  [Getting to the Root of ISIS and the Syrian Refugee Crisis](https://libertarianchristians.com/2015/12/16/getting-to-the-root/)

[Jeff Wright](https://libertarianchristians.com/author/jeff-wright/ ""Posts by Jeff Wright"") December 16, 2015 

A Response to Russell Moore's ""Why Christians Must Speak Out Against Donald Trump's Muslim Remarks"". The least courageous act in ...

[ Read More  ](https://libertarianchristians.com/2015/12/16/getting-to-the-root/ ""Getting to the Root of ISIS and the Syrian Refugee Crisis"")

[ ](https://libertarianchristians.com/2015/05/27/everything-is-spiritual/ ""Everything is Spiritual"")

[Theology](https://libertarianchristians.com/category/theology/)

###  [Everything is Spiritual](https://libertarianchristians.com/2015/05/27/everything-is-spiritual/)

[Doug Stuart](https://libertarianchristians.com/author/dougstuart/ ""Posts by Doug Stuart"") May 27, 2015 

If you missed Jeff Wright's recent guest post, go read it now. Jeff has written a must-read essay on the spiritual ...

[ Read More  ](https://libertarianchristians.com/2015/05/27/everything-is-spiritual/ ""Everything is Spiritual"")

[ ](https://libertarianchristians.com/2014/08/26/david-simpson-cfl-2014/ ""Rep. David Simpson at the Christians for Liberty 2014 Conference"")

[Events](https://libertarianchristians.com/category/events/)

###  [Rep. David Simpson at the Christians for Liberty 2014 Conference](https://libertarianchristians.com/2014/08/26/david-simpson-cfl-2014/)

[Dr. Norman Horn](https://libertarianchristians.com/author/dr-norman-horn/ ""Posts by Dr. Norman Horn"") August 26, 2014 

The Christians for Liberty 2014 Conference has come and gone, but now we get to post the videos from the ...

[ Read More  ](https://libertarianchristians.com/2014/08/26/david-simpson-cfl-2014/ ""Rep. David Simpson at the Christians for Liberty 2014 Conference"")

1 [2](https://libertarianchristians.com/wp-json/wp/v2/pages/page/2/?per_page=100&page=1&_embed=True) [Next »](https://libertarianchristians.com/wp-json/wp/v2/pages/page/2/?per_page=100&page=1&_embed=True)

## Podcast Episodes

[ ](https://libertarianchristians.com/episode/ep-415-can-libertarians-make-immigration-great-again-with-alex-nowrasteh/ ""Ep 415: Can Libertarians Make Immigration Great Again? with Alex Nowrasteh"")

###  [Ep 415: Can Libertarians Make Immigration Great Again? with Alex Nowrasteh](https://libertarianchristians.com/episode/ep-415-can-libertarians-make-immigration-great-again-with-alex-nowrasteh/)

Is immigration chaos at the border a failure of libertarian ideals—or government itself? Host Doug Stuart is joined by Alex ...

[ Listen Now  ](https://libertarianchristians.com/episode/ep-415-can-libertarians-make-immigration-great-again-with-alex-nowrasteh/ ""Ep 415: Can Libertarians Make Immigration Great Again? with Alex Nowrasteh"")

[ ](https://libertarianchristians.com/episode/episode-412-beyond-open-vs-closed-borders/ ""Episode 412 – Beyond Open vs. Closed Borders"")

###  [Episode 412 - Beyond Open vs. Closed Borders](https://libertarianchristians.com/episode/episode-412-beyond-open-vs-closed-borders/)

In this episode, host Doug Stuart is joined by Jim Babka and Jacob Winograd for a lively conversation that moves ...

[ Listen Now  ](https://libertarianchristians.com/episode/episode-412-beyond-open-vs-closed-borders/ ""Episode 412 – Beyond Open vs. Closed Borders"")

[ ](https://libertarianchristians.com/episode/ep-410-trespassing-or-invited-soho-forum-debate-analysis/ ""Ep 410: Trespassing or Invited? Soho Forum Debate Analysis"")

###  [Ep 410: Trespassing or Invited? Soho Forum Debate Analysis](https://libertarianchristians.com/episode/ep-410-trespassing-or-invited-soho-forum-debate-analysis/)

Join us for a breakdown and reaction to the recent Soho Forum debate on immigration, hosted by Reason Magazine, where ...

[ Listen Now  ](https://libertarianchristians.com/episode/ep-410-trespassing-or-invited-soho-forum-debate-analysis/ ""Ep 410: Trespassing or Invited? Soho Forum Debate Analysis"")

[ ](https://libertarianchristians.com/episode/from-outsider-to-overlord-trumps-evolving-threat-to-liberty/ ""From Outsider to Overlord? Trump’s Evolving Threat to Liberty"")

###  [From Outsider to Overlord? Trump's Evolving Threat to Liberty](https://libertarianchristians.com/episode/from-outsider-to-overlord-trumps-evolving-threat-to-liberty/)

From Outsider to Overlord? Trump's Evolving Threat to Liberty In this episode, Jacob is joined by Jeremiah Harding for an ...

[ Listen Now  ](https://libertarianchristians.com/episode/from-outsider-to-overlord-trumps-evolving-threat-to-liberty/ ""From Outsider to Overlord? Trump’s Evolving Threat to Liberty"")

[ ](https://libertarianchristians.com/episode/should-libertarians-support-chase-oliver-w-dl-cummings/ ""Should Libertarians Support Chase Oliver? w/DL Cummings"")

###  [Should Libertarians Support Chase Oliver? w/DL Cummings](https://libertarianchristians.com/episode/should-libertarians-support-chase-oliver-w-dl-cummings/)

Should Libertarians Support Chase Oliver? w/DL Cummings     Summary In this episode, Jacob Winograd and DL Cummings dive into ...

[ Listen Now  ](https://libertarianchristians.com/episode/should-libertarians-support-chase-oliver-w-dl-cummings/ ""Should Libertarians Support Chase Oliver? w/DL Cummings"")

[ ](https://libertarianchristians.com/episode/christians-libertarians-contradicting-tom-mullen-talks-freedom/ ""Ep 268: Can Christians Really be Libertarians Without Contradicting Themselves? On Tom Mullen Talks Freedom"")

###  [Ep 268: Can Christians Really be Libertarians Without Contradicting Themselves? On Tom Mullen Talks Freedom](https://libertarianchristians.com/episode/christians-libertarians-contradicting-tom-mullen-talks-freedom/)

For this episode we decided to use a recent interview from the Tom Mullen Talk Freedom podcast where we discussed ...

[ Listen Now  ](https://libertarianchristians.com/episode/christians-libertarians-contradicting-tom-mullen-talks-freedom/ ""Ep 268: Can Christians Really be Libertarians Without Contradicting Themselves? On Tom Mullen Talks Freedom"")

[ ](https://libertarianchristians.com/episode/immigration-doug-stuart-david-forsyth/ ""Ep 243: Doug Talks Immigration with David Forsyth"")

###  [Ep 243: Doug Talks Immigration with David Forsyth](https://libertarianchristians.com/episode/immigration-doug-stuart-david-forsyth/)

David Forsyth recently welcomed Doug Stuart onto his Freedom Adventure podcast to discuss the Christian case for compassionate border policy. ...

[ Listen Now  ](https://libertarianchristians.com/episode/immigration-doug-stuart-david-forsyth/ ""Ep 243: Doug Talks Immigration with David Forsyth"")

[ ](https://libertarianchristians.com/episode/doug-stuart-immigration-john-loeffler/ ""Ep 236: Doug Stuart Discusses Immigration with John Loeffler"")

###  [Ep 236: Doug Stuart Discusses Immigration with John Loeffler](https://libertarianchristians.com/episode/doug-stuart-immigration-john-loeffler/)

Doug Stuart joins the Steel on Steel podcast to discuss with conservative host John Loeffler what the Christian libertarian view ...

[ Listen Now  ](https://libertarianchristians.com/episode/doug-stuart-immigration-john-loeffler/ ""Ep 236: Doug Stuart Discusses Immigration with John Loeffler"")

[ ](https://libertarianchristians.com/episode/what-about-immigration/ ""Ep 235: What About Immigration?"")

###  [Ep 235: What About Immigration?](https://libertarianchristians.com/episode/what-about-immigration/)

Join the co-authors of Faith Seeking Freedom to get a ""behind the scenes"" look at the the book's creation and ...

[ Listen Now  ](https://libertarianchristians.com/episode/what-about-immigration/ ""Ep 235: What About Immigration?"")

[ ](https://libertarianchristians.com/episode/following-jesus-fear-culture-scott-bader-saye/ ""Ep 222: Following Jesus in a Culture of Fear, with Scott Bader-Saye"")

###  [Ep 222: Following Jesus in a Culture of Fear, with Scott Bader-Saye](https://libertarianchristians.com/episode/following-jesus-fear-culture-scott-bader-saye/)

When we live in a culture of fear, how should Christians follow Jesus in such a way that lives in ...

[ Listen Now  ](https://libertarianchristians.com/episode/following-jesus-fear-culture-scott-bader-saye/ ""Ep 222: Following Jesus in a Culture of Fear, with Scott Bader-Saye"")

[ ](https://libertarianchristians.com/episode/bryan-caplan-open-borders/ ""Ep 156: Open Borders, with Bryan Caplan"")

###  [Ep 156: Open Borders, with Bryan Caplan](https://libertarianchristians.com/episode/bryan-caplan-open-borders/)

If open immigration would vastly improve the lot of most of the world, why would anybody oppose it? What objections ...

[ Listen Now  ](https://libertarianchristians.com/episode/bryan-caplan-open-borders/ ""Ep 156: Open Borders, with Bryan Caplan"")

[ ](https://libertarianchristians.com/episode/moral-arguments-free-trade-dan-griswold/ ""Ep 124: Moral Arguments for Free Trade with Dan Griswold"")

###  [Ep 124: Moral Arguments for Free Trade with Dan Griswold](https://libertarianchristians.com/episode/moral-arguments-free-trade-dan-griswold/)

Daniel Griswold of the Mercatus Center joins us to talk about how Christians can make the case for free trade ...

[ Listen Now  ](https://libertarianchristians.com/episode/moral-arguments-free-trade-dan-griswold/ ""Ep 124: Moral Arguments for Free Trade with Dan Griswold"")

[ ](https://libertarianchristians.com/episode/openness-defense-jason-brennan/ ""Ep 95: In Defense of Openness with Jason Brennan"")

###  [Ep 95: In Defense of Openness with Jason Brennan](https://libertarianchristians.com/episode/openness-defense-jason-brennan/)

Libertarians are known for their advocacy of free choice, free association, and free movement. But are there boundaries or limits ...

[ Listen Now  ](https://libertarianchristians.com/episode/openness-defense-jason-brennan/ ""Ep 95: In Defense of Openness with Jason Brennan"")

[ ](https://libertarianchristians.com/episode/eric-larson-immigration-experience/ ""Ep 81: Dr. Eric Larson’s Experience with Immigration"")

###  [Ep 81: Dr. Eric Larson's Experience with Immigration](https://libertarianchristians.com/episode/eric-larson-immigration-experience/)

Dr. Eric Larson is an anesthesiologist in private practice in Grand Rapids, MI, and host of the podcast Paradocs. He ...

[ Listen Now  ](https://libertarianchristians.com/episode/eric-larson-immigration-experience/ ""Ep 81: Dr. Eric Larson’s Experience with Immigration"")

[ ](https://libertarianchristians.com/episode/immigration-art-carden/ ""Ep 16: Immigration with Art Carden"")

###  [Ep 16: Immigration with Art Carden](https://libertarianchristians.com/episode/immigration-art-carden/)

On today's episode, we are joined by libertarian Christian economist Art Carden to tackle one of the most pressing and ...

[ Listen Now  ](https://libertarianchristians.com/episode/immigration-art-carden/ ""Ep 16: Immigration with Art Carden"")",https://libertarianchristians.com/topics/immigration/
29142,2019-07-03T10:46:39,Woke,Doug Stuart,"# Woke

### The Progressive Attack on Liberal Values and the Ideals of Individual Liberty

What does it mean to be woke? Who is behind this movement? When did the woke movement start? What should libertarian Christians think of Critical Theory and Critical Race Theory? Is the 1619 Project legitimate?

## Articles

[ ](https://libertarianchristians.com/2025/05/07/woke-james-lindsay/ ""Are Libertarians “Woke” \(or is James Lindsay\)?"")

[Culture](https://libertarianchristians.com/category/culture/)

###  [Are Libertarians ""Woke"" (or is James Lindsay)?](https://libertarianchristians.com/2025/05/07/woke-james-lindsay/)

[Cody Cook](https://libertarianchristians.com/author/codycook/ ""Posts by Cody Cook"") May 7, 2025 

Anti-woke provocateur James Lindsay has set his sights on libertarians. The Cynical Theories co-author had previously earned comments and retweets when he ...

[ Read More  ](https://libertarianchristians.com/2025/05/07/woke-james-lindsay/ ""Are Libertarians “Woke” \(or is James Lindsay\)?"")

[ ](https://libertarianchristians.com/2024/04/26/race-mythology-redux/ ""Race Mythology Redux"")

[Culture](https://libertarianchristians.com/category/culture/)

###  [Race Mythology Redux](https://libertarianchristians.com/2024/04/26/race-mythology-redux/)

[Cody Cook](https://libertarianchristians.com/author/codycook/ ""Posts by Cody Cook"") April 26, 2024 

Have you ever heard any bizarre stories or conspiracy theories about race? I have a relative who believes that modern ...

[ Read More  ](https://libertarianchristians.com/2024/04/26/race-mythology-redux/ ""Race Mythology Redux"")

[ ](https://libertarianchristians.com/2024/02/29/douglas-young-review-of-cancel-culture-dictionary/ ""Savvy and Witty: A Review of Jimmy Failla’s Cancel Culture Dictionary"")

[Book Reviews](https://libertarianchristians.com/category/books/)

###  [Savvy and Witty: A Review of Jimmy Failla’s Cancel Culture Dictionary](https://libertarianchristians.com/2024/02/29/douglas-young-review-of-cancel-culture-dictionary/)

[Dr. Douglas Young](https://libertarianchristians.com/author/douglasyoung/ ""Posts by Dr. Douglas Young"") February 29, 2024 

Jimmy Failla’s Cancel Culture Dictionary: An A to Z Guide to Winning the War on Fun is a remarkably well-reasoned, ...

[ Read More  ](https://libertarianchristians.com/2024/02/29/douglas-young-review-of-cancel-culture-dictionary/ ""Savvy and Witty: A Review of Jimmy Failla’s Cancel Culture Dictionary"")

[ ](https://libertarianchristians.com/2023/12/20/whence-antisemitism/ ""Why the Rise of Jew Hatred and the Support for Hamas Terrorists?"")

[Libertarianism](https://libertarianchristians.com/category/libertarianism/)

###  [Why the Rise of Jew Hatred and the Support for Hamas Terrorists?](https://libertarianchristians.com/2023/12/20/whence-antisemitism/)

[Dr. Douglas Young](https://libertarianchristians.com/author/douglasyoung/ ""Posts by Dr. Douglas Young"") December 20, 2023 

A lot of folks are shocked and mystified by all the recent open displays of hatred and even violence toward ...

[ Read More  ](https://libertarianchristians.com/2023/12/20/whence-antisemitism/ ""Why the Rise of Jew Hatred and the Support for Hamas Terrorists?"")

[ ](https://libertarianchristians.com/2023/09/20/the-triumph-of-a-libertarian-comic-a-review-of-greg-gutfelds-the-king-of-late-night/ ""The Triumph of a Libertarian Comic: A Review of Greg Gutfeld’s The King of Late Night"")

[Book Reviews](https://libertarianchristians.com/category/books/)

###  [The Triumph of a Libertarian Comic: A Review of Greg Gutfeld’s The King of Late Night](https://libertarianchristians.com/2023/09/20/the-triumph-of-a-libertarian-comic-a-review-of-greg-gutfelds-the-king-of-late-night/)

[Dr. Douglas Young](https://libertarianchristians.com/author/douglasyoung/ ""Posts by Dr. Douglas Young"") September 20, 2023 

Political comedian Greg Gutfeld’s new eighth book, The King of Late Night, explores what he sees as many recent U.S. ...

[ Read More  ](https://libertarianchristians.com/2023/09/20/the-triumph-of-a-libertarian-comic-a-review-of-greg-gutfelds-the-king-of-late-night/ ""The Triumph of a Libertarian Comic: A Review of Greg Gutfeld’s The King of Late Night"")

[ ](https://libertarianchristians.com/2022/03/02/book-review-john-mcwhorters-woke-racism/ ""Book Review: John McWhorter’s Woke Racism"")

[Book Reviews](https://libertarianchristians.com/category/books/)

###  [Book Review: John McWhorter's Woke Racism](https://libertarianchristians.com/2022/03/02/book-review-john-mcwhorters-woke-racism/)

[Jacob Kim](https://libertarianchristians.com/author/jacobkim/ ""Posts by Jacob Kim"") March 2, 2022 

This is a brief review of John McWhorter’s Woke Racism. It could be called an important book for people who ...

[ Read More  ](https://libertarianchristians.com/2022/03/02/book-review-john-mcwhorters-woke-racism/ ""Book Review: John McWhorter’s Woke Racism"")

1 [2](https://libertarianchristians.com/wp-json/wp/v2/pages/page/2/?per_page=100&page=1&_embed=True) [Next »](https://libertarianchristians.com/wp-json/wp/v2/pages/page/2/?per_page=100&page=1&_embed=True)

## Podcast Episodes

[ ](https://libertarianchristians.com/episode/ep-406-seeing-through-political-narratives-with-george-yancey/ ""Ep 406: Seeing Through Political Narratives, with George Yancey"")

[Podcast](https://libertarianchristians.com/category/podcast/)

###  [Ep 406: Seeing Through Political Narratives, with George Yancey](https://libertarianchristians.com/episode/ep-406-seeing-through-political-narratives-with-george-yancey/)

[Cody Cook](https://libertarianchristians.com/author/codycook/ ""Posts by Cody Cook"") May 16, 2025 

In a lively episode of the Libertarian Christian Podcast, host Cody Cook sits down with George Yancey, a sociology professor ...

[ Listen Now  ](https://libertarianchristians.com/episode/ep-406-seeing-through-political-narratives-with-george-yancey/ ""Ep 406: Seeing Through Political Narratives, with George Yancey"")

[ ](https://libertarianchristians.com/episode/make-racism-great-again-the-rise-of-identity-politics-on-the-right-with-cody-cook/ ""Make Racism Great Again? The Rise of Identity Politics on the Right with Cody Cook"")

[Podcast](https://libertarianchristians.com/category/podcast/)

###  [Make Racism Great Again? The Rise of Identity Politics on the Right with Cody Cook](https://libertarianchristians.com/episode/make-racism-great-again-the-rise-of-identity-politics-on-the-right-with-cody-cook/)

[Jacob Winograd](https://libertarianchristians.com/author/jacobwinograd/ ""Posts by Jacob Winograd"") May 14, 2025 

Make Racism Great Again? The Rise of Identity Politics on the Right with Cody Cook In this bonus episode, I ...

[ Listen Now  ](https://libertarianchristians.com/episode/make-racism-great-again-the-rise-of-identity-politics-on-the-right-with-cody-cook/ ""Make Racism Great Again? The Rise of Identity Politics on the Right with Cody Cook"")

[ ](https://libertarianchristians.com/episode/episode-396-the-economic-condition-of-black-america-in-the-twentieth-century-with-germinal-g-van/ ""Episode 396: The Economic Condition of Black America in the Twentieth Century, with Germinal G. Van"")

[Podcast](https://libertarianchristians.com/category/podcast/)

###  [Episode 396: The Economic Condition of Black America in the Twentieth Century, with Germinal G. Van](https://libertarianchristians.com/episode/episode-396-the-economic-condition-of-black-america-in-the-twentieth-century-with-germinal-g-van/)

[Cody Cook](https://libertarianchristians.com/author/codycook/ ""Posts by Cody Cook"") March 7, 2025 

Host Cody Cook engages economist and author of The Economic Condition of Black America in the 20th Century Germinal Van ...

[ Listen Now  ](https://libertarianchristians.com/episode/episode-396-the-economic-condition-of-black-america-in-the-twentieth-century-with-germinal-g-van/ ""Episode 396: The Economic Condition of Black America in the Twentieth Century, with Germinal G. Van"")

[ ](https://libertarianchristians.com/episode/ep-376-after-crt-what-questions-should-we-be-asking-with-ed-uszynski/ ""Ep 376: After CRT: What Questions Should We Be Asking? with Ed Uszynski"")

[Christian Worldview](https://libertarianchristians.com/category/christian-worldview/)

###  [Ep 376: After CRT: What Questions Should We Be Asking? with Ed Uszynski](https://libertarianchristians.com/episode/ep-376-after-crt-what-questions-should-we-be-asking-with-ed-uszynski/)

[Doug Stuart](https://libertarianchristians.com/author/dougstuart/ ""Posts by Doug Stuart"") July 19, 2024 

Summary - After CRT: What Questions Should We Be Asking? with Ed Uszynski Doug Stuart sits down with Ed Uszynski, ...

[ Listen Now  ](https://libertarianchristians.com/episode/ep-376-after-crt-what-questions-should-we-be-asking-with-ed-uszynski/ ""Ep 376: After CRT: What Questions Should We Be Asking? with Ed Uszynski"")

[ ](https://libertarianchristians.com/episode/ep-352-key-concepts-in-critical-theory-critical-race-theory-and-queer-theory-with-neil-shenvi-and-pat-sawyer/ ""Ep 352: Key Concepts in Critical Theory, Critical Race Theory, and Queer Theory, with Neil Shenvi and Pat Sawyer"")

[Podcast](https://libertarianchristians.com/category/podcast/)

###  [Ep 352: Key Concepts in Critical Theory, Critical Race Theory, and Queer Theory, with Neil Shenvi and Pat Sawyer](https://libertarianchristians.com/episode/ep-352-key-concepts-in-critical-theory-critical-race-theory-and-queer-theory-with-neil-shenvi-and-pat-sawyer/)

[Doug Stuart](https://libertarianchristians.com/author/dougstuart/ ""Posts by Doug Stuart"") September 29, 2023 

Summary - Key Concepts in Critical Theory, Critical Race Theory, and Queer Theory, with Neil Shenvi and Pat Sawyer In ...

[ Listen Now  ](https://libertarianchristians.com/episode/ep-352-key-concepts-in-critical-theory-critical-race-theory-and-queer-theory-with-neil-shenvi-and-pat-sawyer/ ""Ep 352: Key Concepts in Critical Theory, Critical Race Theory, and Queer Theory, with Neil Shenvi and Pat Sawyer"")

[ ](https://libertarianchristians.com/episode/critical-theory-neil-shenvi/ ""Ep 306: How Neil Shenvi Gives a Gracious Approach to Critical Theory"")

[Podcast](https://libertarianchristians.com/category/podcast/)

###  [Ep 306: How Neil Shenvi Gives a Gracious Approach to Critical Theory](https://libertarianchristians.com/episode/critical-theory-neil-shenvi/)

[Doug Stuart](https://libertarianchristians.com/author/dougstuart/ ""Posts by Doug Stuart"") December 23, 2022 

Summary - How Neil Shenvi Gives a Gracious Approach to Critical Theory In today's episode, Doug Stuart chats with Neil ...

[ Listen Now  ](https://libertarianchristians.com/episode/critical-theory-neil-shenvi/ ""Ep 306: How Neil Shenvi Gives a Gracious Approach to Critical Theory"")

1 [2](https://libertarianchristians.com/wp-json/wp/v2/pages/page/2/?per_page=100&page=1&_embed=True) [Next »](https://libertarianchristians.com/wp-json/wp/v2/pages/page/2/?per_page=100&page=1&_embed=True)",https://libertarianchristians.com/topics/woke/
14468,2019-07-03T10:46:39,Abortion,Doug Stuart,"# Abortion

### Lifelong Implications for a Major Issue of our Time

Being able to articulate and rhetorically compel others to listen to our view is one of the most difficult aspects of the abortion debate over abortion. 

## Articles

[ ](https://libertarianchristians.com/2022/10/02/abortion-is-not-loving-your-neighbor-governor-newsom/ ""Abortion is Not Loving Your Neighbor, Governor Newsom"")

[Politics](https://libertarianchristians.com/category/politics/)

###  [Abortion is Not Loving Your Neighbor, Governor Newsom](https://libertarianchristians.com/2022/10/02/abortion-is-not-loving-your-neighbor-governor-newsom/)

[Dr. Norman Horn](https://libertarianchristians.com/author/dr-norman-horn/ ""Posts by Dr. Norman Horn"") October 2, 2022 

If you are looking for signals of the degradation of civil society, you cannot do much better than observe California ...

[ Read More  ](https://libertarianchristians.com/2022/10/02/abortion-is-not-loving-your-neighbor-governor-newsom/ ""Abortion is Not Loving Your Neighbor, Governor Newsom"")

[ ](https://libertarianchristians.com/2022/08/09/life-vs-personhood-abortion/ ""Life vs Personhood and Abortion: The Metaphysical Distinction without a Legal Difference"")

[Libertarianism](https://libertarianchristians.com/category/libertarianism/)

###  [Life vs Personhood and Abortion: The Metaphysical Distinction without a Legal Difference](https://libertarianchristians.com/2022/08/09/life-vs-personhood-abortion/)

[Kerry Baldwin](https://libertarianchristians.com/author/kerry-baldwin/ ""Posts by Kerry Baldwin"") August 9, 2022 

Pro-lifers contend that life begins at conception, and so the fetus has natural rights. Pro-choicers contend it cannot be known ...

[ Read More  ](https://libertarianchristians.com/2022/08/09/life-vs-personhood-abortion/ ""Life vs Personhood and Abortion: The Metaphysical Distinction without a Legal Difference"")

[ ](https://libertarianchristians.com/2022/07/10/good-news-bad-news-july-7-2022/ ""Good News, Bad New July 7, 2022: The Roe Casey Repeal"")

[Media](https://libertarianchristians.com/category/media/)

###  [Good News, Bad New July 7, 2022: The Roe Casey Repeal](https://libertarianchristians.com/2022/07/10/good-news-bad-news-july-7-2022/)

[LCI Staff](https://libertarianchristians.com/author/lci-staff/ ""Posts by LCI Staff"") July 10, 2022 

Though down a man tonight with Aaron out sick, the GNBN crew tackles the remarkable news of the Roe-Casey Repeal ...

[ Read More  ](https://libertarianchristians.com/2022/07/10/good-news-bad-news-july-7-2022/ ""Good News, Bad New July 7, 2022: The Roe Casey Repeal"")

[ ](https://libertarianchristians.com/2022/06/15/why-more-christians-need-to-be-libertarian-we-know-how-to-convince-them/ ""Why More Christians Need to be Libertarian and How to Convince Them"")

[Announcements](https://libertarianchristians.com/category/announcements/)

###  [Why More Christians Need to be Libertarian and How to Convince Them](https://libertarianchristians.com/2022/06/15/why-more-christians-need-to-be-libertarian-we-know-how-to-convince-them/)

[LCI Staff](https://libertarianchristians.com/author/lci-staff/ ""Posts by LCI Staff"") June 15, 2022 

The Libertarian Christian Institute is proud to announce that we'll be an exhibitor at FreedomFest in Las Vegas, NV, from ...

[ Read More  ](https://libertarianchristians.com/2022/06/15/why-more-christians-need-to-be-libertarian-we-know-how-to-convince-them/ ""Why More Christians Need to be Libertarian and How to Convince Them"")

[ ](https://libertarianchristians.com/2022/06/09/political-neutrality-abortion-pro-life-libertarians/ ""Political Neutrality on Abortion is Welcoming to Pro-life Libertarians"")

[Libertarianism](https://libertarianchristians.com/category/libertarianism/)

###  [Political Neutrality on Abortion is Welcoming to Pro-life Libertarians](https://libertarianchristians.com/2022/06/09/political-neutrality-abortion-pro-life-libertarians/)

[Cody Cook](https://libertarianchristians.com/author/codycook/ ""Posts by Cody Cook"") June 9, 2022 

On Saturday, May 28th, the Mises Caucus won control over the Libertarian Party at their national convention in Reno, Nevada. ...

[ Read More  ](https://libertarianchristians.com/2022/06/09/political-neutrality-abortion-pro-life-libertarians/ ""Political Neutrality on Abortion is Welcoming to Pro-life Libertarians"")

[ ](https://libertarianchristians.com/2022/06/02/the-libertarian-party-is-officially-silent-on-abortion/ ""The Libertarian Party is Officially Silent on Abortion"")

[Culture](https://libertarianchristians.com/category/culture/)

###  [The Libertarian Party is Officially Silent on Abortion](https://libertarianchristians.com/2022/06/02/the-libertarian-party-is-officially-silent-on-abortion/)

[Kerry Baldwin](https://libertarianchristians.com/author/kerry-baldwin/ ""Posts by Kerry Baldwin"") June 2, 2022 

On the 50th anniversary of the Libertarian Party (LP), the platform now stands silent on abortion. This is no insignificant ...

[ Read More  ](https://libertarianchristians.com/2022/06/02/the-libertarian-party-is-officially-silent-on-abortion/ ""The Libertarian Party is Officially Silent on Abortion"")

1 [2](https://libertarianchristians.com/wp-json/wp/v2/pages/page/2/?per_page=100&page=1&_embed=True) [3](https://libertarianchristians.com/wp-json/wp/v2/pages/page/3/?per_page=100&page=1&_embed=True) [4](https://libertarianchristians.com/wp-json/wp/v2/pages/page/4/?per_page=100&page=1&_embed=True) [5](https://libertarianchristians.com/wp-json/wp/v2/pages/page/5/?per_page=100&page=1&_embed=True) [6](https://libertarianchristians.com/wp-json/wp/v2/pages/page/6/?per_page=100&page=1&_embed=True) [Next »](https://libertarianchristians.com/wp-json/wp/v2/pages/page/2/?per_page=100&page=1&_embed=True)

## Podcast Episodes

[ ](https://libertarianchristians.com/episode/kerry-baldwin-john-stossel-abortion/ ""Ep 282: Kerry Baldwin Responds to John Stossel on Abortion"")

[Podcast](https://libertarianchristians.com/category/podcast/)

###  [Ep 282: Kerry Baldwin Responds to John Stossel on Abortion](https://libertarianchristians.com/episode/kerry-baldwin-john-stossel-abortion/)

[Doug Stuart](https://libertarianchristians.com/author/dougstuart/ ""Posts by Doug Stuart"") July 8, 2022 

Kerry Baldwin joined us for this week's episode to discuss the topic of abortion, the recent overturn of Roe v. ...

[ Read More  ](https://libertarianchristians.com/episode/kerry-baldwin-john-stossel-abortion/ ""Ep 282: Kerry Baldwin Responds to John Stossel on Abortion"")

[ ](https://libertarianchristians.com/episode/religion-opposing-abortion-jose-galison/ ""Ep 279: Religion is Not the Basis for Opposing Abortion, with Jose Galison"")

[Podcast](https://libertarianchristians.com/category/podcast/)

###  [Ep 279: Religion is Not the Basis for Opposing Abortion, with Jose Galison](https://libertarianchristians.com/episode/religion-opposing-abortion-jose-galison/)

[Doug Stuart](https://libertarianchristians.com/author/dougstuart/ ""Posts by Doug Stuart"") June 17, 2022 

YouTuber Jose Galison, of the show ""No Way, Jose!"", recently brought onto his show Kerry Baldwin to discuss the difficult topic of abortion. They ...

[ Read More  ](https://libertarianchristians.com/episode/religion-opposing-abortion-jose-galison/ ""Ep 279: Religion is Not the Basis for Opposing Abortion, with Jose Galison"")

[ ](https://libertarianchristians.com/episode/christian-libertarian-alliance-against-abortion/ ""Ep 278: Against Abortion – A Christian/Libertarian Alliance"")

[Podcast](https://libertarianchristians.com/category/podcast/)

###  [Ep 278: Against Abortion - A Christian/Libertarian Alliance](https://libertarianchristians.com/episode/christian-libertarian-alliance-against-abortion/)

[Doug Stuart](https://libertarianchristians.com/author/dougstuart/ ""Posts by Doug Stuart"") June 10, 2022 

Kerry Baldwin was interviewed by Keith Knight of the Don't Tread on Anyone podcast to discuss the Christian libertarian views ...

[ Read More  ](https://libertarianchristians.com/episode/christian-libertarian-alliance-against-abortion/ ""Ep 278: Against Abortion – A Christian/Libertarian Alliance"")

[ ](https://libertarianchristians.com/episode/more-ways-to-be-pro-life/ ""Ep 239: Is there more than one way of being pro-life?"")

[Podcast](https://libertarianchristians.com/category/podcast/)

###  [Ep 239: Is there more than one way of being pro-life?](https://libertarianchristians.com/episode/more-ways-to-be-pro-life/)

[Doug Stuart](https://libertarianchristians.com/author/dougstuart/ ""Posts by Doug Stuart"") September 7, 2021 

Abolitionist Nathan Weisser joins Kerry Baldwin and Doug Stuart for a discussion of the different sub-sects of the pro-life movement, ...

[ Read More  ](https://libertarianchristians.com/episode/more-ways-to-be-pro-life/ ""Ep 239: Is there more than one way of being pro-life?"")

[ ](https://libertarianchristians.com/episode/what-about-abortion/ ""Ep 238: What About Abortion?"")

[Podcast](https://libertarianchristians.com/category/podcast/)

###  [Ep 238: What About Abortion?](https://libertarianchristians.com/episode/what-about-abortion/)

[Doug Stuart](https://libertarianchristians.com/author/dougstuart/ ""Posts by Doug Stuart"") August 31, 2021 

Join the co-authors of Faith Seeking Freedom to get a ""behind the scenes"" look at the the book's creation and ...

[ Read More  ](https://libertarianchristians.com/episode/what-about-abortion/ ""Ep 238: What About Abortion?"")

[ ](https://libertarianchristians.com/episode/assessing-january-6-capitol-riots-dc/ ""Ep 206: Assessing What Happened in D.C. on January 6, 2021"")

[Libertarianism](https://libertarianchristians.com/category/libertarianism/)

###  [Ep 206: Assessing What Happened in D.C. on January 6, 2021](https://libertarianchristians.com/episode/assessing-january-6-capitol-riots-dc/)

[Doug Stuart](https://libertarianchristians.com/author/dougstuart/ ""Posts by Doug Stuart"") January 19, 2021 

The Libertarian Christian Roundtable, featuring Jason Rink who was at the Stop the Steal rally in Washington, D.C., discusses the ...

[ Read More  ](https://libertarianchristians.com/episode/assessing-january-6-capitol-riots-dc/ ""Ep 206: Assessing What Happened in D.C. on January 6, 2021"")

1 [2](https://libertarianchristians.com/wp-json/wp/v2/pages/page/2/?per_page=100&page=1&_embed=True) [3](https://libertarianchristians.com/wp-json/wp/v2/pages/page/3/?per_page=100&page=1&_embed=True) [Next »](https://libertarianchristians.com/wp-json/wp/v2/pages/page/2/?per_page=100&page=1&_embed=True)",https://libertarianchristians.com/topics/abortion/
14428,2019-06-27T11:51:50,Libertarian Christian Perspectives,Doug Stuart,"### No matter the era, some topics will always be controversial. What do libertarian Christians Believe?

To engage in public discourse requires knowledge of the subject matter, as well as perspectives that tackle the topics from different vantage points. 

The list of topics and articles below is a curated list by our various authors from over a decade. As with any selection of writings from various authors, the rhetoric might differ, and maybe even their conclusions. Regardless, you will be more informed after reading! 

## [ Abortion  Lifelong Implications for a Major Issue of our Time  Read the Articles  ](/topics/abortion/)

## [ Nationalism  Is its rise a threat to human flourishing?  Read the Articles  ](/topics/nationalism/)

## [ Patriotism  ""God and Country"" Christians are Proud of their country. Should they be?  Read the Articles  ](/topics/patriotism/)

## [ Democratic Socialism  Popularized by democratic candidates such as Bernie Sanders and Elizabeth Warren, this topic has become a national talking point.  Read the Articles  ](/topics/democraticsocialism/)

## [ Marriage  Is holy matrimony on a collision course with evolving American social values?  Read the Articles  ](/topics/marriage/)

## [ War  ""War is the health of the state,"" says Randolph Bourne.  Read the Articles  ](/topics/war/)

## [ Pacifism  Followers of the Prince of Peace should be expected to walk in the way of peace.  Read the Articles  ](/topics/pacifism/)

## [ Wealth  Is wealth merely a matter of merit? Can we accumulate too much?  Read the Articles  ](/topics/wealth/)

## [ Woke  The Progressive Attack on Liberal Values and the Ideals of Individual Liberty  Read the Articles  ](/topics/woke/)

## [ Immigration  What does the Bible say about immigration?  Read the Articles  ](/topics/immigration/)

## [ Taxation  As sure a thing as death. Or could it be abolished?  Read the Articles  ](/topics/taxation/)

### All topics 

### [1 samuel 8 3 Posts  ](https://libertarianchristians.com/tag/1-samuel-8/)

### [abortion 48 Posts  ](https://libertarianchristians.com/tag/abortion/)

### [Abraham Lincoln 4 Posts  ](https://libertarianchristians.com/tag/abraham-lincoln/)

### [activism 17 Posts  ](https://libertarianchristians.com/tag/activism/)

### [adam smith 1 Post  ](https://libertarianchristians.com/tag/adam-smith/)

### [Afghanistan 13 Posts  ](https://libertarianchristians.com/tag/afghanistan/)

### [alt-right 1 Post  ](https://libertarianchristians.com/tag/alt-right/)

### [America 7 Posts  ](https://libertarianchristians.com/tag/america/)

### [America foreign policy 1 Post  ](https://libertarianchristians.com/tag/america-foreign-policy/)

### [America's Founding Fathers 16 Posts  ](https://libertarianchristians.com/tag/americas-founding-fathers/)

### [American exceptionalism 1 Post  ](https://libertarianchristians.com/tag/american-exceptionalism/)

### [Amish 1 Post  ](https://libertarianchristians.com/tag/amish/)

### [Anabaptism 10 Posts  ](https://libertarianchristians.com/tag/anabaptism/)

### [Anabaptist 1 Post  ](https://libertarianchristians.com/tag/anabaptist/)

### [anarchism 22 Posts  ](https://libertarianchristians.com/tag/anarchism/)

### [anarcho-capitalism 2 Posts  ](https://libertarianchristians.com/tag/anarcho-capitalism/)

### [anarchocommunism 1 Post  ](https://libertarianchristians.com/tag/anarchocommunism/)

### [Anatomy of the State 1 Post  ](https://libertarianchristians.com/tag/anatomy-of-the-state/)

### [Andrew Wilson 2 Posts  ](https://libertarianchristians.com/tag/andrew-wilson/)

### [anthropology 1 Post  ](https://libertarianchristians.com/tag/anthropology/)

### [anti-war 22 Posts  ](https://libertarianchristians.com/tag/anti-war/)

### [antiracism 3 Posts  ](https://libertarianchristians.com/tag/antiracism/)

### [antisemitism 2 Posts  ](https://libertarianchristians.com/tag/antisemitism/)

### [ASC 2009 10 Posts  ](https://libertarianchristians.com/tag/asc-2009/)

### [atonement 1 Post  ](https://libertarianchristians.com/tag/atonement/)

### [Austrian Economics 17 Posts  ](https://libertarianchristians.com/tag/austrian-economics/)

### [Austrian School 9 Posts  ](https://libertarianchristians.com/tag/austrian-school/)

### [authority 23 Posts  ](https://libertarianchristians.com/tag/authority/)

### [Ayn Rand 12 Posts  ](https://libertarianchristians.com/tag/ayn-rand/)

### [bailouts 13 Posts  ](https://libertarianchristians.com/tag/bailouts/)

### [Barack Obama 57 Posts  ](https://libertarianchristians.com/tag/obama/)

### [bias 1 Post  ](https://libertarianchristians.com/tag/bias/)

### [Bible 148 Posts  ](https://libertarianchristians.com/tag/bible/)

### [Biblical Anarchy Podcast 2 Posts  ](https://libertarianchristians.com/tag/biblical-anarchy-podcast/)

### [biblical exegesis 2 Posts  ](https://libertarianchristians.com/tag/biblical-exegesis/)

### [biblical politics 1 Post  ](https://libertarianchristians.com/tag/biblical-politics/)

### [Biblical theology 8 Posts  ](https://libertarianchristians.com/tag/biblical-theology/)

### [blood and soil 1 Post  ](https://libertarianchristians.com/tag/blood-and-soil/)

### [Blowback 1 Post  ](https://libertarianchristians.com/tag/blowback/)

### [Bob murphy 1 Post  ](https://libertarianchristians.com/tag/bob-murphy/)

### [Book Reviews 18 Posts  ](https://libertarianchristians.com/tag/books/)

### [borders 9 Posts  ](https://libertarianchristians.com/tag/borders/)

### [Bureaucrash 21 Posts  ](https://libertarianchristians.com/tag/bureaucrash/)

### [business 14 Posts  ](https://libertarianchristians.com/tag/business/)

### [C.S. Lewis 9 Posts  ](https://libertarianchristians.com/tag/c-s-lewis/)

### [Called to Freedom 8 Posts  ](https://libertarianchristians.com/tag/called-to-freedom/)

### [cancel culture 2 Posts  ](https://libertarianchristians.com/tag/cancel-culture/)

### [capital punishment 2 Posts  ](https://libertarianchristians.com/tag/capital-punishment/)

### [capitalism 85 Posts  ](https://libertarianchristians.com/tag/capitalism/)

### [Catholic Social Teaching 3 Posts  ](https://libertarianchristians.com/tag/catholic-social-teaching/)

### [Catholicism 22 Posts  ](https://libertarianchristians.com/tag/catholicism/)

### [censorship 10 Posts  ](https://libertarianchristians.com/tag/censorship/)

### [CFL 23 Posts  ](https://libertarianchristians.com/tag/cfl/)

### [CFL2015 11 Posts  ](https://libertarianchristians.com/tag/cfl2015/)

### [CFL2016 14 Posts  ](https://libertarianchristians.com/tag/cfl2016/)

### [cflspeakers 10 Posts  ](https://libertarianchristians.com/tag/cflspeakers/)

### [charity 29 Posts  ](https://libertarianchristians.com/tag/charity/)

### [Christ Is King 1 Post  ](https://libertarianchristians.com/tag/christ-is-king/)

### [Christian anarchism 29 Posts  ](https://libertarianchristians.com/tag/christian-anarchism/)

### [Christian economics 9 Posts  ](https://libertarianchristians.com/tag/christian-economics/)

### [Christian heresy 1 Post  ](https://libertarianchristians.com/tag/christian-heresy/)

### [Christian libertarian 23 Posts  ](https://libertarianchristians.com/tag/christian-libertarian/)

### [Christian libertarianism 130 Posts  ](https://libertarianchristians.com/tag/christian-libertarianism/)

### [christian nationalism 29 Posts  ](https://libertarianchristians.com/tag/christian-nationalism/)

### [christian pacifism 1 Post  ](https://libertarianchristians.com/tag/christian-pacifism/)

### [Christian Right 5 Posts  ](https://libertarianchristians.com/tag/christian-right/)

### [Christian warmongering 21 Posts  ](https://libertarianchristians.com/tag/christian-warmongering/)

### [Christian worldview 26 Posts  ](https://libertarianchristians.com/tag/christian-worldview-2/)

### [Christianity 135 Posts  ](https://libertarianchristians.com/tag/christianity/)

### [Christians for Liberty Conference 46 Posts  ](https://libertarianchristians.com/tag/christians-for-liberty-conference/)

### [Christmas 17 Posts  ](https://libertarianchristians.com/tag/christmas/)

### [church 66 Posts  ](https://libertarianchristians.com/tag/church/)

### [church history 18 Posts  ](https://libertarianchristians.com/tag/church-history/)

### [Church of Christ 24 Posts  ](https://libertarianchristians.com/tag/church-of-christ/)

### [civil liberties 19 Posts  ](https://libertarianchristians.com/tag/civil-liberties/)

### [Civil Rights 8 Posts  ](https://libertarianchristians.com/tag/civil-rights/)

### [classical liberal caucus 1 Post  ](https://libertarianchristians.com/tag/classical-liberal-caucus/)

### [classical liberalism 15 Posts  ](https://libertarianchristians.com/tag/classical-liberalism/)

### [Clint Russell 1 Post  ](https://libertarianchristians.com/tag/clint-russell/)

### [coalition 1 Post  ](https://libertarianchristians.com/tag/coalition/)

### [coercion 13 Posts  ](https://libertarianchristians.com/tag/coercion/)

### [collectivism 13 Posts  ](https://libertarianchristians.com/tag/collectivism/)

### [compassion 1 Post  ](https://libertarianchristians.com/tag/compassion/)

### [conservatism 64 Posts  ](https://libertarianchristians.com/tag/conservatism/)

### [conservative Christians 18 Posts  ](https://libertarianchristians.com/tag/conservative-christians/)

### [conservatives 14 Posts  ](https://libertarianchristians.com/tag/conservatives/)

### [Covenant Theology 6 Posts  ](https://libertarianchristians.com/tag/covenant-theology/)

### [COVID 1 Post  ](https://libertarianchristians.com/tag/covid/)

### [COVID-19 52 Posts  ](https://libertarianchristians.com/tag/covid-19/)

### [critical race theory 12 Posts  ](https://libertarianchristians.com/tag/critical-race-theory/)

### [critical theory 1 Post  ](https://libertarianchristians.com/tag/critical-theory/)

### [cryptocurrency 35 Posts  ](https://libertarianchristians.com/tag/cryptocurrency/)

### [Cultural Conflict and Ethics 1 Post  ](https://libertarianchristians.com/tag/cultural-conflict-and-ethics/)

### [culture 90 Posts  ](https://libertarianchristians.com/tag/culture/)

### [culture war 8 Posts  ](https://libertarianchristians.com/tag/culture-war/)

### [Daryl Cooper 1 Post  ](https://libertarianchristians.com/tag/daryl-cooper/)

### [Dave Smith 2 Posts  ](https://libertarianchristians.com/tag/dave-smith/)

### [David Lipscomb 26 Posts  ](https://libertarianchristians.com/tag/david-lipscomb/)

### [debate 15 Posts  ](https://libertarianchristians.com/tag/debate/)

### [decentralization 2 Posts  ](https://libertarianchristians.com/tag/decentralization/)

### [deep state 1 Post  ](https://libertarianchristians.com/tag/deep-state/)

### [democracy 14 Posts  ](https://libertarianchristians.com/tag/democracy/)

### [democratic socialism 8 Posts  ](https://libertarianchristians.com/tag/democratic-socialism/)

### [democrats 9 Posts  ](https://libertarianchristians.com/tag/democrats/)

### [Doctrine of Hell 1 Post  ](https://libertarianchristians.com/tag/doctrine-of-hell/)

### [DOGE 1 Post  ](https://libertarianchristians.com/tag/doge/)

### [Donald Trump 34 Posts  ](https://libertarianchristians.com/tag/donald-trump/)

### [Douglas Murray 1 Post  ](https://libertarianchristians.com/tag/douglas-murray/)

### [drug policy 1 Post  ](https://libertarianchristians.com/tag/drug-policy/)

### [Due process 1 Post  ](https://libertarianchristians.com/tag/due-process/)

### [easter 1 Post  ](https://libertarianchristians.com/tag/easter/)

### [economic intervention 21 Posts  ](https://libertarianchristians.com/tag/economic-intervention/)

### [economics 198 Posts  ](https://libertarianchristians.com/tag/economics/)

### [Edmund Opitz 53 Posts  ](https://libertarianchristians.com/tag/edmund-opitz/)

### [education 27 Posts  ](https://libertarianchristians.com/tag/education/)

### [elections 24 Posts  ](https://libertarianchristians.com/tag/elections/)

### [Elon Musk 13 Posts  ](https://libertarianchristians.com/tag/elon-musk/)

### [empire 12 Posts  ](https://libertarianchristians.com/tag/empire/)

### [empire and war 1 Post  ](https://libertarianchristians.com/tag/empire-and-war/)

### [end times 2 Posts  ](https://libertarianchristians.com/tag/end-times/)

### [entrepreneurship 12 Posts  ](https://libertarianchristians.com/tag/entrepreneurship/)

### [environment 11 Posts  ](https://libertarianchristians.com/tag/environment/)

### [equality 10 Posts  ](https://libertarianchristians.com/tag/equality/)

### [eschatology 4 Posts  ](https://libertarianchristians.com/tag/eschatology/)

### [ethics 115 Posts  ](https://libertarianchristians.com/tag/ethics/)

### [Evangelicalism 12 Posts  ](https://libertarianchristians.com/tag/evangelicalism/)

### [faith 10 Posts  ](https://libertarianchristians.com/tag/faith/)

### [FAQ 13 Posts  ](https://libertarianchristians.com/tag/faq/)

### [Federal Reserve 10 Posts  ](https://libertarianchristians.com/tag/federal-reserve/)

### [foreign policy 32 Posts  ](https://libertarianchristians.com/tag/foreign-policy/)

### [fourteenth amendment 1 Post  ](https://libertarianchristians.com/tag/fourteenth-amendment/)

### [free market 117 Posts  ](https://libertarianchristians.com/tag/free-market/)

### [free society 91 Posts  ](https://libertarianchristians.com/tag/free-society/)

### [free speech 16 Posts  ](https://libertarianchristians.com/tag/free-speech/)

### [free trade 6 Posts  ](https://libertarianchristians.com/tag/free-trade/)

### [freedom 88 Posts  ](https://libertarianchristians.com/tag/freedom/)

### [Freedom Fest 1 Post  ](https://libertarianchristians.com/tag/freedom-fest/)

### [freedom of speech 2 Posts  ](https://libertarianchristians.com/tag/freedom-of-speech/)

### [FSF Behind the Scenes 13 Posts  ](https://libertarianchristians.com/tag/fsf-behind-the-scenes/)

### [fun 9 Posts  ](https://libertarianchristians.com/tag/fun/)

### [Galatians 3 1 Post  ](https://libertarianchristians.com/tag/galatians-3/)

### [gay marriage 12 Posts  ](https://libertarianchristians.com/tag/gay-marriage/)

### [Gaza 4 Posts  ](https://libertarianchristians.com/tag/gaza/)

### [George Bush 25 Posts  ](https://libertarianchristians.com/tag/bush/)

### [Glen Greenwald 1 Post  ](https://libertarianchristians.com/tag/glen-greenwald/)

### [Glenn Greenwald 1 Post  ](https://libertarianchristians.com/tag/glenn-greenwald/)

### [gospel 13 Posts  ](https://libertarianchristians.com/tag/gospel/)

### [government 91 Posts  ](https://libertarianchristians.com/tag/government/)

### [greed 10 Posts  ](https://libertarianchristians.com/tag/greed/)

### [Gun Control 21 Posts  ](https://libertarianchristians.com/tag/gun-control/)

### [Hamas 1 Post  ](https://libertarianchristians.com/tag/hamas/)

### [Hans Herman Hoppe 1 Post  ](https://libertarianchristians.com/tag/hans-herman-hoppe/)

### [harm reduction 1 Post  ](https://libertarianchristians.com/tag/harm-reduction/)

### [health care 11 Posts  ](https://libertarianchristians.com/tag/health-care/)

### [health issues 15 Posts  ](https://libertarianchristians.com/tag/health/)

### [Hebrews 11 1 Post  ](https://libertarianchristians.com/tag/hebrews-11/)

### [hermeneutics 1 Post  ](https://libertarianchristians.com/tag/hermeneutics/)

### [history 71 Posts  ](https://libertarianchristians.com/tag/history/)

### [Homeschool 1 Post  ](https://libertarianchristians.com/tag/homeschool/)

### [homeschooling 10 Posts  ](https://libertarianchristians.com/tag/homeschooling/)

### [homosexuality 13 Posts  ](https://libertarianchristians.com/tag/homosexuality/)

### [Hoppe 1 Post  ](https://libertarianchristians.com/tag/hoppe/)

### [human action 8 Posts  ](https://libertarianchristians.com/tag/human-action/)

### [human flourishing 11 Posts  ](https://libertarianchristians.com/tag/human-flourishing/)

### [humor 31 Posts  ](https://libertarianchristians.com/tag/humor/)

### [Identity Politics 2 Posts  ](https://libertarianchristians.com/tag/identity-politics/)

### [immigration 33 Posts  ](https://libertarianchristians.com/tag/immigration/)

### [individual liberty 24 Posts  ](https://libertarianchristians.com/tag/individual-liberty/)

### [individualism 24 Posts  ](https://libertarianchristians.com/tag/individualism/)

### [inequality 6 Posts  ](https://libertarianchristians.com/tag/inequality/)

### [inflation 12 Posts  ](https://libertarianchristians.com/tag/inflation/)

### [Intellectual Potpourri 42 Posts  ](https://libertarianchristians.com/tag/intellectual-potpourri/)

### [intellectual property 16 Posts  ](https://libertarianchristians.com/tag/intellectual-property/)

### [interventionism 51 Posts  ](https://libertarianchristians.com/tag/interventionism/)

### [interviews 12 Posts  ](https://libertarianchristians.com/tag/interviews/)

### [invisible hand 1 Post  ](https://libertarianchristians.com/tag/invisible-hand/)

### [Iran 2 Posts  ](https://libertarianchristians.com/tag/iran/)

### [Iran Israel Relations 1 Post  ](https://libertarianchristians.com/tag/iran-israel-relations/)

### [Iraq 18 Posts  ](https://libertarianchristians.com/tag/iraq/)

### [Islamism and the West 1 Post  ](https://libertarianchristians.com/tag/islamism-and-the-west/)

### [Israel 25 Posts  ](https://libertarianchristians.com/tag/israel/)

### [Israel Palestine Conflict 1 Post  ](https://libertarianchristians.com/tag/israel-palestine-conflict/)

### [Jacques Ellul 9 Posts  ](https://libertarianchristians.com/tag/jacques-ellul/)

### [James Lindsay 1 Post  ](https://libertarianchristians.com/tag/james-lindsay/)

### [Jeff Deist 1 Post  ](https://libertarianchristians.com/tag/jeff-deist/)

### [Jesus 51 Posts  ](https://libertarianchristians.com/tag/jesus/)

### [jobs 12 Posts  ](https://libertarianchristians.com/tag/jobs/)

### [Joe Biden 15 Posts  ](https://libertarianchristians.com/tag/joe-biden/)

### [Jordan Peterson 1 Post  ](https://libertarianchristians.com/tag/jordan-peterson/)

### [journalism 11 Posts  ](https://libertarianchristians.com/tag/journalism/)

### [just war theory 10 Posts  ](https://libertarianchristians.com/tag/just-war-theory/)

### [justice 26 Posts  ](https://libertarianchristians.com/tag/justice/)

### [Kingdom of God 28 Posts  ](https://libertarianchristians.com/tag/kingdom-of-god/)

### [labor 9 Posts  ](https://libertarianchristians.com/tag/labor/)

### [Laurence Vance 11 Posts  ](https://libertarianchristians.com/tag/laurence-vance/)

### [law 66 Posts  ](https://libertarianchristians.com/tag/law/)

### [LCC 31 Posts  ](https://libertarianchristians.com/tag/lcc/)

### [left anarchism 1 Post  ](https://libertarianchristians.com/tag/left-anarchism/)

### [legal plunder 22 Posts  ](https://libertarianchristians.com/tag/legal-plunder/)

### [legislation 28 Posts  ](https://libertarianchristians.com/tag/legislation/)

### [LGBTQ 12 Posts  ](https://libertarianchristians.com/tag/lgbt/)

### [liberalism 16 Posts  ](https://libertarianchristians.com/tag/liberalism/)

### [Libertarian Christian Core Values 6 Posts  ](https://libertarianchristians.com/tag/libertarian-christian-core-values/)

### [Libertarian Christian Roundtable 27 Posts  ](https://libertarianchristians.com/tag/libertarian-christian-roundtable/)

### [libertarian Christianity 1 Post  ](https://libertarianchristians.com/tag/libertarian-christianity/)

### [libertarian longhorns 8 Posts  ](https://libertarianchristians.com/tag/libertarian-longhorns/)

### [Libertarian Party 24 Posts  ](https://libertarianchristians.com/tag/libertarian-party/)

### [libertarian societies 1 Post  ](https://libertarianchristians.com/tag/libertarian-societies/)

### [liberty 130 Posts  ](https://libertarianchristians.com/tag/liberty/)

### [limited government 10 Posts  ](https://libertarianchristians.com/tag/limited-government/)

### [literature 8 Posts  ](https://libertarianchristians.com/tag/literature/)

### [Localism 1 Post  ](https://libertarianchristians.com/tag/localism/)

### [lp 1 Post  ](https://libertarianchristians.com/tag/lp/)

### [Ludwig von Mises 9 Posts  ](https://libertarianchristians.com/tag/ludwig-von-mises/)

### [MAGA 2 Posts  ](https://libertarianchristians.com/tag/maga/)

### [MAHA 2 Posts  ](https://libertarianchristians.com/tag/maha/)

### [marijuana 7 Posts  ](https://libertarianchristians.com/tag/marijuana/)

### [markets 11 Posts  ](https://libertarianchristians.com/tag/markets/)

### [marriage 18 Posts  ](https://libertarianchristians.com/tag/marriage/)

### [Marxism 10 Posts  ](https://libertarianchristians.com/tag/marxism/)

### [Media 14 Posts  ](https://libertarianchristians.com/tag/media/)

### [memes 27 Posts  ](https://libertarianchristians.com/tag/memes/)

### [Middle East History 1 Post  ](https://libertarianchristians.com/tag/middle-east-history/)

### [military 13 Posts  ](https://libertarianchristians.com/tag/military/)

### [mimetic theory 26 Posts  ](https://libertarianchristians.com/tag/mimetic-theory/)

### [minarchism 9 Posts  ](https://libertarianchristians.com/tag/minarchism/)

### [Mises 1 Post  ](https://libertarianchristians.com/tag/mises/)

### [mises caucus 2 Posts  ](https://libertarianchristians.com/tag/mises-caucus/)

### [Mises Institute 14 Posts  ](https://libertarianchristians.com/tag/mises-institute/)

### [monetary policy 9 Posts  ](https://libertarianchristians.com/tag/monetary-policy/)

### [money 25 Posts  ](https://libertarianchristians.com/tag/money/)

### [moral foreign policy 1 Post  ](https://libertarianchristians.com/tag/moral-foreign-policy/)

### [moral law 21 Posts  ](https://libertarianchristians.com/tag/moral-law/)

### [morality 65 Posts  ](https://libertarianchristians.com/tag/morality/)

### [movies 11 Posts  ](https://libertarianchristians.com/tag/movies/)

### [murder 9 Posts  ](https://libertarianchristians.com/tag/murder/)

### [Murray Rothbard 23 Posts  ](https://libertarianchristians.com/tag/murray-rothbard/)

### [Mutualism 1 Post  ](https://libertarianchristians.com/tag/mutualism/)

### [NAP 20 Posts  ](https://libertarianchristians.com/tag/nap/)

### [national debt 7 Posts  ](https://libertarianchristians.com/tag/national-debt/)

### [nationalism 45 Posts  ](https://libertarianchristians.com/tag/nationalism/)

### [nationalism and faith 1 Post  ](https://libertarianchristians.com/tag/nationalism-and-faith/)

### [natural law 13 Posts  ](https://libertarianchristians.com/tag/natural-law/)

### [nature of the state 28 Posts  ](https://libertarianchristians.com/tag/nature-of-the-state/)

### [new right 1 Post  ](https://libertarianchristians.com/tag/new-right/)

### [New Testament 13 Posts  ](https://libertarianchristians.com/tag/new-testament/)

### [News 25 Posts  ](https://libertarianchristians.com/tag/news/)

### [News of the Week 30 Posts  ](https://libertarianchristians.com/tag/news-of-the-week/)

### [non-violence 25 Posts  ](https://libertarianchristians.com/tag/non-violence/)

### [nonviolence 8 Posts  ](https://libertarianchristians.com/tag/nonviolence/)

### [Norman Horn 18 Posts  ](https://libertarianchristians.com/tag/norman-horn/)

### [Objectivism 11 Posts  ](https://libertarianchristians.com/tag/objectivism/)

### [Old Testament 17 Posts  ](https://libertarianchristians.com/tag/old-testament/)

### [open borders 9 Posts  ](https://libertarianchristians.com/tag/open-borders/)

### [Orthodoxy 1 Post  ](https://libertarianchristians.com/tag/orthodoxy/)

### [pacifism 43 Posts  ](https://libertarianchristians.com/tag/pacifism/)

### [Palestinians 1 Post  ](https://libertarianchristians.com/tag/palestinians/)

### [palm sunday 1 Post  ](https://libertarianchristians.com/tag/palm-sunday/)

### [pandemic 7 Posts  ](https://libertarianchristians.com/tag/pandemic/)

### [partisanship 1 Post  ](https://libertarianchristians.com/tag/partisanship/)

### [patriotism 20 Posts  ](https://libertarianchristians.com/tag/patriotism/)

### [peace 62 Posts  ](https://libertarianchristians.com/tag/peace/)

### [Peaceful Parenting 1 Post  ](https://libertarianchristians.com/tag/peaceful-parenting/)

### [peacemaking 1 Post  ](https://libertarianchristians.com/tag/peacemaking/)

### [police state 6 Posts  ](https://libertarianchristians.com/tag/police-state/)

### [political theology 23 Posts  ](https://libertarianchristians.com/tag/political-theology/)

### [political theory 11 Posts  ](https://libertarianchristians.com/tag/political-theory/)

### [politicians 43 Posts  ](https://libertarianchristians.com/tag/politicians/)

### [politics 120 Posts  ](https://libertarianchristians.com/tag/politics/)

### [pop culture 1 Post  ](https://libertarianchristians.com/tag/pop-culture/)

### [poverty 25 Posts  ](https://libertarianchristians.com/tag/poverty/)

### [PRESIDENTIAL ELECTION 1 Post  ](https://libertarianchristians.com/tag/presidential-election/)

### [privacy 9 Posts  ](https://libertarianchristians.com/tag/privacy/)

### [private law 1 Post  ](https://libertarianchristians.com/tag/private-law/)

### [private property 18 Posts  ](https://libertarianchristians.com/tag/private-property/)

### [privatization 6 Posts  ](https://libertarianchristians.com/tag/privatization/)

### [prodigal son 1 Post  ](https://libertarianchristians.com/tag/prodigal-son/)

### [productivity 10 Posts  ](https://libertarianchristians.com/tag/productivity/)

### [progressivism 26 Posts  ](https://libertarianchristians.com/tag/progressivism/)

### [prohibition 10 Posts  ](https://libertarianchristians.com/tag/prohibition/)

### [property rights 35 Posts  ](https://libertarianchristians.com/tag/property-rights/)

### [Property Rights and Libertarianism 1 Post  ](https://libertarianchristians.com/tag/property-rights-and-libertarianism/)

### [Protestant 1 Post  ](https://libertarianchristians.com/tag/protestant/)

### [Protestant Reformation 1 Post  ](https://libertarianchristians.com/tag/protestant-reformation/)

### [Protestantism 2 Posts  ](https://libertarianchristians.com/tag/protestantism/)

### [Proudhon 1 Post  ](https://libertarianchristians.com/tag/proudhon/)

### [Public Jesus 9 Posts  ](https://libertarianchristians.com/tag/public-jesus/)

### [public policy 44 Posts  ](https://libertarianchristians.com/tag/public-policy/)

### [public schools 14 Posts  ](https://libertarianchristians.com/tag/public-schools/)

### [racism 15 Posts  ](https://libertarianchristians.com/tag/racism/)

### [recommended books 47 Posts  ](https://libertarianchristians.com/tag/recommended-books/)

### [Redeemed Zoomer 1 Post  ](https://libertarianchristians.com/tag/redeemed-zoomer/)

### [redistribution of wealth 14 Posts  ](https://libertarianchristians.com/tag/redistribution-of-wealth/)

### [Reformed theology 16 Posts  ](https://libertarianchristians.com/tag/reformed-theology/)

### [regulation 37 Posts  ](https://libertarianchristians.com/tag/regulation/)

### [religion 30 Posts  ](https://libertarianchristians.com/tag/religion/)

### [religious freedom 16 Posts  ](https://libertarianchristians.com/tag/religious-freedom/)

### [render to caesar 7 Posts  ](https://libertarianchristians.com/tag/render-to-caesar/)

### [render unto caesar 1 Post  ](https://libertarianchristians.com/tag/render-unto-caesar/)

### [Rene Girard 17 Posts  ](https://libertarianchristians.com/tag/rene-girard/)

### [republicans 13 Posts  ](https://libertarianchristians.com/tag/republicans/)

### [Rescue the Republic 1 Post  ](https://libertarianchristians.com/tag/rescue-the-republic/)

### [Revelation 5 Posts  ](https://libertarianchristians.com/tag/revelation/)

### [revolution 11 Posts  ](https://libertarianchristians.com/tag/revolution/)

### [rights 31 Posts  ](https://libertarianchristians.com/tag/rights/)

### [Roe v. Wade 12 Posts  ](https://libertarianchristians.com/tag/roe-v-wade/)

### [Romans 10 1 Post  ](https://libertarianchristians.com/tag/romans-10/)

### [Romans 11 1 Post  ](https://libertarianchristians.com/tag/romans-11/)

### [Romans 13 59 Posts  ](https://libertarianchristians.com/tag/romans-13/)

### [Romans 9 1 Post  ](https://libertarianchristians.com/tag/romans-9/)

### [Ron Paul 43 Posts  ](https://libertarianchristians.com/tag/ron-paul/)

### [ross ulbricht 2 Posts  ](https://libertarianchristians.com/tag/ross-ulbricht/)

### [Rothbard 2 Posts  ](https://libertarianchristians.com/tag/rothbard/)

### [Russell Brand 1 Post  ](https://libertarianchristians.com/tag/russell-brand/)

### [Russia 13 Posts  ](https://libertarianchristians.com/tag/russia/)

### [science 34 Posts  ](https://libertarianchristians.com/tag/science/)

### [scott horton 1 Post  ](https://libertarianchristians.com/tag/scott-horton/)

### [second amendment 8 Posts  ](https://libertarianchristians.com/tag/second-amendment/)

### [self-defense 20 Posts  ](https://libertarianchristians.com/tag/self-defense/)

### [self-interest 12 Posts  ](https://libertarianchristians.com/tag/self-interest/)

### [self-ownership 22 Posts  ](https://libertarianchristians.com/tag/self-ownership/)

### [separation of church and state 7 Posts  ](https://libertarianchristians.com/tag/separation-of-church-and-state/)

### [slavery 10 Posts  ](https://libertarianchristians.com/tag/slavery/)

### [social gospel 9 Posts  ](https://libertarianchristians.com/tag/social-gospel/)

### [social issues 14 Posts  ](https://libertarianchristians.com/tag/social-issues/)

### [social justice 35 Posts  ](https://libertarianchristians.com/tag/social-justice/)

### [social security 6 Posts  ](https://libertarianchristians.com/tag/social-security/)

### [socialism 47 Posts  ](https://libertarianchristians.com/tag/socialism/)

### [socialized health care 12 Posts  ](https://libertarianchristians.com/tag/socialized-healthcare/)

### [society 64 Posts  ](https://libertarianchristians.com/tag/society/)

### [sphere sovereignty 1 Post  ](https://libertarianchristians.com/tag/sphere-sovereignty/)

### [spike cohen 2 Posts  ](https://libertarianchristians.com/tag/spike-cohen/)

### [statism 119 Posts  ](https://libertarianchristians.com/tag/statism/)

### [statolatry 41 Posts  ](https://libertarianchristians.com/tag/statolatry/)

### [submission 10 Posts  ](https://libertarianchristians.com/tag/submission/)

### [Supreme Court 12 Posts  ](https://libertarianchristians.com/tag/supreme-court/)

### [Systematic Theology 1 Post  ](https://libertarianchristians.com/tag/systematic-theology/)

### [Tariffs 1 Post  ](https://libertarianchristians.com/tag/tariffs/)

### [taxation 55 Posts  ](https://libertarianchristians.com/tag/taxation/)

### [taxation is theft 17 Posts  ](https://libertarianchristians.com/tag/taxation-is-theft/)

### [technology 11 Posts  ](https://libertarianchristians.com/tag/technology/)

### [Texas 18 Posts  ](https://libertarianchristians.com/tag/texas/)

### [The Constitution 43 Posts  ](https://libertarianchristians.com/tag/the-constitution/)

### [The Crucible 1 Post  ](https://libertarianchristians.com/tag/the-crucible/)

### [the market economy 22 Posts  ](https://libertarianchristians.com/tag/the-market-economy/)

### [The Middle East 21 Posts  ](https://libertarianchristians.com/tag/middle-east/)

### [The State 85 Posts  ](https://libertarianchristians.com/tag/the-state/)

### [theocracy 2 Posts  ](https://libertarianchristians.com/tag/theocracy/)

### [theology 56 Posts  ](https://libertarianchristians.com/tag/theology/)

### [theonomy 10 Posts  ](https://libertarianchristians.com/tag/theonomy/)

### [Thomas Massie 1 Post  ](https://libertarianchristians.com/tag/thomas-massie/)

### [Tim Suttle 11 Posts  ](https://libertarianchristians.com/tag/tim-suttle/)

### [Tom Woods 13 Posts  ](https://libertarianchristians.com/tag/tom-woods/)

### [torture 7 Posts  ](https://libertarianchristians.com/tag/torture/)

### [trade 10 Posts  ](https://libertarianchristians.com/tag/trade/)

### [trump 1 Post  ](https://libertarianchristians.com/tag/trump/)

### [TSA 21 Posts  ](https://libertarianchristians.com/tag/tsa/)

### [tyranny 19 Posts  ](https://libertarianchristians.com/tag/tyranny/)

### [U.S. interventions 1 Post  ](https://libertarianchristians.com/tag/u-s-interventions/)

### [ukraine 3 Posts  ](https://libertarianchristians.com/tag/ukraine/)

### [vaccines 10 Posts  ](https://libertarianchristians.com/tag/vaccines/)

### [video 33 Posts  ](https://libertarianchristians.com/tag/video/)

### [violence 103 Posts  ](https://libertarianchristians.com/tag/violence/)

### [voluntaryism 1 Post  ](https://libertarianchristians.com/tag/voluntaryism/)

### [voting 22 Posts  ](https://libertarianchristians.com/tag/voting/)

### [war 177 Posts  ](https://libertarianchristians.com/tag/war/)

### [war on drugs 40 Posts  ](https://libertarianchristians.com/tag/war-on-drugs/)

### [wealth 20 Posts  ](https://libertarianchristians.com/tag/wealth/)

### [wealth inequality 6 Posts  ](https://libertarianchristians.com/tag/wealth-inequality/)

### [wealth perspective 16 Posts  ](https://libertarianchristians.com/tag/wealth-perspective/)

### [welfare 9 Posts  ](https://libertarianchristians.com/tag/welfare/)

### [welfare state 10 Posts  ](https://libertarianchristians.com/tag/welfare-state/)

### [Winston Churchill 1 Post  ](https://libertarianchristians.com/tag/winston-churchill/)

### [woke 7 Posts  ](https://libertarianchristians.com/tag/woke/)

### [Woke Right 1 Post  ](https://libertarianchristians.com/tag/woke-right/)

### [work 6 Posts  ](https://libertarianchristians.com/tag/work/)

### [World War 2 1 Post  ](https://libertarianchristians.com/tag/world-war-2/)

### [world war 3 1 Post  ](https://libertarianchristians.com/tag/world-war-3/)

### [worldview 21 Posts  ](https://libertarianchristians.com/tag/worldview/)

### [Yemen 1 Post  ](https://libertarianchristians.com/tag/yemen/)

### [You Are The Power 1 Post  ](https://libertarianchristians.com/tag/you-are-the-power/)

### [Zechariah 14 2 Posts  ](https://libertarianchristians.com/tag/zechariah-14/)

### [zionism 4 Posts  ](https://libertarianchristians.com/tag/zionism/)

### [Zionism Debate 1 Post  ](https://libertarianchristians.com/tag/zionism-debate/)",https://libertarianchristians.com/topics/
14285,2019-06-11T15:09:25,Patriotism,Doug Stuart,"# Patriotism

### ""God and Country"" Christians are proud of their country. Should they be?

Patriotism is complicated for a variety of reasons, so it is important for Christian libertarians to know their stuff when it comes to how Christians should relate to the state. 

## Articles

[ ](https://libertarianchristians.com/2021/07/04/weekend-july-4-ct/ ""Weekend Insights – America’s True Freedom?"")

[President's Blog](https://libertarianchristians.com/category/presidents-blog/)

###  [Weekend Insights - America's True Freedom?](https://libertarianchristians.com/2021/07/04/weekend-july-4-ct/)

[Dr. Norman Horn](https://libertarianchristians.com/author/dr-norman-horn/ ""Posts by Dr. Norman Horn"") July 4, 2021 

Welcome back to Weekend Insights, your LCI ""President's Corner"" of miscellaneous articles, events, books, vids, and whatever else I'm thinking ...

[ Read More  ](https://libertarianchristians.com/2021/07/04/weekend-july-4-ct/ ""Weekend Insights – America’s True Freedom?"")

[ ](https://libertarianchristians.com/2021/07/03/can-christians-serve-two-masters/ ""Can Christians Serve Two Masters?"")

[Christian Worldview](https://libertarianchristians.com/category/christian-worldview/)

###  [Can Christians Serve Two Masters?](https://libertarianchristians.com/2021/07/03/can-christians-serve-two-masters/)

[Laurence Vance](https://libertarianchristians.com/author/laurence/ ""Posts by Laurence Vance"") July 3, 2021 

“No man can serve two masters” (Matthew 6:24). The fine print at the bottom of the website where I signed ...

[ Read More  ](https://libertarianchristians.com/2021/07/03/can-christians-serve-two-masters/ ""Can Christians Serve Two Masters?"")

[ ](https://libertarianchristians.com/2021/07/02/when-christians-love-political-power-more-than-people/ ""When Christians Love Political Power More Than People"")

[Christian Worldview](https://libertarianchristians.com/category/christian-worldview/)

###  [When Christians Love Political Power More Than People](https://libertarianchristians.com/2021/07/02/when-christians-love-political-power-more-than-people/)

[Doug Stuart](https://libertarianchristians.com/author/dougstuart/ ""Posts by Doug Stuart"") July 2, 2021 

… the devil took him to the peak of a very high mountain and showed him all the kingdoms of ...

[ Read More  ](https://libertarianchristians.com/2021/07/02/when-christians-love-political-power-more-than-people/ ""When Christians Love Political Power More Than People"")

[ ](https://libertarianchristians.com/2021/05/26/is-jesus-killing-america-no-jesus-is-life/ ""Is Jesus killing America? No, Jesus is life."")

[Christian Worldview](https://libertarianchristians.com/category/christian-worldview/)

###  [Is Jesus killing America? No, Jesus is life.](https://libertarianchristians.com/2021/05/26/is-jesus-killing-america-no-jesus-is-life/)

[Jacob Kim](https://libertarianchristians.com/author/jacobkim/ ""Posts by Jacob Kim"") May 26, 2021 

Calling them to Himself, Jesus said to them, “You know that those who are recognized as rulers of the Gentiles ...

[ Read More  ](https://libertarianchristians.com/2021/05/26/is-jesus-killing-america-no-jesus-is-life/ ""Is Jesus killing America? No, Jesus is life."")

[ ](https://libertarianchristians.com/2020/11/17/christian-america-is-dead/ ""“Christian America” Is Dead. Where Does Our Hope Come From?"")

[Culture](https://libertarianchristians.com/category/culture/)

###  [""Christian America"" Is Dead. Where Does Our Hope Come From?](https://libertarianchristians.com/2020/11/17/christian-america-is-dead/)

[Austin Rogers](https://libertarianchristians.com/author/austinrogers/ ""Posts by Austin Rogers"") November 17, 2020 

When it comes to the contemporary political and cultural landscape, I believe a large segment of American Christians feel completely ...

[ Read More  ](https://libertarianchristians.com/2020/11/17/christian-america-is-dead/ ""“Christian America” Is Dead. Where Does Our Hope Come From?"")

[ ](https://libertarianchristians.com/2020/09/30/can-a-christian-join-the-military/ ""Can a Christian Join the Military?"")

[War and Peace](https://libertarianchristians.com/category/war-and-peace/)

###  [Can a Christian Join the Military?](https://libertarianchristians.com/2020/09/30/can-a-christian-join-the-military/)

[Guest Contributor](https://libertarianchristians.com/author/guest-contributor/ ""Posts by Guest Contributor"") September 30, 2020 

This guest post is by Steve Wilder. Steve is an electrical engineer and homeschooling father of four. There are three ...

[ Read More  ](https://libertarianchristians.com/2020/09/30/can-a-christian-join-the-military/ ""Can a Christian Join the Military?"")

1 [2](https://libertarianchristians.com/wp-json/wp/v2/pages/page/2/?per_page=100&page=1&_embed=True) [3](https://libertarianchristians.com/wp-json/wp/v2/pages/page/3/?per_page=100&page=1&_embed=True) [Next »](https://libertarianchristians.com/wp-json/wp/v2/pages/page/2/?per_page=100&page=1&_embed=True)

## Podcast Episodes

[ ](https://libertarianchristians.com/episode/ep-207-religion-in-modern-america/ ""Ep 207: Religion in Modern America"")

[Podcast](https://libertarianchristians.com/category/podcast/)

###  [Ep 207: Religion in Modern America](https://libertarianchristians.com/episode/ep-207-religion-in-modern-america/)

[Alex Bernardo](https://libertarianchristians.com/author/alexbernardo/ ""Posts by Alex Bernardo"") June 24, 2025 

In this episode I review a recent ZeroHedge article that discusses the shifting religious landscape of the United States. While ...

[ Listen Now  ](https://libertarianchristians.com/episode/ep-207-religion-in-modern-america/ ""Ep 207: Religion in Modern America"")

[ ](https://libertarianchristians.com/episode/biblical-interpretation-libertarianism-and-the-dangers-of-christian-nationalism-with-matt-whitman/ ""Ep 332: Biblical Interpretation, Libertarianism, and the Dangers of Christian Nationalism, with Matt Whitman"")

[Podcast](https://libertarianchristians.com/category/podcast/)

###  [Ep 332: Biblical Interpretation, Libertarianism, and the Dangers of Christian Nationalism, with Matt Whitman](https://libertarianchristians.com/episode/biblical-interpretation-libertarianism-and-the-dangers-of-christian-nationalism-with-matt-whitman/)

[LCI Staff](https://libertarianchristians.com/author/lci-staff/ ""Posts by LCI Staff"") June 23, 2023 

Biblical Interpretation, Libertarianism, and the Dangers of Christian Nationalism, with Matt Whitman In this episode of the Libertarian Christian Podcast, ...

[ Listen Now  ](https://libertarianchristians.com/episode/biblical-interpretation-libertarianism-and-the-dangers-of-christian-nationalism-with-matt-whitman/ ""Ep 332: Biblical Interpretation, Libertarianism, and the Dangers of Christian Nationalism, with Matt Whitman"")

[ ](https://libertarianchristians.com/episode/ep-65-the-statement-on-christian-nationalism-and-the-gospel-with-cody-cook/ ""Ep. 65 | ‘The Statement on Christian Nationalism and the Gospel’ with Cody Cook"")

[Podcast](https://libertarianchristians.com/category/podcast/)

###  [Ep. 65 | ‘The Statement on Christian Nationalism and the Gospel’ with Cody Cook](https://libertarianchristians.com/episode/ep-65-the-statement-on-christian-nationalism-and-the-gospel-with-cody-cook/)

[Alex Bernardo](https://libertarianchristians.com/author/alexbernardo/ ""Posts by Alex Bernardo"") June 20, 2023 

Ep. 65 | ‘The Statement on Christian Nationalism and the Gospel’ with Cody Cook In this episode, Cody Cook and ...

[ Listen Now  ](https://libertarianchristians.com/episode/ep-65-the-statement-on-christian-nationalism-and-the-gospel-with-cody-cook/ ""Ep. 65 | ‘The Statement on Christian Nationalism and the Gospel’ with Cody Cook"")

[ ](https://libertarianchristians.com/episode/dad-saves-america-john-papola/ ""Ep 264: Dad Saves America, with John Papola"")

[Podcast](https://libertarianchristians.com/category/podcast/)

###  [Ep 264: Dad Saves America, with John Papola](https://libertarianchristians.com/episode/dad-saves-america-john-papola/)

[Doug Stuart](https://libertarianchristians.com/author/dougstuart/ ""Posts by Doug Stuart"") March 4, 2022 

We were joined by filmmaker, entrepreneur, creator of the Hayek rap battles, and co-founder/CEO of Emergent Order, John Papola. He shared how the ...

[ Listen Now  ](https://libertarianchristians.com/episode/dad-saves-america-john-papola/ ""Ep 264: Dad Saves America, with John Papola"")

[ ](https://libertarianchristians.com/episode/nationalism-nation-state-patriotism/ ""Ep 229: What About Nationalism, the Nation State, & Patriotism?"")

[Podcast](https://libertarianchristians.com/category/podcast/)

###  [Ep 229: What About Nationalism, the Nation State, & Patriotism?](https://libertarianchristians.com/episode/nationalism-nation-state-patriotism/)

[Doug Stuart](https://libertarianchristians.com/author/dougstuart/ ""Posts by Doug Stuart"") June 29, 2021 

Join the co-authors of Faith Seeking Freedom to get a ""behind the scenes"" look at the the book's creation and ...

[ Listen Now  ](https://libertarianchristians.com/episode/nationalism-nation-state-patriotism/ ""Ep 229: What About Nationalism, the Nation State, & Patriotism?"")

[ ](https://libertarianchristians.com/episode/2020-year-of-fear/ ""Ep 203: Was 2020 the Year of Fear?"")

[Podcast](https://libertarianchristians.com/category/podcast/)

###  [Ep 203: Was 2020 the Year of Fear?](https://libertarianchristians.com/episode/2020-year-of-fear/)

[Doug Stuart](https://libertarianchristians.com/author/dougstuart/ ""Posts by Doug Stuart"") December 29, 2020 

In the final episode of 2020, Norman, Matthew, and Kerry join Doug for an extended episode with a heartfelt discussion ...

[ Listen Now  ](https://libertarianchristians.com/episode/2020-year-of-fear/ ""Ep 203: Was 2020 the Year of Fear?"")

1 [2](https://libertarianchristians.com/wp-json/wp/v2/pages/page/2/?per_page=100&page=1&_embed=True) [Next »](https://libertarianchristians.com/wp-json/wp/v2/pages/page/2/?per_page=100&page=1&_embed=True)

## Podcast Episodes

[ ](https://libertarianchristians.com/episode/biblical-interpretation-libertarianism-and-the-dangers-of-christian-nationalism-with-matt-whitman/)

###  [ Ep 332: Biblical Interpretation, Libertarianism, and the Dangers of Christian Nationalism, with Matt Whitman ](https://libertarianchristians.com/episode/biblical-interpretation-libertarianism-and-the-dangers-of-christian-nationalism-with-matt-whitman/)

June 23, 2023 

Biblical Interpretation, Libertarianism, and the Dangers of Christian Nationalism, with Matt Whitman In this episode of the Libertarian Christian Podcast, our guest is Matt Whitman,

[ Read More » ](https://libertarianchristians.com/episode/biblical-interpretation-libertarianism-and-the-dangers-of-christian-nationalism-with-matt-whitman/)

[ ](https://libertarianchristians.com/episode/ep-65-the-statement-on-christian-nationalism-and-the-gospel-with-cody-cook/)

###  [ Ep. 65 | ‘The Statement on Christian Nationalism and the Gospel’ with Cody Cook ](https://libertarianchristians.com/episode/ep-65-the-statement-on-christian-nationalism-and-the-gospel-with-cody-cook/)

June 20, 2023 

Ep. 65 | ‘The Statement on Christian Nationalism and the Gospel’ with Cody Cook In this episode, Cody Cook and I discuss The Statement on

[ Read More » ](https://libertarianchristians.com/episode/ep-65-the-statement-on-christian-nationalism-and-the-gospel-with-cody-cook/)

[ ](https://libertarianchristians.com/episode/nationalism-nation-state-patriotism/)

###  [ Ep 229: What About Nationalism, the Nation State, & Patriotism? ](https://libertarianchristians.com/episode/nationalism-nation-state-patriotism/)

June 29, 2021 

Join the co-authors of Faith Seeking Freedom to get a ""behind the scenes"" look at the the book's creation and the content of Chapter 8:

[ Read More » ](https://libertarianchristians.com/episode/nationalism-nation-state-patriotism/)

[ ](https://libertarianchristians.com/episode/2020-year-of-fear/)

###  [ Ep 203: Was 2020 the Year of Fear? ](https://libertarianchristians.com/episode/2020-year-of-fear/)

December 29, 2020 

In the final episode of 2020, Norman, Matthew, and Kerry join Doug for an extended episode with a heartfelt discussion about 2020. They reflect on

[ Read More » ](https://libertarianchristians.com/episode/2020-year-of-fear/)

[ ](https://libertarianchristians.com/episode/resisting-babel-john-mark-hicks/)

###  [ Ep 202: Resisting Babel, with John Mark Hicks ](https://libertarianchristians.com/episode/resisting-babel-john-mark-hicks/)

December 23, 2020 

In this episode, Doug and Norman talk Church history with Prof. John Mark Hicks of Lipscomb University. Dr. Hicks's recent book Resisting Babel discusses the

[ Read More » ](https://libertarianchristians.com/episode/resisting-babel-john-mark-hicks/)

[ ](https://libertarianchristians.com/episode/trains-jesus-murder-richard-beck/)

###  [ Ep 149: Trains, Jesus, & Murder, with Richard Beck ](https://libertarianchristians.com/episode/trains-jesus-murder-richard-beck/)

December 18, 2019 

Richard Beck joins us again to discuss his new book on Johnny Cash. Why was Johnny Cash so popular? How did he bring together gospel

[ Read More » ](https://libertarianchristians.com/episode/trains-jesus-murder-richard-beck/)

[ ](https://libertarianchristians.com/episode/libertarians-libertinism-taylor-barkley/)

###  [ Ep 39: Libertarians and Libertinism with Taylor Barkley ](https://libertarianchristians.com/episode/libertarians-libertinism-taylor-barkley/)

November 6, 2017 

The popular perception of libertarianism is often skewed. While those on the left tend to think of libertarians as greedy and self-absorbed with no concern

[ Read More » ](https://libertarianchristians.com/episode/libertarians-libertinism-taylor-barkley/)

[ ](https://libertarianchristians.com/episode/bible-portrayal-of-state-jason-hughey/)

###  [ Ep 38: The Bible's Portrayal of the State (with Jason Hughey) ](https://libertarianchristians.com/episode/bible-portrayal-of-state-jason-hughey/)

October 30, 2017 

What is the biblical portrayal of the state? The Libertarian Christian Institute frequently discusses this question; it has very important ramifications for how we think

[ Read More » ](https://libertarianchristians.com/episode/bible-portrayal-of-state-jason-hughey/)

[ ](https://libertarianchristians.com/episode/news-nick-norman/)

###  [ Ep 37: News with Nick & Norman ](https://libertarianchristians.com/episode/news-nick-norman/)

October 23, 2017 

Mass shootings, gun control Protest with a football North Korea, South Korea, Rajoy as Franco No, it’s not a new Billy Joel song; it’s a

[ Read More » ](https://libertarianchristians.com/episode/news-nick-norman/)

[ ](https://libertarianchristians.com/episode/for-god-or-country/)

###  [ Ep 11: For God or Country ](https://libertarianchristians.com/episode/for-god-or-country/)

April 24, 2017 

God & Country: for generations, it has been the refrain of 'respectable' Christianity for many Americans, but is it really a Christian concept? What about

[ Read More » ](https://libertarianchristians.com/episode/for-god-or-country/)",https://libertarianchristians.com/topics/patriotism/
32714,2019-06-11T15:06:01,Democratic Socialism,Doug Stuart,"# Libertarian Christian Perspectives

### Selected Content on Current Events

### Democratic Socialism

### Popularized by democratic candidates such as Bernie Sanders and Elizabeth Warren, this topic has become a national talking point. 

Whether it is endorsed by name or by ideology, democratic socialism and its platform has captured the attention of many, including Christians. Advocates of free market capitalism should be equipped with as much knowledge as possible on how to combat this pernicious ideology. 

## Articles

[ ](https://libertarianchristians.com/2022/09/19/oppressive-moralism-secular-political-fanatics/)

###  [ Oppressive Moralism of Secular Political Fanatics ](https://libertarianchristians.com/2022/09/19/oppressive-moralism-secular-political-fanatics/)

September 19, 2022 

There are loads of obsessives today: folks fixated on their phone, TV, sports, race, sex, etc. But the only ones labeled “fanatics” by secular media

[ Read More » ](https://libertarianchristians.com/2022/09/19/oppressive-moralism-secular-political-fanatics/)

[ ](https://libertarianchristians.com/2019/05/21/democratic-socialism-a-sit-down-with-the-nanny-state/)

###  [ Democratic Socialism: A Sit Down with the Nanny-State ](https://libertarianchristians.com/2019/05/21/democratic-socialism-a-sit-down-with-the-nanny-state/)

May 21, 2019 

Part I: Socialisms on a Spectrum ""Democratic socialism is a democracy in which the people control the economy and government, no group dominates any other,

[ Read More » ](https://libertarianchristians.com/2019/05/21/democratic-socialism-a-sit-down-with-the-nanny-state/)

[ ](https://libertarianchristians.com/2019/03/04/democratic-socialism-biblical-values/)

###  [ Does Democratic Socialism Promote Biblical Values? ](https://libertarianchristians.com/2019/03/04/democratic-socialism-biblical-values/)

March 4, 2019 

This is a guest post by Mike Maharrey, and was originally published on GodArchy.org An article by Obery M. Hendricks Jr. published at Sojourners touted the

[ Read More » ](https://libertarianchristians.com/2019/03/04/democratic-socialism-biblical-values/)

## Podcast Episodes",https://libertarianchristians.com/topics/democraticsocialism-2/
14255,2019-06-11T15:06:01,Democratic Socialism,Doug Stuart,"# Democratic Socialism

### Popularized by democratic candidates such as Bernie Sanders and Elizabeth Warren, this topic has become a national talking point.

Whether it is endorsed by name or by ideology, democratic socialism and its platform has captured the attention of many, including Christians. Advocates of free market capitalism should be equipped with as much knowledge as possible on how to combat this pernicious ideology. 

## Articles

[ ](https://libertarianchristians.com/2022/09/19/oppressive-moralism-secular-political-fanatics/ ""Oppressive Moralism of Secular Political Fanatics"")

[Culture](https://libertarianchristians.com/category/culture/)

###  [Oppressive Moralism of Secular Political Fanatics](https://libertarianchristians.com/2022/09/19/oppressive-moralism-secular-political-fanatics/)

[Dr. Douglas Young](https://libertarianchristians.com/author/douglasyoung/ ""Posts by Dr. Douglas Young"") September 19, 2022 

There are loads of obsessives today: folks fixated on their phone, TV, sports, race, sex, etc. But the only ones ...

[ Read More  ](https://libertarianchristians.com/2022/09/19/oppressive-moralism-secular-political-fanatics/ ""Oppressive Moralism of Secular Political Fanatics"")

[ ](https://libertarianchristians.com/2019/05/21/democratic-socialism-a-sit-down-with-the-nanny-state/ ""Democratic Socialism: A Sit Down with the Nanny-State"")

[Economics](https://libertarianchristians.com/category/economics/)

###  [Democratic Socialism: A Sit Down with the Nanny-State](https://libertarianchristians.com/2019/05/21/democratic-socialism-a-sit-down-with-the-nanny-state/)

[Dr. Jamin Andreas Hübner](https://libertarianchristians.com/author/dr-jamin-hubner/ ""Posts by Dr. Jamin Andreas Hübner"") May 21, 2019 

Part I: Socialisms on a Spectrum ""Democratic socialism is a democracy in which the people control the economy and government, ...

[ Read More  ](https://libertarianchristians.com/2019/05/21/democratic-socialism-a-sit-down-with-the-nanny-state/ ""Democratic Socialism: A Sit Down with the Nanny-State"")

[ ](https://libertarianchristians.com/2019/03/04/democratic-socialism-biblical-values/ ""Does Democratic Socialism Promote Biblical Values?"")

[Libertarianism](https://libertarianchristians.com/category/libertarianism/)

###  [Does Democratic Socialism Promote Biblical Values?](https://libertarianchristians.com/2019/03/04/democratic-socialism-biblical-values/)

[Michael Mike Maharrey](https://libertarianchristians.com/author/michael-mike-maharrey/ ""Posts by Michael Mike Maharrey"") March 4, 2019 

This is a guest post by Mike Maharrey, and was originally published on GodArchy.org An article by Obery M. Hendricks ...

[ Read More  ](https://libertarianchristians.com/2019/03/04/democratic-socialism-biblical-values/ ""Does Democratic Socialism Promote Biblical Values?"")

## Podcast Episodes

[ ](https://libertarianchristians.com/episode/ep-90-how-understanding-free-markets-impacts-christian-politics-my-anarchist-origin-story/ ""Ep. 90: How Understanding Free Markets Impacts Christian Politics: My Anarchist Origin Story"")

[Podcast](https://libertarianchristians.com/category/podcast/)

###  [Ep. 90: How Understanding Free Markets Impacts Christian Politics: My Anarchist Origin Story](https://libertarianchristians.com/episode/ep-90-how-understanding-free-markets-impacts-christian-politics-my-anarchist-origin-story/)

[Jacob Winograd](https://libertarianchristians.com/author/jacobwinograd/ ""Posts by Jacob Winograd"") February 20, 2025 

How Understanding Free Markets Impacts Christian Politics: My Anarchist Origin Story In this solo episode of the Biblical Anarchy Podcast, ...

[ Listen Now  ](https://libertarianchristians.com/episode/ep-90-how-understanding-free-markets-impacts-christian-politics-my-anarchist-origin-story/ ""Ep. 90: How Understanding Free Markets Impacts Christian Politics: My Anarchist Origin Story"")

[ ](https://libertarianchristians.com/episode/seven-gray-swans-chuck-bentley/ ""Ep 213: Seven Gray Swans, with Chuck Bentley"")

[Podcast](https://libertarianchristians.com/category/podcast/)

###  [Ep 213: Seven Gray Swans, with Chuck Bentley](https://libertarianchristians.com/episode/seven-gray-swans-chuck-bentley/)

[Doug Stuart](https://libertarianchristians.com/author/dougstuart/ ""Posts by Doug Stuart"") March 9, 2021 

While the future is uncertain, there are trends that point toward potential threats to our financial future and well-being. Chuck ...

[ Listen Now  ](https://libertarianchristians.com/episode/seven-gray-swans-chuck-bentley/ ""Ep 213: Seven Gray Swans, with Chuck Bentley"")

[ ](https://libertarianchristians.com/episode/democratic-socialism-jamin-hubner/ ""Ep 121: Democratic Socialism with Jamin Hübner"")

[Libertarianism](https://libertarianchristians.com/category/libertarianism/)

###  [Ep 121: Democratic Socialism with Jamin Hübner](https://libertarianchristians.com/episode/democratic-socialism-jamin-hubner/)

[Doug Stuart](https://libertarianchristians.com/author/dougstuart/ ""Posts by Doug Stuart"") June 4, 2019 

Jamin Andreas Hübner joins us to analyze the claims of democratic socialism and whether or not libertarians should take them ...

[ Listen Now  ](https://libertarianchristians.com/episode/democratic-socialism-jamin-hubner/ ""Ep 121: Democratic Socialism with Jamin Hübner"")

[ ](https://libertarianchristians.com/episode/loving-liberty/ ""Ep 120: Loving Liberty"")

[Libertarianism](https://libertarianchristians.com/category/libertarianism/)

###  [Ep 120: Loving Liberty](https://libertarianchristians.com/episode/loving-liberty/)

[Doug Stuart](https://libertarianchristians.com/author/dougstuart/ ""Posts by Doug Stuart"") May 31, 2019 

Doug Stuart was a guest on Larry Reed’s ""Reed Hour"" on the Loving Liberty radio network, and joined Larry to ...

[ Listen Now  ](https://libertarianchristians.com/episode/loving-liberty/ ""Ep 120: Loving Liberty"")

[ ](https://libertarianchristians.com/episode/biblical-values-of-democratic-socialism/ ""Ep 109: The “Biblical” Values of Democratic Socialism"")

[Christian Worldview](https://libertarianchristians.com/category/christian-worldview/)

###  [Ep 109: The ""Biblical"" Values of Democratic Socialism](https://libertarianchristians.com/episode/biblical-values-of-democratic-socialism/)

[Doug Stuart](https://libertarianchristians.com/author/dougstuart/ ""Posts by Doug Stuart"") March 11, 2019 

In this joint episode with Godarchy host Mike Maharrey, we discuss a recent article from Sojourners on Alexandria Ocasio-Cortez's so-called ...

[ Listen Now  ](https://libertarianchristians.com/episode/biblical-values-of-democratic-socialism/ ""Ep 109: The “Biblical” Values of Democratic Socialism"")",https://libertarianchristians.com/topics/democraticsocialism/
11313,2018-10-30T21:08:59,Privacy Policy,Doug Stuart,"## Privacy Policy

The Libertarian Christian Institute (LCI) has established this Privacy Policy to explain what information we collect through our websites, social media, and your other interactions with us, as well as how that information may be used used. This policy covers all LCI media, including (but not limited to) libertarianchristians.com, christianlibertarianreview.com, and any and all social media accounts or third party platform accounts owned or operated by LCI.  
In this policy, ""LCI"" refers to LCI in its official organizational capacity and as represented by its management, board members, contractors, and/or volunteers.

As a libertarian organization bound by Christian ethics, LCI is committed to serving our visitors and protecting their privacy. With that said, it must also be understood that we live in a complex and highly-connected world, and it is not always possible to provide perfect privacy or to meet everyone’s individual expectations at all times. This Privacy Policy attempts to shed light on your information is handled when you interact with LCI.

As an overarching rule, LCI does not sell or rent donor or visitor information. We will also not share said information with any third parties without your prior consent, except as compelled by law or as otherwise stipulated in this Privacy Policy. LCI is located within the United States, and therefore will transfer, process, and store your information in the United States, which may or may not provide as much protection as your home country.

Information Gathered by LCI's Sites

**General****Logging:** LCI, either directly or through our third party vendors, collects normal browsing information when you visit our sites, which may include (but is not limited to): I.P. address, browser information, cookie information, date and time of visit, referring URLs, and which of our pages you visit. Any information collected by our third party vendors is subject to their respective privacy policies.

**Voluntarily Submitted Information:** In addition, LCI collects and retains information you voluntarily submit to us. If you choose to interact with LCI on social media, contact us via web form or direct e-mail, write to us via postal mail, sign up for our e-mail lists, donate, and/or attend LCI events, LCI may collect any information you submit, including (but not limited to) name, e-mail, phone number, address, and message content. Information you voluntarily submit to us may be retained, in whole or in part, in LCI’s own files/backups or on any third party services utilized by LCI (such as web hosts, e-mail hosts, cloud storage accounts, survey or contest facilitators, web conferencing hosts, project management tools, payment processors, or mailing list databases), and are subject to the respective privacy policies of those third parties. We may also ask for additional personal information when you provide us with feedback or comments, or otherwise communicate with us. It is up to you whether to submit any such information to us, as well as what you submit.

**E-mail List:** If you choose to contact LCI, you grant consent for LCI to add you to its mailing lists. You may unsubscribe from the mailing lists at any time.

## LCI's Use of Information

In general, LCI uses the information provided by you to further its mission, including marketing our content to you. We may also use your information for:

**Donor Information:** We use donor information for our legitimate interest in processing and managing your contribution, including fundraising reminders and renewals.

**Other activities:** We may run surveys, contests, or similar activities. Such information will be used for the purposes for which it was collected.

## Third-Party Service Providers to LCI

Certain code on our sites, as well as other services we utilize, are operated by third-parties, such as analytics services, plug-in providers, payment processors, and external hosts or platforms.

Where reasonably possible, we take steps to limit the ability of third parties to retain data about our users. These service providers may place session cookies on your computer, and may also log standard technical information such as I.P. address, browser information, date and time of access, referring URLs, and other similar information. Our service providers may also store and organize your personal information collected through this site on our behalf which you choose to provide to us. LCI’s third party providers primarily process information in the United States, but may process data in other jurisdictions.

LCI may change the specific third-party providers from time to time, and may transfer stored information to any new providers.

## Third-Party Services and APIs

LCI’s sites also provide links to or interact with a wide variety of third-party websites. LCI is not responsible for, and does not have any control over, the privacy practices or the content of such third parties.  
We encourage users to read the privacy policies of any website visited via links from or interactions with LCI.

## Disclosure of Your Information

While LCI endeavors to protect your information, we may disclose personally identifiable information about you to third parties in limited circumstances, including: (1) with your consent; or (2) when we have a good faith belief it is required by law, such as pursuant to a subpoena or other judicial or administrative order.

## Updating or Removing Your Information

You may request that LCI delete certain information it has retained about you by contacting us at <https://libertarianchristians.com/contact/>  
LCI will make a good faith effort to honor such requests, but does not represent or warrant that it will be able to do so.

## Data Storage and Retention

LCI may retain information collected under this Privacy Policy indefinitely to suit our organizational needs. At our discretion, we may also choose to delete any such information at any time, whether for routine maintenance, lack of need to retain the information, or other such purposes. Any deleted information may continue to persist in the possession of third parties outside our control and/or in backup media.

## Contacting LCI

If you have any questions about our privacy and data protection practices, you may reach LCI by writing us at https://libertarianchristians.com/contact/

## Security

LCI employs industry standard security measures to protect the loss, misuse, and alteration of the information under our control, including appropriate technical and organizational measures to ensure a level of security appropriate to the risk. LCI has implemented the default use of HTTPS encryption on all of our websites. Administrator access to our organizational accounts and third party services is limited to those who necessarily require such access. Financial transactions are processed by reputable third party payment providers using industry standard security; LCI does not see, possess, or retain your specific financial details such as full credit card, debit card, or bank account numbers, and is not responsible for how third party payment processors handle such information.

Although we make a good faith effort to store information collected by LCI in a secure operating environment, we cannot guarantee complete security. LCI is not responsible for any breach of information which you provide to us, either by interacting with us directly or by visiting our websites.

LCI supports users who choose to access our websites and services anonymously. Users are encouraged to implement their own data security measures, such as those recommended by the Electronic Frontier Foundation at https://ssd.eff.org/

## Changes to Our Policies

LCI's Privacy Policy may change from time to time. However, any revised privacy policy will be consistent with LCI’s mission. If the Privacy Policy is changed, updates will be posted here.",https://libertarianchristians.com/privacy-policy/
10475,2018-07-31T15:14:33,Libertarian Christian Institute Events,Doug Stuart,"## Upcoming Events

Right now we have no upcoming events. Well, we _do_ , but we haven't announced them yet, so check back again soon! 

## Previous Events

[ ](https://libertarianchristians.com/event/freedomfest-2025/ ""FreedomFest 2025 – Oasis of Liberty"")

[Conference](https://libertarianchristians.com/event-type/conference/)

##  [FreedomFest 2025 - Oasis of Liberty](https://libertarianchristians.com/event/freedomfest-2025/)

[ Learn More  ](https://libertarianchristians.com/event/freedomfest-2025/ ""FreedomFest 2025 – Oasis of Liberty"")

[ ](https://libertarianchristians.com/event/book-club-house-divided/ ""Book Club: A House Divided"")

[Book Club](https://libertarianchristians.com/event-type/book-club/)

##  [Book Club: A House Divided](https://libertarianchristians.com/event/book-club-house-divided/)

[ Learn More  ](https://libertarianchristians.com/event/book-club-house-divided/ ""Book Club: A House Divided"")

[ ](https://libertarianchristians.com/event/book-club-march-2025/ ""Book Club: The Art of Biblical Narrative"")

[Book Club](https://libertarianchristians.com/event-type/book-club/)

##  [Book Club: The Art of Biblical Narrative](https://libertarianchristians.com/event/book-club-march-2025/)

[ Learn More  ](https://libertarianchristians.com/event/book-club-march-2025/ ""Book Club: The Art of Biblical Narrative"")

[ ](https://libertarianchristians.com/event/book-club-feb-2025/ ""Book Club: The Cross & the Lynching Tree"")

[Book Club](https://libertarianchristians.com/event-type/book-club/)

##  [Book Club: The Cross & the Lynching Tree](https://libertarianchristians.com/event/book-club-feb-2025/)

[ Learn More  ](https://libertarianchristians.com/event/book-club-feb-2025/ ""Book Club: The Cross & the Lynching Tree"")

[ ](https://libertarianchristians.com/event/2024-celebration-with-the-lci-team/ ""2024 Celebration with the LCI Team"")

[Livestream](https://libertarianchristians.com/event-type/livestream/)

##  [2024 Celebration with the LCI Team](https://libertarianchristians.com/event/2024-celebration-with-the-lci-team/)

[ Learn More  ](https://libertarianchristians.com/event/2024-celebration-with-the-lci-team/ ""2024 Celebration with the LCI Team"")

[ ](https://libertarianchristians.com/event/book-club-provoked/ ""Book Club: Provoked, by Scott Horton"")

[Book Club](https://libertarianchristians.com/event-type/book-club/)

##  [Book Club: Provoked, by Scott Horton](https://libertarianchristians.com/event/book-club-provoked/)

[ Learn More  ](https://libertarianchristians.com/event/book-club-provoked/ ""Book Club: Provoked, by Scott Horton"")

[ ](https://libertarianchristians.com/event/election-night/ ""“ThE MoSt iMpOrTaNt eLeCtIoN Of oUr LIfEtImE” Live Coverage!"")

[Livestream](https://libertarianchristians.com/event-type/livestream/)

##  [""ThE MoSt iMpOrTaNt eLeCtIoN Of oUr LIfEtImE"" Live Coverage!](https://libertarianchristians.com/event/election-night/)

[ Learn More  ](https://libertarianchristians.com/event/election-night/ ""“ThE MoSt iMpOrTaNt eLeCtIoN Of oUr LIfEtImE” Live Coverage!"")

[ ](https://libertarianchristians.com/event/book-club-nov-dec-2024/ ""Book Club: The Air We Breathe"")

[Book Club](https://libertarianchristians.com/event-type/book-club/)

##  [Book Club: The Air We Breathe](https://libertarianchristians.com/event/book-club-nov-dec-2024/)

[ Learn More  ](https://libertarianchristians.com/event/book-club-nov-dec-2024/ ""Book Club: The Air We Breathe"")

[ ](https://libertarianchristians.com/event/book-club-october-2024/ ""Book Club: Electing Not to Vote"")

[Book Club](https://libertarianchristians.com/event-type/book-club/)

##  [Book Club: Electing Not to Vote](https://libertarianchristians.com/event/book-club-october-2024/)

[ Learn More  ](https://libertarianchristians.com/event/book-club-october-2024/ ""Book Club: Electing Not to Vote"")

[ ](https://libertarianchristians.com/event/sept-10-presidential-debate-livestream-commentary/ ""September 10 Presidential Debate Livestream Commentary"")

[Livestream](https://libertarianchristians.com/event-type/livestream/)

##  [September 10 Presidential Debate Livestream Commentary](https://libertarianchristians.com/event/sept-10-presidential-debate-livestream-commentary/)

[ Learn More  ](https://libertarianchristians.com/event/sept-10-presidential-debate-livestream-commentary/ ""September 10 Presidential Debate Livestream Commentary"")

[ ](https://libertarianchristians.com/event/book-club-september-2024/ ""Book Club September 2024"")

[Book Club](https://libertarianchristians.com/event-type/book-club/)

##  [Book Club September 2024](https://libertarianchristians.com/event/book-club-september-2024/)

[ Learn More  ](https://libertarianchristians.com/event/book-club-september-2024/ ""Book Club September 2024"")

[ ](https://libertarianchristians.com/event/lci-book-club-july-2024/ ""LCI Book Club July 2024"")

[Book Club](https://libertarianchristians.com/event-type/book-club/)

##  [LCI Book Club July 2024](https://libertarianchristians.com/event/lci-book-club-july-2024/)

[ Learn More  ](https://libertarianchristians.com/event/lci-book-club-july-2024/ ""LCI Book Club July 2024"")

[ ](https://libertarianchristians.com/event/june-27-presidential-debate-livestream-commentary/ ""June 27 Presidential Debate Livestream Commentary"")

[Livestream](https://libertarianchristians.com/event-type/livestream/)

##  [June 27 Presidential Debate Livestream Commentary](https://libertarianchristians.com/event/june-27-presidential-debate-livestream-commentary/)

[ Learn More  ](https://libertarianchristians.com/event/june-27-presidential-debate-livestream-commentary/ ""June 27 Presidential Debate Livestream Commentary"")

[ ](https://libertarianchristians.com/event/one-nation-under-god-exploring-patriotism-christian-nationalism-idolatry/ ""One Nation Under God? Exploring Patriotism, Christian Nationalism, & Idolatry"")

[Speaking Engagements](https://libertarianchristians.com/event-type/speaking-engagements/)

##  [One Nation Under God? Exploring Patriotism, Christian Nationalism, & Idolatry](https://libertarianchristians.com/event/one-nation-under-god-exploring-patriotism-christian-nationalism-idolatry/)

[ Learn More  ](https://libertarianchristians.com/event/one-nation-under-god-exploring-patriotism-christian-nationalism-idolatry/ ""One Nation Under God? Exploring Patriotism, Christian Nationalism, & Idolatry"")

[ ](https://libertarianchristians.com/event/debate-does-the-bible-teach-pacifism-for-christians/ ""Does the Bible Teach Pacifism for Christians?"")

[Debate](https://libertarianchristians.com/event-type/debate/)

##  [Does the Bible Teach Pacifism for Christians?](https://libertarianchristians.com/event/debate-does-the-bible-teach-pacifism-for-christians/)

[ Learn More  ](https://libertarianchristians.com/event/debate-does-the-bible-teach-pacifism-for-christians/ ""Does the Bible Teach Pacifism for Christians?"")

[ ](https://libertarianchristians.com/event/book-club-june-2024/ ""Book Club June 2024"")

[Book Club](https://libertarianchristians.com/event-type/book-club/)

##  [Book Club June 2024](https://libertarianchristians.com/event/book-club-june-2024/)

[ Learn More  ](https://libertarianchristians.com/event/book-club-june-2024/ ""Book Club June 2024"")

[ ](https://libertarianchristians.com/event/debate-is-christian-nationalism-compatible-with-libertarianism/ ""Debate: Is Christian Nationalism Compatible with Libertarianism?"")

[Debate](https://libertarianchristians.com/event-type/debate/)

##  [Debate: Is Christian Nationalism Compatible with Libertarianism?](https://libertarianchristians.com/event/debate-is-christian-nationalism-compatible-with-libertarianism/)

[ Learn More  ](https://libertarianchristians.com/event/debate-is-christian-nationalism-compatible-with-libertarianism/ ""Debate: Is Christian Nationalism Compatible with Libertarianism?"")

[ ](https://libertarianchristians.com/event/book-club-may-2024/ ""Book Club May 2024"")

[Book Club](https://libertarianchristians.com/event-type/book-club/)

##  [Book Club May 2024](https://libertarianchristians.com/event/book-club-may-2024/)

[ Learn More  ](https://libertarianchristians.com/event/book-club-may-2024/ ""Book Club May 2024"")

[ ](https://libertarianchristians.com/event/book-club-march-april-2024/ ""Book Club March 2024"")

[Book Club](https://libertarianchristians.com/event-type/book-club/)

##  [Book Club March 2024](https://libertarianchristians.com/event/book-club-march-april-2024/)

[ Learn More  ](https://libertarianchristians.com/event/book-club-march-april-2024/ ""Book Club March 2024"")

[ ](https://libertarianchristians.com/event/book-club-january-2024/ ""Book Club January 2024"")

[Book Club](https://libertarianchristians.com/event-type/book-club/)

##  [Book Club January 2024](https://libertarianchristians.com/event/book-club-january-2024/)

[ Learn More  ](https://libertarianchristians.com/event/book-club-january-2024/ ""Book Club January 2024"")

[ ](https://libertarianchristians.com/event/book-club-november-2023/ ""Book Club November 2023"")

[Book Club](https://libertarianchristians.com/event-type/book-club/)

##  [Book Club November 2023](https://libertarianchristians.com/event/book-club-november-2023/)

[ Learn More  ](https://libertarianchristians.com/event/book-club-november-2023/ ""Book Club November 2023"")",https://libertarianchristians.com/events/
10394,2018-07-27T16:34:34,Checkout,Doug Stuart,No products were found matching your selection.,https://libertarianchristians.com/checkout/
10390,2018-07-27T16:30:52,Shopping Cart,Doug Stuart,Home,https://libertarianchristians.com/shopping-cart/
10387,2018-07-27T16:23:27,The LCI Store,Doug Stuart,,https://libertarianchristians.com/store/
8962,2018-05-01T13:09:44,"Our Mission, Vision, & Core Values",Doug Stuart,"### What is a Christian Libertarian

# Our Mission, Vision, & Core Values

The Libertarian Christian Institute has five core values that we believe every Christian libertarian should feel confident affirming, even if those individuals express these values with their own nuance. Our aim is not to comprehensively spell out everything Christian libertarians  _must_ believe, but provide a central set of tenets that we can all start from, regardless of differences in denomination or theological inclinations.

## Our Vision

### Christians Embracing a Free Society

The Libertarian Christian Institute envisions a world where Christians around the world promote the values and principles of a free society as the most consistent expression of Christian political thought. We see a world where, instead of polarizing to the left or right, Christians demonstrate that individual liberty is a force for the common good. We aim to persuade Christians that the political expression of our faith inclines us toward the principles of individual liberty and free markets.

## Our Mission

### Equipping Christians to Spread the Message of Individual Liberty

We seek to create quality resources to equip Christians to promote individual liberty among their families, friends, ministries, and churches. We view ourselves as a contributor to the vast resources of libertarian content online by making the Christian case for a free society. We resist the assumption that the default political position of Christianity is domination and control, and we combat this by employing studies in history, theology, and biblical exegesis in a variety of venues.

## Libertarian Christian Core Values

The Libertarian Christian Institute has five core values that we believe every Christian libertarian should embrace: 

## Core Value #1

### Christian Political Philosophy Should be Informed by a Holistic View of Scripture, Reason, and Historical Theology

A comprehensive view of the biblical narrative indicates that the Church's proclamation of Jesus' lordship is not a mere personal statement of allegiance; it is also an anti-imperial declaration that the way of peace comes through Christ's counter-cultural kingdom of love and service. Followers of Christ are called to be a prophetic voice against the powers of domination and violence. The State — the monopolized institution of force in society — is never to be confused with the Kingdom of God, and when the power of the state grows, the rightful influence of churches, families, and local communities is diminished.

## Core Value #2

### A Free And Civil Society Depends Upon Respect For The Non-Aggression Principle

The ethics modeled by Christ and the early Church call us to change the world and build the Kingdom of God through service rather than force; through persuasion rather than coercion. The use of political force to compel ethical behavior cannot change hearts and only antagonizes our struggle against sin, death, and evil. Christians must call for repentance from sin in humility and never with violence _._ As such, a consistently Christian ethic always embodies non-aggression.

## Core Value #3

### Individual Liberty and the Common Good are not at Odds

As God is intrinsically relational within the Trinity, so also human beings are created to live in community. Sin has marred the communal relationships for which we were created by pitting individuals against God, against one another, and against the earth for which we are called to be wise stewards. Affirming the dignity, worth, and rights of the individual as an image-bearer of God is a first step toward restoring authentic, Christ-centered community among diverse individuals. Because society is comprised of individuals, a healthy society requires healthy individuals. Through voluntary cooperation and respect for freedom, people can join together to trade, innovate, create, collaborate, share, and build a world that simultaneously respects the individual and betters our neighbor.

## Core Value #4

### Social Institutions Matter for Human Flourishing

Humans are created to be social beings, and God's design is that we work together to develop institutions which promote human flourishing. Insofar as these institutions are voluntary, peaceful, and non-coercive, human beings possess the God-given capacity to solve the worst of problems in the best of ways. Social institutions founded upon mutual cooperation — such as marriage, family, church, organizations, and businesses — are vital for authentic humanity.

## Core Value #5

### Christian Theology Affirms the Essential Tenets of Free Market Economics

Respect for private property, voluntary exchange, condemnation of theft, and the value of cooperation and service towards achieving common goals flow naturally from Christian thought and habit. This is what defines “capitalism” in the libertarian view. Wealth is a tool given by God, and all who possess such wealth are expected to utilize it for God's Kingdom and the good of our neighbor. Taxation and regulation tend to destroy wealth, discourage innovation, and centralize power, and therefore hamper our ability to fulfill the calling of God. Where free markets are allowed to flourish, human beings will prosper both materially and spiritually. Additionally, Christian ethics helps equip our economies for service toward God and neighbor.

## Core Values FAQ

### Are you associated with the Libertarian Party?

We are not affiliated with the Libertarian Party. We are a 501(c)(3) organization, and as such are unable to do so. For other reasons, however, we do not align with the Libertarian Party, even though we of course share some of the same views politically. We neither reject nor endorse the official platform of the Libertarian Party, and come to our own conclusions about the core values of the LP.

We believe that party affiliation is a personal choice, and that “small-l libertarians” can advance the cause of liberty from within any party with varying amounts of efficacy.

### Isn’t the term “capitalism” old and worn out?

One might think that because capitalism has gotten a bad rap, and is essentially conflated with the idea of “cronyism,” that we would abandon the term altogether for a something more accurate, maybe even catchier. But all of the alternatives, even if they capture the essence of capitalism better than the connotations of the term itself, are not catchy, are in some ways clunky, and really don’t improve our ability to argue for it. Furthermore, it’s not always necessary for us to replace a perfectly good word, properly understood. In fact, we think of it as a pedagogical opportunity for Christians and libertarians alike to reclaim a proper understanding and appreciation for what capitalism is and does.

So while we don’t disparage the promotion of other words and phrases to describe capitalism in a way that captures its essence, we believe the larger purpose of those endeavors is to point us back to what capitalism really is all about.

### What is LCI's position on [insert issue here]?

As an organization we support the libertarian movement broadly and affirm the ecumenical Christian creeds. We may sometimes not have an official opinion or position on any given topic, as it is often the case that well-meaning and well-reasoned libertarians will come to different conclusions about the same topic. Even within the organization, individuals hold nuanced and sometimes opposing views. And we believe this is okay. One of the reasons we developed our Core Values statement is so that Christian libertarians can align with and maintain affinity for the same things as we advance the message of liberty.

### Do you have a doctrinal statement?

The Core Values above, as well as our commitment to the historic ecumenical creeds, is the extent to which we have a “statement of faith.” We understand and encourage that those belonging to other faith traditions hold and defend more specific views, but we also recognize that the plurality of doctrinal alignments within the libertarian Christian movement is a strength and not a weakness. We do not all need to align to the same narrow doctrinal statements to preach the message of peace.",https://libertarianchristians.com/mission/
8934,2018-04-11T13:56:56,Starter Toolkit,Doug Stuart,"## Subscribe to Starter Toolkit

Get started learning about what it means to be a Christian libertarian! Submit the form below.

Name 

Email 

Subscribe

*subscribing means you also agree to get our weekly emails",https://libertarianchristians.com/starter-toolkit/
8144,2018-01-02T15:40:21,Libertarian Christian Institute,Doug Stuart,"# Welcome to the  
Libertarian Christian Institute

## Making the _Christian_ Case for a Free Society

### We believe libertarianism is the most consistent expression of Christian political thought.

[ __ Grab a Book Learn more about faith, economics, and the libertarian way! __ ](/books/)

## [ Start Here New here? Learn about Christian libertarianism __ ](/basics/)

[ __ Listen & Watch Listen to diverse voices of liberty from our many shows! __ ](/shows/)

[ __ Explore What is the Libertarian Christian Institute? __ ](/about/)

## Read Our Latest Books

[ ](https://libertarianchristians.com/store/faith-seeking-freedom/)

## Faith Seeking Freedom

Over 100 of your toughest questions about liberty and Christianity – Answered! 

[ Learn More ](https://libertarianchristians.com/store/faith-seeking-freedom/)

[ ](https://libertarianchristians.com/store/a-house-divided/)

## A House Divided

What did the Church do wrong over COVID, and how can we heal in the aftermath?

[ READ MORE ](https://libertarianchristians.com/store/a-house-divided/)

[ ](https://libertarianchristians.com/store/anarchist-anabaptist/)

## The Anarchist Anabaptist

Where did the liberal tradition come from, and who were its predecessors?

[ READ MORE ](https://libertarianchristians.com/store/anarchist-anabaptist/)

[ ](https://libertarianchristians.com/store/what-do-libertarian-christians-believe-ebook/)

## What do Libertarian Christians Believe?

What does it mean to take both liberty and Christian faith seriously? 

[ READ MORE ](https://libertarianchristians.com/store/what-do-libertarian-christians-believe-ebook/)

## Latest Articles

[ All Articles ](/blog/)

[ ](https://libertarianchristians.com/2025/07/17/is-libertarianism-consistent-with-voting-a-personal-view/ ""Is Libertarianism Consistent With Voting? A Personal View."")

###  [Is Libertarianism Consistent With Voting? A Personal View.](https://libertarianchristians.com/2025/07/17/is-libertarianism-consistent-with-voting-a-personal-view/)

By  Jeb Smith 

[ ](https://libertarianchristians.com/2025/07/07/the-white-house-faith-office-a-dangerous-entanglement/ ""The White House Faith Office A Dangerous Entanglement"")

###  [The White House Faith Office A Dangerous Entanglement](https://libertarianchristians.com/2025/07/07/the-white-house-faith-office-a-dangerous-entanglement/)

By  R.T. Hadley 

[ ](https://libertarianchristians.com/2025/07/03/threading-the-needle-how-an-early-christian-writing-made-a-way-for-the-rich-to-get-into-heaven/ ""Threading the Needle: How an Early Christian Writing Made a Way for the Rich to Get Into Heaven"")

###  [Threading the Needle: How an Early Christian Writing Made a Way for the Rich to Get Into Heaven](https://libertarianchristians.com/2025/07/03/threading-the-needle-how-an-early-christian-writing-made-a-way-for-the-rich-to-get-into-heaven/)

By  Cody Cook 

[ ](https://libertarianchristians.com/2025/07/02/anarchy-covid-church/ ""Anarchy, COVID, and the Church: A Breakout Session that Offended \(and Enlightened\) Everyone"")

###  [Anarchy, COVID, and the Church: A Breakout Session that Offended (and Enlightened) Everyone](https://libertarianchristians.com/2025/07/02/anarchy-covid-church/)

By  Dr. Norman Horn 

###  [Stand With Israel?](https://libertarianchristians.com/2025/06/30/stand-with-israel/)

By  Jeff Wright 

###  [Man: Sub-Creator—A Basis of Liberty](https://libertarianchristians.com/2025/05/30/man-sub-creator-a-basis-of-liberty/)

By  Jaired Hall 

###  [Is James Lindsay Right about Just War Theory?](https://libertarianchristians.com/2025/05/27/is-james-lindsay-right-about-just-war-theory/)

By  Jacob Winograd 

###  [Biblical Governance](https://libertarianchristians.com/2025/05/09/biblical-governance/)

By  Jeb Smith 

###  [Are Libertarians ""Woke"" (or is James Lindsay)?](https://libertarianchristians.com/2025/05/07/woke-james-lindsay/)

By  Cody Cook 

###  [Discovering Libertarianism: The Humble Philosophy for One Christ-follower](https://libertarianchristians.com/2025/04/30/discovering-libertarianism-the-humble-philosophy-for-one-christ-follower/)

By  Benjamin D. Giffone 

###  [The “Pro-Life” Trojan Horse](https://libertarianchristians.com/2025/04/28/the-pro-life-trojan-horse/)

By  R.T. Hadley 

###  [Does the Bible Teach Blind Obedience to the State?](https://libertarianchristians.com/2025/04/24/does-the-bible-teach-blind-obedience-to-the-state/)

By  Jeb Smith 

###  [The True Signal Controversy](https://libertarianchristians.com/2025/04/14/the-true-signal-controversy/)

By  R.T. Hadley 

###  [Reclaiming Liberty: A Better Understanding of God-Given Rights](https://libertarianchristians.com/2025/03/28/reclaiming-liberty-a-better-understanding-of-god-given-rights/)

By  Dr. Norman Horn 

[ View All Articles ](/blog)

### Latest Episodes

[ All Shows ](/shows/)

[ ](https://libertarianchristians.com/episode/ep-212-why-anabaptists-arent-like-other-protestants-with-cody-cook/)

###  [ Ep 212: Why Anabaptists Aren’t Like Other Protestants with Cody Cook ](https://libertarianchristians.com/episode/ep-212-why-anabaptists-arent-like-other-protestants-with-cody-cook/)

[ Listen » ](https://libertarianchristians.com/episode/ep-212-why-anabaptists-arent-like-other-protestants-with-cody-cook/)

[ ](https://libertarianchristians.com/episode/ep-416-the-future-of-the-libertarian-party-with-paul-darr/)

###  [ Ep 416 - The Future of the Libertarian Party, with Paul Darr ](https://libertarianchristians.com/episode/ep-416-the-future-of-the-libertarian-party-with-paul-darr/)

[ Listen » ](https://libertarianchristians.com/episode/ep-416-the-future-of-the-libertarian-party-with-paul-darr/)

[ ](https://libertarianchristians.com/episode/ep-103-without-the-state-itll-be-anarchy-and-thats-a-good-thing-actually/)

###  [ Ep. 103: Without the State, It'll Be Anarchy!! And That's a Good Thing, Actually ](https://libertarianchristians.com/episode/ep-103-without-the-state-itll-be-anarchy-and-thats-a-good-thing-actually/)

[ Listen » ](https://libertarianchristians.com/episode/ep-103-without-the-state-itll-be-anarchy-and-thats-a-good-thing-actually/)

[ ](https://libertarianchristians.com/episode/ep-211-progressive-christians-are-left-wing-christian-nationalists/)

###  [ Ep 211: Progressive Christians are Left-Wing Christian Nationalists ](https://libertarianchristians.com/episode/ep-211-progressive-christians-are-left-wing-christian-nationalists/)

[ Listen » ](https://libertarianchristians.com/episode/ep-211-progressive-christians-are-left-wing-christian-nationalists/)

[ ](https://libertarianchristians.com/episode/ep-415-can-libertarians-make-immigration-great-again-with-alex-nowrasteh/)

###  [ Ep 415: Can Libertarians Make Immigration Great Again? with Alex Nowrasteh ](https://libertarianchristians.com/episode/ep-415-can-libertarians-make-immigration-great-again-with-alex-nowrasteh/)

[ Listen » ](https://libertarianchristians.com/episode/ep-415-can-libertarians-make-immigration-great-again-with-alex-nowrasteh/)

[ ](https://libertarianchristians.com/episode/ep-102-is-america-the-bad-guy-exploring-the-myth-of-american-exceptionalism/)

###  [ Ep. 102: Is America The Bad Guy? Exploring the Myth of American Exceptionalism ](https://libertarianchristians.com/episode/ep-102-is-america-the-bad-guy-exploring-the-myth-of-american-exceptionalism/)

[ Listen » ](https://libertarianchristians.com/episode/ep-102-is-america-the-bad-guy-exploring-the-myth-of-american-exceptionalism/)

[ ](https://libertarianchristians.com/episode/ep-210-revisiting-romans-13/)

###  [ Ep 210: Revisiting Romans 13 ](https://libertarianchristians.com/episode/ep-210-revisiting-romans-13/)

[ Listen » ](https://libertarianchristians.com/episode/ep-210-revisiting-romans-13/)

[ ](https://libertarianchristians.com/episode/episode-414-from-1999-to-here-how-the-triumph-of-low-culture-created-our-political-moment-with-ross-benes/)

###  [ Episode 414 - From 1999 to Here: How the Triumph of Low Culture Created Our Political Moment, with Ross Benes ](https://libertarianchristians.com/episode/episode-414-from-1999-to-here-how-the-triumph-of-low-culture-created-our-political-moment-with-ross-benes/)

[ Listen » ](https://libertarianchristians.com/episode/episode-414-from-1999-to-here-how-the-triumph-of-low-culture-created-our-political-moment-with-ross-benes/)

[ ](https://libertarianchristians.com/episode/ep-101-what-is-degeneracy-how-the-christian-right-dehumanizes-their-neighbors/)

###  [ Ep. 101 - What is Degeneracy? How the Christian Right Dehumanizes Their Neighbors ](https://libertarianchristians.com/episode/ep-101-what-is-degeneracy-how-the-christian-right-dehumanizes-their-neighbors/)

[ Listen » ](https://libertarianchristians.com/episode/ep-101-what-is-degeneracy-how-the-christian-right-dehumanizes-their-neighbors/)

[ ](https://libertarianchristians.com/episode/ep-209-an-introduction-to-christian-libertarianism-part-2/)

###  [ Ep 209: An Introduction to Christian Libertarianism (Part 2) ](https://libertarianchristians.com/episode/ep-209-an-introduction-to-christian-libertarianism-part-2/)

[ Listen » ](https://libertarianchristians.com/episode/ep-209-an-introduction-to-christian-libertarianism-part-2/)

[ ](https://libertarianchristians.com/episode/you-are-the-power-and-christ-is-king-with-spike-cohen/)

###  [ You Are The Power and Christ is King with Spike Cohen ](https://libertarianchristians.com/episode/you-are-the-power-and-christ-is-king-with-spike-cohen/)

[ Listen » ](https://libertarianchristians.com/episode/you-are-the-power-and-christ-is-king-with-spike-cohen/)

[ ](https://libertarianchristians.com/episode/episode-413-mere-economics-with-caleb-s-fuller/)

###  [ Episode 413 - Mere Economics, with Caleb S. Fuller ](https://libertarianchristians.com/episode/episode-413-mere-economics-with-caleb-s-fuller/)

[ Listen » ](https://libertarianchristians.com/episode/episode-413-mere-economics-with-caleb-s-fuller/)

[ View All Episodes ](/shows)

## What is a libertarian Christian?

**We believe libertarianism is the most consistent expression of Christian political thought.** If you are curious about what it means to be a libertarian Christian, you might want to begin with the following articles. 

[ ](https://libertarianchristians.com/2020/07/27/jesus-was-not-a-socialist/ ""Jesus Was Not a Socialist"")

###  [Jesus Was Not a Socialist](https://libertarianchristians.com/2020/07/27/jesus-was-not-a-socialist/)

[ ](https://libertarianchristians.com/2018/06/16/romans-13-for-dummies/ ""Romans 13 for Dummies"")

###  [Romans 13 for Dummies](https://libertarianchristians.com/2018/06/16/romans-13-for-dummies/)

[ ](https://libertarianchristians.com/2018/03/07/jesus-wasnt-a-libertarian/ ""Jesus Wasn’t A Libertarian \(But He’s Glad I Am!\)"")

###  [Jesus Wasn't A Libertarian (But He's Glad I Am!)](https://libertarianchristians.com/2018/03/07/jesus-wasnt-a-libertarian/)

[ ](https://libertarianchristians.com/2018/01/07/how-to-start-learning-about-christian-libertarianism/ ""How to start learning about Christian libertarianism"")

###  [How to start learning about Christian libertarianism](https://libertarianchristians.com/2018/01/07/how-to-start-learning-about-christian-libertarianism/)

[ ](https://libertarianchristians.com/2013/04/02/theology-doesnt-begin-and-end-with-romans-13/ ""Theology doesn’t begin and end with Romans 13"")

###  [Theology doesn’t begin and end with Romans 13](https://libertarianchristians.com/2013/04/02/theology-doesnt-begin-and-end-with-romans-13/)

[ Read More Here  ](/get-started-here/) [ The LCI Mission  ](/mission/)",https://libertarianchristians.com/
7277,2017-02-16T20:34:30,The Libertarian Christian Podcast,Doug Stuart,"## BIG ANNOUNCEMENT  
COMING SOON!

We've got big news about our podcast that you'll want to hear!

Sign up below to be notified when we make our announcement!

Email 

__ Subscribe

*by signing up, you agree to be added to our mailing list. Unsubscribe at any time.

# The Libertarian Christian Podcast

Join the LCI Team each week they explore, debate, and analyze the issues that are directly relevant to the intersection of Christianity and liberty. Always thoughtful, frequently controversial, and never boring (trust us), it is our hope and prayer that The Libertarian Christian Podcast serve as a valuable resource to the Church for years to come.

Special thanks to Matthew Bellis for being our Intro voice, and to [Podsworth Media](https://www.podsworth.com) for editing and mastering the audio. They volunteered their time and talent to help us create a professional-sounding podcast, and we are grateful for their support! It should be noted that their support for the podcast is not to be construed as their endorsement of the ideas and beliefs we talk about on the podcast.

[](https://podcasts.apple.com/us/podcast/the-libertarian-christian-podcast/id1207358020?itsct=podcast_box_badge&itscg=30200&ls=1)

## Episode List",https://libertarianchristians.com/podcast/
7246,2017-02-11T12:26:22,Christian Libertarian Facebook Group Description and Guidelines,Doug Stuart,"## Christian Libertarian Facebook Group Description and Guidelines

#### Updated March 2021

(Note: If you’ve stumbled upon this page through a search engine or other means, this document refers to the Facebook Group guidelines of the Christian Libertarian Facebook group. Click here for more information.)

The following document outlines:

  1. a description and purpose of the group,
  2. general posting guidelines, and 
  3. general behavior expectations for group members.

Christian libertarians believe that libertarianism is the most consistent expression of Christian political thought. We define libertarianism as the principled opposition to the pursuit of social, economic, moral, or personal goals by coercive/aggressive means. Libertarians apply this principle equally and consistently to all institutions, and to all individuals, without regard for office or station. For that reason, libertarianism means opposition to government power in all spheres of public and private life, without exception.

Within that scope, we recognize that there is room for a variety of viewpoints. Although the Libertarian Christian Institute has its own specific views, we understand that libertarians will disagree with each other on moral, economic, and philosophical issues. Our common defining factor is our commitment to liberty. Minarchists, anarchists, left-libertarians, classical liberals and paleoconservatives are all welcome so long as they adhere to that commitment. (Please note, this is distinctly _not_ a reconstructionist forum. Christian libertarianism is _not_ theonomic reconstructionism.)

Libertarianism is neither a conservative nor liberal ideology (in the sense in which those words are commonly used in the American vernacular). Although there are aspects of both that inform libertarian thought, libertarianism is a distinct ideology with a history of criticizing these and many other forms of political thought.

We contend that sound Christian theology reinforces these sound ideological positions. The Christian Libertarian Facebook Group’s purpose is to provide a forum for _real, respectful, and insightful discussion_ of libertarianism in a Christian context.  
  
We also must be clear that the definition of “Christian” to which we subscribe is the same as that of the historical church: simple adherence to the[ ecumenical creeds](https://en.wikipedia.org/wiki/Ecumenical_creeds) (Apostles, Nicene, Athanasian). While we encourage anyone with true interest to be involved in this group, we uphold this definition and expect this to be reflected in group conversation as well.

If you identify as a Christian and libertarian, this is the place for you! If you do not identify as both (or you are seeking to understand either better), you’re welcome to join, but keep in mind that the discussion must take place within the framework of Christian discussion. You won’t be welcome here if you start challenging Christians for believing the Bible or accusing libertarians of hating poor people.

#### General Posting Guidelines

In order to provide members with the greatest level of relevant engagement and quality of content, we have instituted an “admin-approved thread” set up in the group. Posts will appear in the group feed once approved by an Administrator. (Note that this is only for original posts, not for comments!) We have recruited plenty of admins, and we will continue to recruit more, to ensure timely review of posts. We are not trying to squelch conversation, but rather we want to “raise the bar” of quality discussion. Furthermore, this helps stop trolls before they start.

When you submit a post to the group, the following “best practices” are suggested to expedite approval:

  1. In your post, provide relevance, context, and _your_ opinions in a respectful manner. (Refer to the behavior guidelines!) _Your goal should be to promote discussion about Christian libertarianism;_ this group is not just another general news feed! 
  2. Just like searching Google is a great way to learn something new, so is using the SEARCH BAR in our group! Many topics have been covered _repeatedly_ , so you might want to search for it before starting another thread (e.g. Romans 13, spanking, patriotism, etc.).
  3. Posts promoting conspiracy speculations/theories will not be approved. There exist a host of other groups for such things, but this group is not one of them. 
  4. Political campaigning, blanket advertising, and general fundraising is not permitted. 

EXCEPTION: Since this group is a project of the Libertarian Christian Institute, LCI will occasionally post about current fundraising efforts. But we're not jerks and we're not stupid. We won't ever spam the group.

  5. Don’t post anything you wouldn’t want your teenage child to see. Posts clearly laced with profanity, indecent imagery, graphic violence, or promoting racism will not be approved.

Examples of what not to do:

  * _“Here’s a link. Thoughts?”_ -- Don’t ask us for our thoughts before sharing some of your own, even if they are merely introductory or unformed. Just writing “thoughts?” in the OP is not going to get approved. So get the conversation started by telling us what _you_ think!
  * _[Random link or meme posted with no introduction] -- _Random links posted will _almost never_ be approved without context. Memes posted alongside discussion points to spark a conversation are fine, but generally save your memes for the weekly Friday Meme Thread (almost anything goes there).
  * _“Here’s a link. Anarcho-capitalists/Minarchists/Catholics/Protestants are all stupid and not Christian at all!” -- _Posts written with an incendiary tone toward fellow members will receive very little toleration. Don’t be disrespectful; your brothers and sisters in Christ are not your enemies.
  * _“Buy my book! Check out my latest podcast! Link!”_ -- Don’t advertise in the group. However, new projects of a specific _Christian libertarian nature_ will typically be given special consideration.

#### General Behavior Expectations

  1. Remember we are Christians first. Everything we do and say should reflect Christian love. Before you rip into somebody else for not holding the exact same position you do, remember that your “opponent” is someone for whom Christ died. Badgering someone because they are a minarchist/anarchist or Reformed/Arminian is inappropriate. Everyone in the group is at different points along the journey of understanding Christianity and liberty.
  2. Try to prioritize understanding someone else’s position above simply reiterating your own. Not only is this good practice for becoming a smarter person, but it also can help you when persuading others. (We readily admit this is very difficult to do, but it’s a great goal!)
  3. Respect the general sensibilities of others, and please refrain from off-color and vulgar language. Treat others the way you want to be treated. “Let your conversation be always full of grace, seasoned with salt, so that you may know how to answer everyone.” (Colossians 4:6) Repeated offenses will result in a ban from the group.
  4. Communicate with the Administrators. The Admins are here to provide light oversight of the group. If you are having issues with the group or a particular problem, you are welcome to contact an Admin (look in the member list). Furthermore, Members are not permitted to block a group Admin, as blocks hinder him/her from performing administrative duties.

#### Behavior Expectations from the Admins

While we believe in liberty and freedom of speech, because this is a group of _Christian_ libertarians, we expect participants in this group to strive toward behaviors that imitate that of Jesus Christ. In the context of this Facebook Group, we want to create a feeling of fellowship and camaraderie among like-minded individuals. 

What you type on your keyboard is an extension of your tongue, which the apostle James says, in quite terse rhetoric, is to be tamed (James 3:1-12). We encourage healthy and civil debate, so long as we all remember we are dealing with other human beings. Your behavior using a keyboard to write online should be as if you were speaking to that somebody in person. 

In considering relevant Scripture passages for Christian behavior, we can think of no better passage than Romans 12:9-18 to highlight behaviors we expect from our group members. 

>  _Let love be genuine; hate what is evil, hold fast to what is good;_**_love one another with mutual affection; outdo one another in showing honor._**_Do not lag in zeal, be ardent in spirit, serve the Lord. Rejoice in hope, be patient in suffering, persevere in prayer. Contribute to the needs of the saints;_**_extend hospitality to strangers._**_Bless those who persecute you; bless and do not curse them. Rejoice with those who rejoice, weep with those who weep._**_Live in harmony with one another;_**_do not be haughty, but associate with the lowly;_**_do not claim to be wiser than you are._**_Do not repay anyone evil for evil, but take thought for what is noble in the sight of all._**_If it is possible, so far as it depends on you, live peaceably with all._**_(NRSV)_

In addition to that passage, Colossians 4:6 is also very relevant: 

> **Let your speech always be gracious** , seasoned with salt, so that you may know how you ought to answer everyone.

A bullet list of the above would yield these expectations:

  * Love one another with mutual affection
  * Outdo one another in showing honor
  * Extend hospitality to strangers 
  * Live in harmony with one another
  * Do not claim to be wiser than you are
  * If possible, as much as depends on you, live peaceably with all
  * Let your speech always be gracious

The apostle Paul sums up nicely what we think is the essence of Christian behavior: For the whole law is summed up in a single commandment, “You shall love your neighbor as yourself.” **If, however, you bite and devour one another, take care that you are not consumed by one another.** (Galatians 5:13-15, NRSV)

Let’s not devour one another!

#### Promoting the work of LCI

Finally, we encourage everybody to help promote the work of the[ Libertarian Christian Institute](https://l.facebook.com/l.php?u=http%3A%2F%2Flibertarianchristians.com%2F%3Ffbclid%3DIwAR3j8x1cTmhagzuH_8tBrkyiYeTOJuGMvHKmJWo2TCwjuPn5OUSQY2YV4Hk&h=AT1tEwJSoguTCta1mUROR20z94SXqTDrq3UBgYgHLN2luLrclee6yH8uXPu6EwQ-G9V2RA_TtPaHgJpDmCg_g3TD0PY11AkBxq9oTdAF48ig8saDHYro8VhKzqgUk_TMjXn9syDb5iTYs2mH5w) and follow the content:

  * ""Like"" the[ LCI Facebook page](https://www.facebook.com/libertarianchristians), where we regularly curate interesting articles, videos, memes, and more.
  * Subscribe to the[ LCI email list](https://l.facebook.com/l.php?u=http%3A%2F%2Feepurl.com%2FOfBiH%3Ffbclid%3DIwAR3QbTN2Rdb8UzSEWYhsNvHc6TY3LbDH8KLSZ1rjeXv-oWaWVWz_ISei-HA&h=AT163hJS6xqFJ0IcvYsTEedr84E-Sc4H98NVw88_kbMh33KgXZDLY3ricWbXZVpJIZVIS8ELBRH7AXKX2lxWY2-gwUI36BaHzgDP5DN8cbiCm2WUd2Z8A3ZbSMkG4bDbvqKezAOQBTOvIdj9ug). Whenever something new is posted, you’ll get an email the next morning. You can also subscribe to the[ RSS feed](https://feeds.feedblitz.com/libertarianchristians?fbclid=IwAR1uxM8QjcKZ0-BFb0rnQZf3p6A6nWQoHwoD89X4zpchEZ_GXcIef8b48oc).
  * Follow LCI founder Dr. Norman Horn on[ Twitter](https://twitter.com/normanhorn?fbclid=IwAR1J0v1zw1LNMhFdSTNWTWsAyLGZhXEEwFUvXBNuVhtmIOupFzjAxsaqkHU).

Enjoy the group, it’s a great place to learn and grow!",https://libertarianchristians.com/fb/
6751,2016-07-19T20:11:57,Called to Freedom: Why You Can Be Christian and Libertarian,Dr. Norman Horn,"## You _Can_ be a Christian  
and a Libertarian

[ Download Audiobook Now! ](https://libertarianchristians.com/store/ctf/)

## You _Are_ Called to Freedom!

Do you consider yourself a libertarian and a Christian? If so, have you ever experienced a tension between your political philosophy and your faith?

## **You are not alone!**

Many of us have. In fact, that tension is so real that much of society tells us something must be wrong. There is an active debate among Christians about the role of libertarians and among libertarians about the role of Christians. Our main goals at the Libertarian Christian Institute are to engage these active debates, to help Christians learn to love their libertarian brethren, and to articulate how libertarianism is a consistent expression of Christian political thought.

[ Yeah, I need to get this book! ](https://libertarianchristians.com/store/ctf/)

##### Click to Play Sample Audio

## Articles about CTF

[ ](https://libertarianchristians.com/2025/07/17/is-libertarianism-consistent-with-voting-a-personal-view/)

###  [ Is Libertarianism Consistent With Voting? A Personal View. ](https://libertarianchristians.com/2025/07/17/is-libertarianism-consistent-with-voting-a-personal-view/)

July 17, 2025 

Coercion is the opposite of a live-and-let-live attitude. And our current American governmental coercion enforces subjugation and imposes laws and taxation on unwilling, unconsenting individuals.

[ Read More » ](https://libertarianchristians.com/2025/07/17/is-libertarianism-consistent-with-voting-a-personal-view/)

[ ](https://libertarianchristians.com/2025/07/07/the-white-house-faith-office-a-dangerous-entanglement/)

###  [ The White House Faith Office A Dangerous Entanglement ](https://libertarianchristians.com/2025/07/07/the-white-house-faith-office-a-dangerous-entanglement/)

July 7, 2025 

And the LORD said to Samuel, “Listen to the voice of the people regarding all that they say to you, because they have not rejected

[ Read More » ](https://libertarianchristians.com/2025/07/07/the-white-house-faith-office-a-dangerous-entanglement/)

[ ](https://libertarianchristians.com/2025/07/03/threading-the-needle-how-an-early-christian-writing-made-a-way-for-the-rich-to-get-into-heaven/)

###  [ Threading the Needle: How an Early Christian Writing Made a Way for the Rich to Get Into Heaven ](https://libertarianchristians.com/2025/07/03/threading-the-needle-how-an-early-christian-writing-made-a-way-for-the-rich-to-get-into-heaven/)

July 3, 2025 

To say that the New Testament has some negative things to say about the wealthy would be an understatement: “It is easier for a camel

[ Read More » ](https://libertarianchristians.com/2025/07/03/threading-the-needle-how-an-early-christian-writing-made-a-way-for-the-rich-to-get-into-heaven/)

[ ](https://libertarianchristians.com/2025/07/02/anarchy-covid-church/)

###  [ Anarchy, COVID, and the Church: A Breakout Session that Offended (and Enlightened) Everyone ](https://libertarianchristians.com/2025/07/02/anarchy-covid-church/)

July 2, 2025 

At this year’s FreedomFest, the Libertarian Christian Institute had the pleasure of hosting one of the first breakout sessions of the event, where we highlighted

[ Read More » ](https://libertarianchristians.com/2025/07/02/anarchy-covid-church/)

## Who Wrote CTF?

Written by six friends who all identify as libertarian Christians, this book explores the tension between libertarianism and Christianity and offers encouragement to people who find themselves caught between the two.

#### Elise Daniel, Editor

Elise Daniel is the content director of Bellwether Communications and serves as the firm’s managing partner in Washington, DC. She graduated from James Madison University with a BBA in economics.

#### Jacqueline Isaacs, Co-author

Jacqueline Isaacs is the strategic director of Bellwether Communications and serves as the firm’s managing partner in Nashville, TN. She earned an MBA in marketing at Johns Hopkins University and a BS in government at Oral Roberts University. 

#### Jason Hughey, Co-author

Jason Hughey is a certified personal trainer and group fitness instructor. He earned his BA in government from Regent University, and he worked for several liberty-advancing nonprofits before switching to the fitness industry full-time.

#### Taylor Barkley, Co-author

Taylor Barkley lives in Washington, DC, with his wife and works at a public policy organization and part-time with Search Ministries. He graduated from Taylor University with a degree in history and political science. 

#### Leah Hughey, Co-author

Leah Hughey is a graduate of Regent University, where she studied government and history. She works at a Christian ministry focused on fostering collaboration between charities and churches to solve social problems in the cities they serve.

#### Philip Luca, Co-author

Philip Luca is a marketing strategist working with tech companies and startups in the Washington, DC, area. He holds two degrees from Liberty University in digital media and theology, and is currently completing a certificate in entrepreneurship from the Wharton School.",https://libertarianchristians.com/calledtofreedom/
5971,2015-10-27T07:43:52,Media,Doug Stuart,"# Media

[ ](https://libertarianchristians.com/2024/02/01/wrestling-the-culture-wars-a-book-review-of-tyruss-nuff-said/)

###  [ Wrestling the Culture Wars: A Book Review of Tyrus’s Nuff Said ](https://libertarianchristians.com/2024/02/01/wrestling-the-culture-wars-a-book-review-of-tyruss-nuff-said/)

February 1, 2024  No Comments 

Nuff Said is the second book by Tyrus (George Murdoch), the professional wrestler, actor, and witty regular on the Gutfeld! late night show. While his

[ Read More » ](https://libertarianchristians.com/2024/02/01/wrestling-the-culture-wars-a-book-review-of-tyruss-nuff-said/)

[ ](https://libertarianchristians.com/2023/08/30/libertarian-christian-guest-appearances-august-2023/)

###  [ Libertarian Christian Guest Appearances - August 2023 ](https://libertarianchristians.com/2023/08/30/libertarian-christian-guest-appearances-august-2023/)

August 30, 2023  No Comments 

When our Christians for Liberty Network hosts are not busy planning episodes and being hosts, sometimes they use their time to be the guest on

[ Read More » ](https://libertarianchristians.com/2023/08/30/libertarian-christian-guest-appearances-august-2023/)

[ ](https://libertarianchristians.com/2023/08/04/resurging-nationalism-a-threat-to-human-flourishing/)

###  [ Resurging Nationalism: A Threat to Human Flourishing? ](https://libertarianchristians.com/2023/08/04/resurging-nationalism-a-threat-to-human-flourishing/)

August 4, 2023  No Comments 

This session was recorded at FreedomFest in Memphis, TN, on July 15, 2023 and was sponsored by the Libertarian Christian Institute. The panel was moderated

[ Read More » ](https://libertarianchristians.com/2023/08/04/resurging-nationalism-a-threat-to-human-flourishing/)

[ ](https://libertarianchristians.com/2022/07/24/good-news-bad-news-july-21-2022/)

###  [ Good News, Bad New July 21, 2022: Libertarian Christians at FreedomFest 2022 ](https://libertarianchristians.com/2022/07/24/good-news-bad-news-july-21-2022/)

July 24, 2022  No Comments 

LCI was at FreedomFest last week, and we take some time to reflect on what we observed and learned throughout the event. Show Notes: Listen

[ Read More » ](https://libertarianchristians.com/2022/07/24/good-news-bad-news-july-21-2022/)

[ ](https://libertarianchristians.com/2022/07/10/good-news-bad-news-july-7-2022/)

###  [ Good News, Bad New July 7, 2022: The Roe Casey Repeal ](https://libertarianchristians.com/2022/07/10/good-news-bad-news-july-7-2022/)

July 10, 2022  No Comments 

Though down a man tonight with Aaron out sick, the GNBN crew tackles the remarkable news of the Roe-Casey Repeal from SCOTUS and its intricacies.

[ Read More » ](https://libertarianchristians.com/2022/07/10/good-news-bad-news-july-7-2022/)

[ ](https://libertarianchristians.com/2022/06/25/good-news-bad-news-june-23-2022/)

###  [ Good News, Bad New June 23, 2022: Did the Supreme Court Find God? ](https://libertarianchristians.com/2022/06/25/good-news-bad-news-june-23-2022/)

June 25, 2022  No Comments 

The Libertarian Christian Roundtable crew goes deep on the issue of school vouchers, discussing the recent SCOTUS decision about vouchers for religious schools in Maine.

[ Read More » ](https://libertarianchristians.com/2022/06/25/good-news-bad-news-june-23-2022/)

[ ](https://libertarianchristians.com/2022/06/11/good-news-bad-news-june-9-2022/)

###  [ Good News, Bad New June 9, 2022: Inflation is Here to Stay ](https://libertarianchristians.com/2022/06/11/good-news-bad-news-june-9-2022/)

June 11, 2022  No Comments 

… not for a year, but ever and a day… If you get that reference, you're probably not Kerry, Aaron, or Matt. But they don't

[ Read More » ](https://libertarianchristians.com/2022/06/11/good-news-bad-news-june-9-2022/)

[ ](https://libertarianchristians.com/2022/05/28/good-news-bad-news-may-26-2022/)

###  [ Good News, Bad New May 26, 2022: Uvalde School Shooting & the Baby Formula Shortage ](https://libertarianchristians.com/2022/05/28/good-news-bad-news-may-26-2022/)

May 28, 2022  No Comments 

The team discusses the immensely troubling school shooting in Uvalde, Texas and the economics behind the baby formula shortage. Will gun control work? How does

[ Read More » ](https://libertarianchristians.com/2022/05/28/good-news-bad-news-may-26-2022/)

[ ](https://libertarianchristians.com/2022/05/14/good-news-bad-news-may-13-2022/)

###  [ Good News, Bad New May 13, 2022: Misinformation, Abortion, and Star Trek ](https://libertarianchristians.com/2022/05/14/good-news-bad-news-may-13-2022/)

May 14, 2022  No Comments 

The crew reviews the three craziest things of the past two weeks: the Misinformation Governance Board, the leaked Justice Alito supreme court opinion on repealing

[ Read More » ](https://libertarianchristians.com/2022/05/14/good-news-bad-news-may-13-2022/)

[ ](https://libertarianchristians.com/2022/04/16/good-news-bad-news-apr-15-2022/)

###  [ Good News, Bad News April 15, 2022: The SCOURGE of Social Media, & Hidden Economic Insights ](https://libertarianchristians.com/2022/04/16/good-news-bad-news-apr-15-2022/)

April 16, 2022  No Comments 

[NOTE of Irony: Hours after we recorded this episode, it was announced that Musk made an offer to buy Twitter. Thanks, Elon!] The crew talks

[ Read More » ](https://libertarianchristians.com/2022/04/16/good-news-bad-news-apr-15-2022/)",https://libertarianchristians.com/media/
5813,2015-08-05T14:27:29,Donor Thank You!,Dr. Norman Horn,"Dear LCI Supporter,

Thank you so much for your generous donation. Without the support of people like you, we cannot go nearly as far. Our goal is to spread the liberty philosophy far and wide with a particular focus on Christians, and your help makes this happen.

Please let people know that you support us by sharing our work on Facebook and Twitter and encouraging them to donate. Remember, the Libertarian Christian Institute is a recognized 501c3 organization, so your donation is tax deductible!

We pray blessings upon you and yours, and can't wait to see you again!

For Christ and for liberty,

Dr. Norman Horn  
President of the Libertarian Christian Institute",https://libertarianchristians.com/thanks/
5459,2015-06-17T21:57:16,FAQ,Doug Stuart,"## We Wrote a book to answer your questions!

Discussing Christian faith and politics is tough. If you’re tired of the typical left/right answers that sound like they were pulled from last night’s cable news, then you need a new way of thinking about faith and politics. This book will help you take your political conversations to the next level.

In _Faith Seeking Freedom_ , the Libertarian Christian Institute has gathered together some of the brightest minds at the intersection of Christianity and libertarianism to collect brief but thoughtful answers to over a hundred questions frequently posed to liberty-loving believers.  
In this book, you will find answers to questions like:

  * Should Christians care about politics?
  * What does God have to say about government?
  * What makes somebody a libertarian?
  * Why are property rights so important?
  * And many more!

[ Buy the Kindle Version  ](https://www.amazon.com/dp/B08LDZMP8M)

[ Buy the Paperback ](https://www.amazon.com/Faith-Seeking-Freedom-Libertarian-Christian/dp/1733658440/ref=tmm_pap_swatch_0?_encoding=UTF8&qid=&sr=)

[ Buy the Audiobook on Audible.com ](https://www.audible.com/pd/Faith-Seeking-Freedom-Audiobook/B09BVXZFQ3?qid=1628441321&sr=1-1&ref=a_search_c3_lProduct_1_1&pf_rd_p=83218cca-c308-412f-bfcf-90198b687a2f&pf_rd_r=K8K8GSKWJ5N3TG55NC98)

[ Buy Audiobook from LCI ](https://libertarianchristians.com/store/faith-seeking-freedom-audiobook/)

Continue to site FAQ

#### Frequently Asked Questions

Here you will find lots of reader questions that [Dr. Norman Horn](https://libertarianchristians.com/about) and others have answered regarding libertarianism in theory and practice, Austrian economics, and Christianity as it relates to political theory. This is a constantly evolving page that we hope you will refer to frequently, and that you will help us refine with your feedback.

Have a burning question on your mind? [Ask it here](https://libertarianchristians.com/contact/). All questions are welcome, but please be patient as it sometimes takes a while for us to compose a response.

If you are looking for more information about LCI, [click here](https://libertarianchristians.com/mission/). 

What is the non-aggression principle?

The non-aggression principle is the basic statement of libertarianism in general, that people should be allowed to do whatever they wish so long as it they do not execute aggression upon another person. Aggression is defined as the initiation of force against another person. Self-defense, however, is not aggression because it is a response to prior aggression.

Are there any notable 20th century Christian libertarian scholars or philosophers? After John Locke, every major libertarian thinker from Hayek, to Von Mises, to Rand, to Nozick, to Friedman, and onward seems to have been atheist or agnostic. Are there any exceptions?

Often Christian scholars are less visible than their secular counterparts because they do not hold high positions in government or at large public universities but rather are church leaders, missionaries, or professors at Christian colleges. Their views as Christians may overshadow their libertarianism since politics is only one part of a Christian worldview.

Many Christians hold to some variety of limited government and could be considered libertarians in that sense. However, as Christians are less commonly supportive of abortion, for example, their libertarianism is at variance with that of, say, Murray Rothbard.

Some of the more prominent 20th Century Christians who hold to political beliefs which could be described as libertarian include:

  * [Edmund Opitz](https://libertarianchristians.com/resources/opitz-archive/) – Congregationalist Minister, Senior Staff Member at FEE
  * [Hans Sennholz](http://en.wikipedia.org/wiki/Hans_Sennholz) – Economist in the Austrian School, Professor at Grove City College
  * [Gordon H. Clark](http://en.wikipedia.org/wiki/Gordon_Clark) – Christian Philosopher, Professor
  * [J. Gresham Machen](http://en.wikipedia.org/wiki/John_Gresham_Machen) – Theologian, Professor, Orthodox Presbyterian Church
  * [Ron Paul](http://en.wikipedia.org/wiki/Ron_Paul) – Member of the U.S. House of Representatives, Presidential Candidate
  * [John Howard Yoder ](http://en.wikipedia.org/wiki/John_Howard_Yoder)– Mennonite Theologian, Christian Pacifist

Others deserving a mention include John W. Robbins and Rousas John Rushdoony, although Rushdoony was a proponent of theonomic reconstructionism rather than libertarianism per se.

Furthermore, there are a number of Christians associated with think tanks such as the Mises Institute, Cato Institute, and Independent Institute, including Jeffrey Tucker, Tom Woods, Robert P. Murphy, Lew Rockwell, Gary North, William Grigg, Ryan McMaken, David Theroux, and Doug Bandow. Others that should be mentioned include Chuck Baldwin, Steven Yates, Laurence Vance, and our own Norman Horn.

I am trying to better understand the intellectual foundations behind the similarities of both libertarianism and christianity, however I came across a Wikipedia entry that suggests a difference between “Christian libertarianism” and “Libertarian Christianity.” Is there any essential and significant difference between both terms?

The [Wikipedia entry you mention](http://en.wikipedia.org/wiki/Libertarian_Christianity) suggests that “libertarian Christianity” comes from a specific blend of systematic and biblical theology. They suppose they are distinct from “Christian libertarians” because of their “Bible-based legal philosophy using biblical hermeneutics that are different from those used by Christian libertarians.” (That’s a Wikipedia quote.) To me, this sounds more or less like theonomic reconstructionism, a view I respect but with which I very much disagree for a variety of reasons.

In contrast, “Christian libertarianism describes the synthesis of Christian beliefs concerning human nature and dignity with libertarian political philosophy.” (Also a Wikipedia quote.) Christian libertarianism looks for the congruence of libertarian political thought and Christian theology because of a firm belief in the harmony of natural law with sound theological principles. I have written a few essays that take this approach, including [an article for the Washington Post](http://www.washingtonpost.com/blogs/guest-voices/post/can-a-christian-be-a-libertarian/2011/12/27/gIQA4gruKP_blog.html).

This is fundamentally why you will never hear me describe what I believe as “libertarian Christianity.” As it is, the terms comes a bit too front-loaded for me. _However_ , I have no problem calling myself a libertarian Christian OR Christian libertarian. In fact, I’ve written a bit more on that topic [in this blog post](https://libertarianchristians.com/2009/03/20/differences/).

I currently go to a non-denominational church (which is actually a denomination in itself). I was wondering if there is any church that specifically supports libertarian Christian beliefs?

As far as I know, there is no particular denomination that has Christian libertarian positions explicit in their doctrinal statement. However, the common thread of non-violence and anti-statism has been discussed in numerous theological traditions, from Baptists, to Lutherans, all the way to Churches of Christ (the tradition I grew up in). I would actually say that arguably the Churches of Christ and Anabaptist denominations have some of the strongest histories of libertarian leanings. For example, historically the Churches of Christ have held remarkably excellent anti-war positions, especially around the Civil War. Tolbert Fanning, David Lipscomb, and Alexander Campbell were major leaders in the Stone-Campbell Restorationist movements during that time and made great contributions to the anti-war movement. You can even see some of their writings in Tom Wood’s book, [We Who Dared to Say No to War](http://www.amazon.com/dp/1568583850/?tag=libchr-20).

I might consider myself a Libertarian, except I just can’t get over that so many libertarians are atheists and against all religious expression by government. For instance, Libertarians hate Mike Huckabee for some fear of a “theocracy.” How do you address these things about your secular libertarian friends (such as Ayn Rand types)?

This question has multiple levels, and thus I want to wade carefully through the various issues wrapped in it. First off, just because there are plenty of atheist libertarians does not mean that it is a political philosophy only for atheists. On the contrary, I would argue that Christianity has lots in common with libertarianism and very little in common with statism. A philosophy that is essentially founded upon “treat others the way you want to be treated” would naturally see Christianity as favorable. See my [Lessons in Liberty](https://libertarianchristians.com/2010/12/10/sfl-lessons-in-liberty-christian-libertarianism/) article for more.

As for religious expression by governments, Christian libertarians do not want to see government taking on vestments of Christianity whatsoever for two reasons: (1) the State is[founded in rebellion to God](https://libertarianchristians.com/2009/02/19/josephus-on-the-origin-of-the-state/) and it should not be covered in Christian garb to look better than it is. We should always look to expose the State’s evils rather than “baptize” it to gain benefits; and (2) the Church universal needs to be internally protected from the trappings of the State in order to stay pure. The more governments get wrapped up in Christianity, the worse it will be for the Church.

I wouldn’t say that libertarians “hate” Huckabee because they fear theocracy (hate is a strong word anyway). Still, there is much to despise in his politics. Huckabee is a warmonger, pro-big government, pro-drug war, economically illiterate, anti-free market, anti-immigrant, and a supporter of the police state. If he supports these things because he thinks that’s what God wants, then he’s completely off his rocker and that’s worth criticizing in its own right.

I have many non-Christian, libertarian friends. Some of them love Ayn Rand, some don’t. But I have rarely had any issue in sharing my faith or dealing with sensitive topics because we have a common desire to treat others with respect. Here’s the bottom line: liberty brings people together. Libertarians come from all over the belief spectrum, but the commonality of seeking liberty transcends boundaries. As a result, you have many opportunities to live out the gospel to those around you.

Norman, what is your theological persuasion? Are you protestant? Evangelical? Calvinist? Baptist? What is your confession of faith?

As of 2013, I am a member of the University Avenue Church of Christ in Austin, Texas. The Churches of Christ come from the Stone-Campbell Restorationist tradition of the 19th century. I think it’s safe to say that the Churches of Christ are congregationalist in nature, believing that local churches should be independent and thus there is no hierarchy/synod/etc. that specifies creeds or confessions that identify us. If anything, we believe in the [Apostle’s Creed](http://en.wikipedia.org/wiki/Apostle%27s_Creed) because of its simplicity and essential nature to our shared faith. In the past, the Restorationist tradition has said things such as “No creed but Christ!” in order to make clear that our interest is in the unity of believers, rather than the dispersity of belief sets.

Rapid fire answers: Protestant? Yes. Evangelical? Sort of. Calvinist? No. Baptist? I’m a big fan of baptism. Confession? I like confessing, but not to you. 

Why are so many Libertarians (probably not you guys) are like Barney Frank (liberal) on social issues but Jim DeMint (conservative) on fiscal issues?

Christian libertarians do not believe that you can solve moral problems through legislation. Insofar as law exists, we seek to reduce its grasp on individual action that is not aggressive in nature. Instead, we want to use the power of social change, leveraged through the Church and local communities, to fix such problems.

Libertarians understand that the government cannot do anything right for an economy. Thus, if the government is to exist at all, it should not involve itself in anything other than the protection of basic property rights. (And many libertarians, myself included, think the State cannot even protect rights without becoming corrupt!) Hence, the government should abolish all income and property taxes and not involve itself in trade whatsoever.

Besides that, Jim DeMint is not a great example of someone being “libertarian” on fiscal issues. If you’re going to look anywhere in Congress, look to Ron Paul!

When Paul wrote Romans 13, the government was distasteful to our 21 century sensibilities for sure. Yet Paul commands believers to honor the rulers, even calling them “servants of God.” Coupled with Peter’s instructions to honor them, pray for them, etc., this shows that God has a role for government. Is it possible to determine if Paul personally prefers a small or large government? If God has a purpose for government should Christians be advocating its disappearing?

The problem with saying that Romans 13 proves there is “a role for government” is that it is conflating _government being within God’s plan_ with _government being sanctioned and declared inherently moral_ by God. When one considers the numerous negative references to the State in the Bible, such as Matthew 4, 1 Samuel 8, Genesis 11, and the book of Revelation, one cannot but admit that the State is, at core, rooted in rebellion against God. So while it is impossible to speak directly for Paul, it seems to me that the State itself is the problem and not merely the size. In conclusions, a Christian can admit that the State is not outside of God’s plan, and yet still advocate for it’s abolition as the greatest oppressor of the innocent in history.

What in the Bible suggests that followers of Jesus should subscribe to the ideas of libertarianism?

I think it would be incorrect to say outright “God/Jesus is a libertarian,” but what I find very compelling in Scripture is that Christian ethics and libertarian ethics end up being very similar. Other instances: (1) The Golden Rule in [Matthew 7:12](http://biblia.com/bible/tniv/Matthew%207.12) is very similar to the non-aggression principle. (2) Scripture is consistently skeptical toward power concentrated into the hands of rulers (cf. 1 Samuel 7). (3) The “Kingdom of God” is never characterized with the aggression of the State. Can you think of any more?

Besides Scripture, libertarianism has more or less emerged from the Western tradition, which is tied very strongly to historical Christianity. Christians were, in fact, the “early adopters” of classical liberalism, which was libertarianism’s ideological predecessor. Thus, we have an interesting historical argument as well supporting libertarianism from a Christian perspective.

What in the Bible suggests that followers of Jesus should not subscribe to the ideas of statism?

Besides all the positive reasons that support libertarianism, one of the greatest rejoinders to statism I know of is [Matthew 20:25-28](http://biblia.com/bible/tniv/Matthew%2020.25-28), where Jesus says: “You know that the rulers of the Gentiles lord it over them, and their high officials exercise authority over them. Not so with you. Instead, whoever wants to become great among you must be your servant… just as the Son of Man did not come to be served, but to serve, and to give his life as a ransom for many.”

Do you reject theonomy, and if so why? Why shouldn’t the Old Testament Law be enforced by human government?

Theonomy, strictly defined, is the notion that God is the sole source of human ethics. There is an element of truth to this: ethics do find their root in the character of God. However, many theonomists add that ethics are rooted only in the witness of Scripture, and hence declare that natural law is false. Some take it even further and say that human government exists to enforce _biblical_ law. These elements of theonomy I reject. First, I take a concordance view of ethics, that natural law and Scripture coincide and support one another rather than oppose. I would point Scripturally-inclined readers to Romans 1-3 as some of the prime evidence for this. I also believe very strongly that the State is the enemy of God, existing as a result of man’s sin rather than as part of the original created order and the destiny of man on earth. God is the true King of the Universe, and _all_ power and glory belong to him, never the State.

How should a Christian libertarian deal with Colossians 3:22? “Slaves, obey in everything those who are your earthly masters, not be way of eye-service, as people-pleasers, but with sincerity of heart, fearing the Lord.

Paul says elsewhere that it is good if you can obtain your freedom. See [1 Corinthians 7:21-23](http://biblia.com/bible/tniv/1%20Corinthians%207.21-23); “Were you a slave when you were called? Don’t let it trouble you—although if you can gain your freedom, do so. For the one who was a slave when called to faith in the Lord is the Lord’s freed person; similarly, the one who was free when called is Christ’s slave. You were bought at a price; do not become slaves of human beings.” In one epistle, Paul even gently rebukes a slave owner – Philemon – admonishing him to free the slave Onesiumus.

The reason Paul wrote to the Colossians in this way was to advise prudence. With the newfound freedom a Christian in bondage has found, he might make a rash decision to buck his presumptive “owner” and put himself in a terrible position for his health and witness.

Also, this is actually an encouraging message to someone in slavery. Perhaps after hearing the gospel of Christ and the freedom it brings, the slave may think that there is no way he could possibly be included in this salvation – for he is in physical bondage. Paul’s meta-message is that all are included in the gospel.

Remember what Paul says in Galatians 3 to all Christians everywhere: “So in Christ Jesus you are all children of God through faith, for all of you who were baptized into Christ have clothed yourselves with Christ. There is neither Jew nor Gentile, neither slave nor free, nor is there male and female, for you are all one in Christ Jesus.”

No matter where we are, whether in physical bondage of slavery or oppressed in a dictatorship, the body of Christ – the Church universal – prevails forever.

(Additionally, you might be interested in the LCC blog post on [Slavery in the Old Testament](https://libertarianchristians.com/2009/01/14/slavery-in-the-old-testament/).)

What is your position on abortion?

Abortion is a sensitive issue that well-meaning libertarians can disagree upon. However, the reasonable conclusions of most libertarians, including those Christian libertarians, are that (a) the State does a terrible job of protecting life, liberty, and property in general, (b) the United States Federal Government does not have abortion in its purview, and (c) making abortion “illegal” does not really solve the problem. Government solutions will tend to increase government power, and the focus of all libertarians ought to be the reduction of government power. In doing so, we believe that abortions will surely become a thing of the past.

Two other articles at LCC may also help explain the issue: [Libertarianism and Abortion](https://libertarianchristians.com/2012/07/17/libertarianism-and-abortion/), and[Abortion, Religion, and the Presidency](https://libertarianchristians.com/2012/07/30/abortion-religion-and-the-presidency/), both by Laurence Vance.

Do libertarian Christians believe that the marriage license is a secular, non-religious document and contract that should be available to same-sex couples?

Libertarians in general should not think marriage “licensing” by the government is any better than occupation licenses by the government, and are not within the purview of governmental power. If government has any purpose at all in this arena of life, it is to be a storehouse for consensually agreed upon contracts, of which Christian marriage or other arrangements such as those between homosexuals could be included. However, it is not up to the state to decide how to regulate such contracts.

Christian marriage is an institution of the church, not that of the government. Therefore, the government should have no power to tell churches what they can and cannot do regarding Christian marriage.

Similarly, it is not the right of Christians, regardless of their view of homosexuality, to tell others how they are to arrange their own consensual contracts. Therefore, if a homosexual couple wishes to file a contract and they want to call it a “marriage contract,” then that is their prerogative and I have no right to forbid them from doing so. If they want to call it a “civil union” instead, that’s fine as well. With regards to any tax benefits, of course I support any and all measures to reduce the sum total that the government steals from people, provided that spending is also reduced in corresponding measure rather than the shortfall being printed out of thin air. Taxation and government spending are always bad.

However, not forbidding certain behavior should not be conflated with not approving of certain behavior. Being permissive of lifestyle choices does not entail me agreeing that the lifestyle choice is morally right before God. Such non-agreement is my religious perspective, and thus cannot be used as a rationale to coerce others. To me, this is the essence of being socially tolerant: though I disagree with a behavior I shall not raise an aggressive hand against it. I would use a similar argument to defend any non-aggressive behavior even if I believed it to be wrong.

Most importantly, and I think this is the key point, all of this is only an issue not because of our lack of “separation of church and state” (though I certainly want the government out of the church, it’s far too corrupt) but because we have a state in the first place that constantly infringes upon our civil liberties. Power to regulate personal relationships in any way, including marriage, should never be given to the state. The beauty of the free society is that we can still live at peace with each other even if we do not agree with certain lifestyle choices that others make. What I am proposing in the above paragraphs is simply that restoring civil liberties involves getting the government out entirely.

For a libertarian Christian, is there such a thing as a just war, or are all libertarian Christians pacifists?

This is a terribly difficult question to answer. In sum, I do not believe that being a pacifist is a requirement for a Christian libertarian, but being anti-war is mandatory.

Proper wars – military conflicts – are almost always begun by states, between states. Other instances of wars, such as the Revolutionary War, are few in history. Since the Christian libertarian’s understanding of the state is that it is [founded in rebellion against God](https://libertarianchristians.com/2009/02/19/josephus-on-the-origin-of-the-state/) and is evil in nature, we also understand that its reasons for executing violence against others must also be impure, vile, and evil. We must assume until proven otherwise that any war is unjust. (Even the Revolutionary War’s necessity is debatable, honestly.)

Just war theory, as proposed by Augustine first and many others following him, seeks to limit the state’s justifications for going to war, but there is a downside with the theory as well. Robert Brimlow has addressed this in his book [What About Hitler?](http://www.amazon.com/dp/1587430657/?tag=libchr-20), and Laurence Vance had this to say in his [review](http://www.lewrockwell.com/vance/vance128.html) of Brimlow’s work: “Brimlow then demolishes the finer points of just war theory itself, even taking on the theologian Thomas Aquinas. The author considers just war theory, ‘as developed and defended both by church theologians and secular philosophers,’ untenable, and for three reasons: (1) Just war theory is untenable because it is difficult to know with sufficient confidence whether all of its conditions have been met. (2) Just war theory is untenable because some of its tenets are impossible to realize. (3) Just war theory is untenable because it used to justify rather than to prevent war.

Go to Laurence’s full article for even more elaboration. I find it compelling. Just war theory has been used to justify terrible wars, including every American intervention/war of the 20th and 21st century. Why, then, would I want to adopt it?

Again, I do not think pacifism is the ultimate answer, but I think [Leo Tolstoy](https://libertarianchristians.com/2010/07/09/leo-tolstoy-against-the-state/), Stanley Hauerwas, John Yoder, and Dietrich Bonheoffer make strong cases for it. Here at LCC, Doug Douma has made persuasive arguments as well. On the other side, I don’t think we can claim that Jesus saying “turn the other cheek” completely excludes all forms of self-defense (see [my exegesis of Matthew 5](https://libertarianchristians.com/2008/12/11/turning-the-other-cheek-matthew-5/)). Who knows, perhaps I will be convinced of pacifism someday, I don’t claim to have this nailed down yet. Currently, I think understanding the use of force through a careful viewing of natural law and ethics reveals the appropriateness of basic self-defense to protect one’s life, family, and property. But, you had darned well better be sure if you ever, ever raise your hand against another person.

Is “pro-life” a contradiction to “pro-war”?

I find it extremely difficult to take pro-life conservatives seriously, if they are at the same time condoning, and usually even promoting, the wholesale slaughter of innocents just because they happen to be halfway across the world and Arab. Perhaps it is not so much a contradiction as much as it is a blatant inconsistency.

Is voting a violent act?

Voting is not rooted in property rights at all, in fact, it is merely an entitlement. As such, voting is not an act of aggression. However, we should not think of voting too highly. It certainly does not deserve the sacrosanct status that it has in America today. We cannot expect that via mere vote totals that we will change the world in the direction of more liberty. Moreover, it certainly puts one in an awkward moral position to be voting for people who have directly stated that they will be acting in aggression over others, such as promotion of never-ending war and spending, so even though voting is not violent one must recognize the tertiary effects thereof.

What is the Christian libertarian position on recreational drug use? Is it possible to support individual rights without being condemned as a pot user? 

The Christian libertarian recognizes the fundamental nature of self-ownership, which states simply that with respect to other human beings you own yourself. Thus, it is not right for me (or others) to claim ownership over your body by making laws telling you what you can and cannot do with it. I cannot initiate force against you. I may, Lord willing, use my personal influence to urge you to behave differently, but I shall not lift a hand against you. The argument that these substances are illegal because they can do you personal harm is, quite frankly, completely ludicrous. People consensually agree to do dangerous things with physical substances all the time — such as football, boxing, or riding in cars. The argument that these substances might “influence” you to do harm to others is barely more sane. If you cause harm to someone else “under the influence” then you can be prosecuted as a criminal, but there is no legal principle under the sun that states you can be prosecuted _before doing anything wrong_. (Remember the “pre-crime” unit of _Minority Report_?)

One way you can avoid accusations of being a “pot user” is, quite simply, not to use it. Live such an exemplary life that someone could never think to impugn your consistency and honesty. Honestly, I care very little if someone has smoked anything. I see no fundamental difference between cigars, cigarettes, and marijuana, and I condemn no one for any such use. One the government has declared illegal, and the others not. (I am convinced that it has medical uses as well.) Nonetheless, I choose not to participate in such activities in order not to put a stumbling block before any brother or sister. Perhaps this is one of those areas where, at the current time, “everything is permissible but not everything is beneficial.” ([1 Corinthians 10:23](http://biblia.com/bible/tniv/1%20Corinthians%2010.23))

The best way to reduce substance abuse is to remember that it is a _health_ issue, not a legal issue. Prohibition leads to increased violence, as is evident from the immoral and foolish alcohol prohibition era and the current War on Drugs. Thus, all true libertarians call for complete legalization, as it is the _only_ ethical position one can take.

Also, check out other posts on LCC about the [War on Drugs](https://libertarianchristians.com/tag/war-on-drugs/).

Where does LibertarianChristians.com make a distinction between resistance to unjust government action and the directive to “submit himself to the governing authorities”? (Romans 13, NIV)

The position of LibertarianChristians.com is that Romans 13 is about _prudence_ in action toward governmental intrusion in life. While civil disobedience is not immoral and certainly is great to do in certain cases, one must be very careful in executing such measures. For instance, my first responsibility is the caretaking of my family, and then serving the church. I will not do things that bring unreasonable risk upon them. Frequently enough there are better ways of making a difference. But most of all, LibertarianChristians.com does not and will never advocate violence as the answer to our problems.

What do Christian libertarians generally view as legitimate duties of the national government? Does this differ at all from “standard” libertarians?

Christian libertarians look at government in the same manner as other libertarians, but also use Scripture, Christian theological reasoning, and the Christian faith tradition to support such views. For most Christian libertarians, our aim is to show how natural rights and libertarian political theory coincide with proper ethics from a Christian perspective. Regarding the duties of national government, they consist of little to almost nothing. If government has any purpose at all, it is to protect the rights and property of individuals, and this only with the explicit consent of the governed. At most, this would include a court of final authority and protection. This would be considered the minarchist perspective, but many would go so far to say that any government that maintains a monopoly of force in law and protection will inevitably choose to abuse its power and become tyrannical. That is, even minarchism is doomed to failure in the long run. Many Christian libertarians believe this is consistent with the witness of Scripture as well, from ancient Egypt, to Babylon, to Rome, even to Israel when they had a king (see 1 Samuel 7).

It’s one thing for adults to be left to make their own choices and live with the consequences, but when it comes to children, does society not have certain responsibilities for their proper care (if parents are unable/unwilling)? For libertarians who believe that education should be privatized, how does this practically work for these “forgotten” children?

Candidly, if I knew how a market in X works in practice, an accurate and comprehensive answer would be the most valuable proof that statism would work. Knowing how things work in practice ahead of time is impossible. We can guess and offer possibilities, but if education were privatized, it would probably look very different from what we now expect. At the same time, we don’t have just theories or principles of economics to look to for answers on how education could work without the state. We have a history of markets with millions of examples of how goods and services “work in practice.” We also have a history of markets that show us how the poor are provided goods and services that in prior decades on the wealthy could afford or have access to. While it will always be true that the wealthy will have access to the best, since the advent of freed markets the poorest have had access to reliable and quality substitutes for those products or services. In the early 1990s, “car phones” seemed to be the envy of the wealthy, completely out of reach to the poorest. Cellular phones are now ubiquitous and nearly universally affordable. A computer used to cost thousands of dollars in 1980s money, but now are merely a few hundred dollars in today’s money. These are but a few examples.

Education is one of the most complex social phenomena throughout history because of its rather fundamental nature of life. The bare minimum of learning is for mere survival, and so broadly speaking, education has always existed where survival was necessary! Just as there have always been many ways to learn, there are many ways to acquire education—apprenticeships, schools, labor market, reading, to name just a few. The first thing to keep in mind with education is that what we usually think of as “education” today is relatively new. Schools as we think of them are a recent historical practice.

The most difficult endeavor in proposing a society that operates completely on the foundations of peaceful interactions is to imagine a world nearly upside down from today’s experience. Examples throughout history are full of those who objected to social change. Certain industries may thrive in new conditions and leave old industries obsolete, yet life continued and humanity adjusted. It moves on. And most of us are the better for it. But social change is not without its hurdles. The biggest one is opening the imagination of others who cannot see what ought to be done. This takes courage and perseverance. It doesn’t happen overnight.

For most who question the privatization model of education, the children who will presumably be “left behind” (i.e. they fail to get adequate education) are the focus of concern. Add to this the Christian responsibility to concern themselves with the wellbeing of what Jesus calls “the least of these,” and the question becomes a bit more important. If Christians advocate something that leaves the poor behind, it might need to be reconsidered.

A Honda Civic will get me to work just as well as an Aston Martin. An iPad will send emails, but so will the cheapest tablet on the market that costs a fraction of the price. You can buy expensive cabinets made of exquisite wood shipped from exotic locations around the world, or you can shop at IKEA. Both add functionality to your kitchen. Markets have a proven track record of providing reliable and socially acceptable goods and services for those who have very little. In many areas, even those who were very wealthy could not afford such things a decade prior.

Once we keep in mind that education is not just “schooling,” we can begin to imagine ways that educating the poorest in a free society is not just a prediction but is feasible.

The question isn’t really about who owns and operates the school system. The question is, “What kind of ‘system’ do we need in order to see access to education to as many people as possible?” Do we even need a formal system, or does an emergent order of educational providers make more sense (the Hayekians among us would have plenty to say here!)?

It is often stated that it is the job of “the church” to assist the poor and not the job of anyone else. But for the same reason I reject the idea that “schooling” equals “education,” I would also reject the idea that “Church” equals “institutionalized Christianity.” Those who follow Jesus should be pushing the way forward that helps those in need, by whatever peaceful means necessary. That could mean starting a school funded by donations from those who have extra to give. That could mean starting a business that provides apprenticeships to the poor in exchange for inexpensive labor. That could mean working in the political system to privatize schools as we now know it. It could also mean working toward dismantling the current system so that it reflects a less institutionalized approach to educating.

A remaining concern to address is the neglectful parenting that can happen, leaving children “behind” the rest of society. What I would caution against is considering “society” as an entity with a purpose as if it were an individual. If by society you mean “the people living in society,” consider this: when a society is ready and willing to “go private” with education (face it, that’s a long way off!), that society will be ready to take care of those who are being neglected without a need for a federal or state institution to do so.

Many Christian conservatives disapprove of Christian libertarians because most libertarians support getting the government’s nose out of issues related to sex (such as prostitution and homosexuality). How does a Christian who accepts libertarianism respond to that?

Everything a libertarian thinks a government should do (or not do) flows out of our understanding of property rights. First, you own yourself, insofar as other human beings do not have better claim to it (God obviously becomes the final arbiter in this regression, but this is beside the point for now). As such, you have the right to use your body however you choose, so long as you do not initiate force against others either physically or through fraud.

It generally is reasonable to most people that if someone else is doing something of which you disapprove but is not aggressive in nature, then you do not have the right to initiate force to stop him. This clearly follows from the non-aggression principle stated above. However, many of these same people think that it’s alright to use the government to stop activity of which they disapprove. All it takes is a new law.

In contrast, libertarians say that this is an illegitimate use of force. If I, as an individual, do not have the right to force people to stop action X (because action X is not aggressive in nature), then neither does a group of people, and neither does a government. Governments do not have the right to regulate non-aggressive behavior.

So the first question is, why should the above principles change when it comes to sex? I disapprove of prostitution as much as the next fellow, but at least prostitution is consensual as opposed to a government that sustains itself on institutionalized violence.

Instead of using our time and energy to get the government to prohibit activity like prostitution, or drugs, or pornography, or drinking, or whatever, which invariably leads to black markets and escalation of violence and a police state, why not instead build up the Kingdom of God through the church?

Practically speaking, how should Christian libertarians handle “gay rights” issues within the state we encounter today?”

The way I see it, there are three levels to how Christian libertarians should handle these issues:

  1. As it pertains to the United States, we should never condone the Federal government handling any kind of marriage issue. Such legislation would not be Constitutional. Instead, we should promote the elevation of individual rights always superseding the government.
  2. At the state level, Christian libertarians should not support further government intrusion into marriage in general. This is unacceptable power given to the government. For example, I do not think it right for state governments to pass marriage amendments that either legalize or make illegal the practice of “gay marriage.”
  3. Christian libertarians should, in general, support the recognition of _all_ consensual contracts, including those of the “civil union” type. This is especially reasonable considering that any money the government does not steal is a good thing.

Homosexuals have the same rights as everyone else. Just as other libertarians have said, your rights do not change based on your sexual preference. Correspondingly, you also do not get special rights because you are homosexual. An individual or government cannot, for instance, force a minister to perform a wedding ceremony against his will. This is simply a re-statement of the non-aggression principle.

Had I the opportunity, yes I would have supported the repeal of sodomy laws before the US Supreme Court declared them unconstitutional. Any activity between consenting individuals should not be punitively punished by the state.",https://libertarianchristians.com/faq/
5502,2015-06-17T20:14:59,Basics of Christian Libertarianism,Doug Stuart,"This entry is part 28 of 43 in the series [Christian Theology of Public Policy Course](https://libertarianchristians.com/series/christian-theology-of-public-policy-course/ ""Christian Theology of Public Policy Course"")

If you are new here, we encourage you to start with a few of our best articles describing who we are, what we believe, and our apologetics.

To learn more about the mission, vision, and core values of the Libertarian Christian Institute, [check out this page](/about/).

## Get Started with the Libertarian Christian Basics

[ ](https://libertarianchristians.com/2020/03/13/can-a-christian-be-a-libertarian/ ""Can a Christian Be a Libertarian?"")

##  [Can a Christian Be a Libertarian?](https://libertarianchristians.com/2020/03/13/can-a-christian-be-a-libertarian/)

[ ](https://libertarianchristians.com/2018/03/07/jesus-wasnt-a-libertarian/ ""Jesus Wasn’t A Libertarian \(But He’s Glad I Am!\)"")

##  [Jesus Wasn't A Libertarian (But He's Glad I Am!)](https://libertarianchristians.com/2018/03/07/jesus-wasnt-a-libertarian/)

[ ](https://libertarianchristians.com/2018/01/07/how-to-start-learning-about-christian-libertarianism/ ""How to start learning about Christian libertarianism"")

##  [How to start learning about Christian libertarianism](https://libertarianchristians.com/2018/01/07/how-to-start-learning-about-christian-libertarianism/)

[ ](https://libertarianchristians.com/2014/08/12/the-biblical-foundations-of-christian-libertarianism/ ""The Biblical Foundations of Christian Libertarianism"")

##  [The Biblical Foundations of Christian Libertarianism](https://libertarianchristians.com/2014/08/12/the-biblical-foundations-of-christian-libertarianism/)

[ ](https://libertarianchristians.com/2013/04/02/theology-doesnt-begin-and-end-with-romans-13/ ""Theology doesn’t begin and end with Romans 13"")

##  [Theology doesn’t begin and end with Romans 13](https://libertarianchristians.com/2013/04/02/theology-doesnt-begin-and-end-with-romans-13/)

[ ](https://libertarianchristians.com/2008/11/25/give-to-caesar-bible-verses-government/ ""New Testament Theology of the State: Romans 13, Give Unto Caesar, and Other Bible Verses about Government"")

##  [New Testament Theology of the State: Romans 13, Give Unto Caesar, and Other Bible Verses about Government](https://libertarianchristians.com/2008/11/25/give-to-caesar-bible-verses-government/)

[ ](/about/)

## Libertarian Christian Core Values

Get to know what LCI and other libertarians around the world stand for when we advocate for a free society!

[ Learn More ](/about/)

## Libertarian Christian Essential Reading

[ ](https://libertarianchristians.com/2021/11/12/simple-arguments-against-iraq-war/ ""Simple Arguments Against the Iraq War"")

##  [Simple Arguments Against the Iraq War](https://libertarianchristians.com/2021/11/12/simple-arguments-against-iraq-war/)

By  Dr. Norman Horn 

[ ](https://libertarianchristians.com/2021/04/02/turning-the-other-cheek-matthew-5/ ""Appreciating Jesus’ Teaching on the Benefits of Turning the Other Cheek"")

##  [Appreciating Jesus' Teaching on the Benefits of Turning the Other Cheek](https://libertarianchristians.com/2021/04/02/turning-the-other-cheek-matthew-5/)

By  Dr. Norman Horn 

[ ](https://libertarianchristians.com/2021/03/26/josephus-on-the-origin-of-the-state/ ""Josephus on the Origin of the State"")

##  [Josephus on the Origin of the State](https://libertarianchristians.com/2021/03/26/josephus-on-the-origin-of-the-state/)

By  Dr. Norman Horn 

[ ](https://libertarianchristians.com/2015/04/03/progressives-libertarians-and-gods-economy/ ""Progressives, Libertarians, and God’s Economy"")

##  [Progressives, Libertarians, and God’s Economy](https://libertarianchristians.com/2015/04/03/progressives-libertarians-and-gods-economy/)

By  Doug Stuart 

[ ](https://libertarianchristians.com/2011/03/18/thoughts-on-the-word-we/ ""Thoughts on the word “We”"")

##  [Thoughts on the word “We”](https://libertarianchristians.com/2011/03/18/thoughts-on-the-word-we/)

By  Doug Stuart 

[ ](https://libertarianchristians.com/2010/12/08/top-10-books-for-libertarianschristmas-2010-edition/ ""Top 10 Books for Libertarians–Christmas 2010 Edition"")

##  [Top 10 Books for Libertarians–Christmas 2010 Edition](https://libertarianchristians.com/2010/12/08/top-10-books-for-libertarianschristmas-2010-edition/)

By  Dr. Norman Horn 

## Christian Theology of Public Policy

### Articles by John Cobin

[ ](https://libertarianchristians.com/2011/09/17/the-christians-political-objective/ ""The Christian’s Political Objective"")

##  [The Christian's Political Objective](https://libertarianchristians.com/2011/09/17/the-christians-political-objective/)

[ ](https://libertarianchristians.com/2011/09/16/the-christian-and-political-activism/ ""The Christian and Political Activism"")

##  [The Christian and Political Activism](https://libertarianchristians.com/2011/09/16/the-christian-and-political-activism/)

[ ](https://libertarianchristians.com/2011/09/15/are-state-lotteries-immoral/ ""Are State Lotteries Immoral?"")

##  [Are State Lotteries Immoral?](https://libertarianchristians.com/2011/09/15/are-state-lotteries-immoral/)

[ ](https://libertarianchristians.com/2011/09/12/the-lottery-is-the-best-tax/ ""The Lottery is the Best Tax"")

##  [The Lottery is the Best Tax](https://libertarianchristians.com/2011/09/12/the-lottery-is-the-best-tax/)

[ ](https://libertarianchristians.com/2011/09/01/christians-cannot-be-nationalists/ ""Christians cannot be nationalists"")

##  [Christians cannot be nationalists](https://libertarianchristians.com/2011/09/01/christians-cannot-be-nationalists/)

[ ](https://libertarianchristians.com/2011/08/29/the-united-states-not-a-biblical-nation/ ""The United States: Not a Biblical Nation"")

##  [The United States: Not a Biblical Nation](https://libertarianchristians.com/2011/08/29/the-united-states-not-a-biblical-nation/)

[ ](https://libertarianchristians.com/2011/08/24/why-do-the-nations-rage-and-more-on-biblical-nations/ ""“Why do the nations rage?” and more on Biblical nations"")

##  [""Why do the nations rage?"" and more on Biblical nations](https://libertarianchristians.com/2011/08/24/why-do-the-nations-rage-and-more-on-biblical-nations/)

[ ](https://libertarianchristians.com/2011/08/13/theology-of-nations-in-the-bible/ ""Theology of Nations in the Bible"")

##  [Theology of Nations in the Bible](https://libertarianchristians.com/2011/08/13/theology-of-nations-in-the-bible/)

[ ](https://libertarianchristians.com/2011/08/12/biblical-nations-are-not-states/ ""Biblical Nations are not States"")

##  [Biblical Nations are not States](https://libertarianchristians.com/2011/08/12/biblical-nations-are-not-states/)

[ ](https://libertarianchristians.com/2011/08/05/some-strategies-in-the-fight-for-peace/ ""Some Strategies in the Fight for Peace"")

##  [Some Strategies in the Fight for Peace](https://libertarianchristians.com/2011/08/05/some-strategies-in-the-fight-for-peace/)

[ ](https://libertarianchristians.com/2011/08/04/the-christian-fight-for-peace/ ""The Christian Fight for Peace"")

##  [The Christian Fight for Peace](https://libertarianchristians.com/2011/08/04/the-christian-fight-for-peace/)

[ ](https://libertarianchristians.com/2011/08/01/a-rulers-demise/ ""A Ruler’s Demise"")

##  [A Ruler's Demise](https://libertarianchristians.com/2011/08/01/a-rulers-demise/)

[ ](https://libertarianchristians.com/2011/07/28/prudence-in-resistance/ ""Prudence in Resistance"")

##  [Prudence in Resistance](https://libertarianchristians.com/2011/07/28/prudence-in-resistance/)

[ ](https://libertarianchristians.com/2011/07/26/the-second-amendment-and-built-in-revolution/ ""The Second Amendment and Built-in Revolution"")

##  [The Second Amendment and Built-in Revolution](https://libertarianchristians.com/2011/07/26/the-second-amendment-and-built-in-revolution/)

[ ](https://libertarianchristians.com/2011/07/22/what-do-we-do-about-slavery-now/ ""What do we do about slavery now?"")

##  [What do we do about slavery now?](https://libertarianchristians.com/2011/07/22/what-do-we-do-about-slavery-now/)

[ ](https://libertarianchristians.com/2011/07/21/slavery-biblical-or-not/ ""Slavery – Biblical or not?"")

##  [Slavery - Biblical or not?](https://libertarianchristians.com/2011/07/21/slavery-biblical-or-not/)

## Get Started Here

  * [ Can a Christian be a Libertarian? ](/2020/03/13/can-a-christian-be-a-libertarian/)
  * [ Biblical Foundations of Christian Libertarianism ](/2014/08/12/the-biblical-foundations-of-christian-libertarianism/)
  * [ Theology doesn’t begin and end with Romans 13 ](https://libertarianchristians.com/2013/04/02/theology-doesnt-begin-and-end-with-romans-13/)
  * [ Romans 13: New Testament Theology of the State ](https://libertarianchristians.com/2008/11/28/new-testament-theology-2)
  * [ Matthew 22: Render to Caesar ](https://libertarianchristians.com/2008/11/25/new-testament-theology-1)
  * [ Christian Theology of Public Policy ](https://libertarianchristians.com/series/christian-theology-of-public-policy-course/)
  * [ How to learn more about Christian Libertarianism ](https://libertarianchristians.com/2018/01/07/how-to-start-learning-about-christian-libertarianism/)
  * [ Frequently Asked Questions ](https://libertarianchristians.com/faq/)

## Essential Reading

  * [ Top 10 Books for Christian Libertarians ](https://libertarianchristians.com/2008/12/15/top-10-books-for-christian-libertarians-this-christmas/)
  * [ Matthew 5: Turning the Other Cheek ](https://libertarianchristians.com/2008/12/11/turning-the-other-cheek-matthew-5/)
  * [ Libertarianism and the Power of the Gospel ](https://libertarianchristians.com/2015/05/02/libertarianism-and-the-power-of-the-gospel/)
  * [ Progressives, Libertarians, and God's Economy ](https://libertarianchristians.com/2015/04/03/progressives-libertarians-and-gods-economy/)
  * [ Josephus on the Origin of the State ](https://libertarianchristians.com/series/christian-theology-of-public-policy-course/)
  * [ What About Abortion? ](https://libertarianchristians.com/2021/08/31/episode-238-2/)
  * [ The Libertarian Theology of Freedom ](https://libertarianchristians.com/2009/06/17/opitz/)
  * [ Amusing Ourselves to Death ](https://libertarianchristians.com/2009/06/26/amusing-ourselves-to-death/)
  * [ Simple Arguments Against the Iraq War ](https://libertarianchristians.com/2009/01/18/simple-arguments-against-iraq-war/)
  * [ 10 Things I Hate About Taxes ](https://libertarianchristians.com/2009/04/14/taxation-list/)
  * [ 40 Reasons to Ban Guns ](https://libertarianchristians.com/2009/02/13/40-reasons-to-ban-guns/)
  * [ Thoughts on the Word ""We"" ](https://libertarianchristians.com/2011/03/18/thoughts-on-the-word-we/)",https://libertarianchristians.com/basics/
5350,2015-05-21T11:40:43,Team,Doug Stuart,"## Christians for Liberty Network Hosts

[](https://libertarianchristians.com/lciteam/dr-norman-horn/)

### [Dr. Norman Horn](https://libertarianchristians.com/lciteam/dr-norman-horn/)

Faith Ventures Podcast

[](https://libertarianchristians.com/lciteam/doug-stuart-2/)

### [Doug Stuart](https://libertarianchristians.com/lciteam/doug-stuart-2/)

Libertarian Christian Podcast

[](https://libertarianchristians.com/lciteam/cody-cook/)

### [Cody Cook](https://libertarianchristians.com/lciteam/cody-cook/)

Libertarian Christian Podcast

[](https://libertarianchristians.com/shows/biblical-anarchy/)

### [Jacob Winograd](https://libertarianchristians.com/shows/biblical-anarchy/)

Biblical Anarchy Podcast

[](https://libertarianchristians.com/lciteam/alex-bernardo/)

### [Alex Bernardo](https://libertarianchristians.com/lciteam/alex-bernardo/)

The Protestant Libertarian Podcast

[](https://libertarianchristians.com/lciteam/gregory-baus/)

### [Gregory Baus](https://libertarianchristians.com/lciteam/gregory-baus/)

Reformed Libertarians Podcast

[](https://libertarianchristians.com/lciteam/kerry-baldwin/)

### [Kerry Baldwin](https://libertarianchristians.com/lciteam/kerry-baldwin/)

Reformed Libertarians Podcast

### Mike Maharrey

The Godarchy Podcast

[](https://libertarianchristians.com/lciteam/matthew-bellis/)

### [Matthew Bellis](https://libertarianchristians.com/lciteam/matthew-bellis/)

Good News, Bad News

## LCI Contributors

The content for this site is provided by authors and contributors from a spectrum of Christian beliefs, but all of us are committed to an ethic of non-aggression concordant with our Christian faith.

[ ](https://libertarianchristians.com/lciteam/austin-rogers/)

## [Austin Rogers](https://libertarianchristians.com/lciteam/austin-rogers/)

[ ](https://libertarianchristians.com/lciteam/david-gornoski/)

## [David Gornoski](https://libertarianchristians.com/lciteam/david-gornoski/)

[ ](https://libertarianchristians.com/lciteam/david-theroux/)

## [David Theroux](https://libertarianchristians.com/lciteam/david-theroux/)

[ ](https://libertarianchristians.com/lciteam/dick-clark/)

## [Dick Clark](https://libertarianchristians.com/lciteam/dick-clark/)

[ ](https://libertarianchristians.com/lciteam/doug-douma/)

## [Doug Douma](https://libertarianchristians.com/lciteam/doug-douma/)

[ ](https://libertarianchristians.com/lciteam/douglas-young/)

## [Douglas Young](https://libertarianchristians.com/lciteam/douglas-young/)

[ ](https://libertarianchristians.com/lciteam/edmund-opitz/)

## [Edmund Opitz](https://libertarianchristians.com/lciteam/edmund-opitz/)

[ ](https://libertarianchristians.com/lciteam/eli-hage/)

## [Eli Hage](https://libertarianchristians.com/lciteam/eli-hage/)

[ ](https://libertarianchristians.com/lciteam/guy-monahan/)

## [Guy Monahan](https://libertarianchristians.com/lciteam/guy-monahan/)

[ ](https://libertarianchristians.com/lciteam/harrison-hoover/)

## [Harrison Hoover](https://libertarianchristians.com/lciteam/harrison-hoover/)

[ ](https://libertarianchristians.com/lciteam/isaac-morehouse/)

## [Isaac Morehouse](https://libertarianchristians.com/lciteam/isaac-morehouse/)

[ ](https://libertarianchristians.com/lciteam/jacob-kim/)

## [Jacob Kim](https://libertarianchristians.com/lciteam/jacob-kim/)

[ ](https://libertarianchristians.com/lciteam/jeb-smith/)

## [Jeb Smith](https://libertarianchristians.com/lciteam/jeb-smith/)

[ ](https://libertarianchristians.com/lciteam/jeff-wright/)

## [Jeff Wright](https://libertarianchristians.com/lciteam/jeff-wright/)

[ ](https://libertarianchristians.com/lciteam/jessica-hooker/)

## [Jessica Hooker](https://libertarianchristians.com/lciteam/jessica-hooker/)

[ ](https://libertarianchristians.com/lciteam/john-cobin/)

## [John Cobin](https://libertarianchristians.com/lciteam/john-cobin/)

[ ](https://libertarianchristians.com/lciteam/kerry-baldwin/)

## [Kerry Baldwin](https://libertarianchristians.com/lciteam/kerry-baldwin/)

[ ](https://libertarianchristians.com/lciteam/laurence-vance/)

## [Laurence Vance](https://libertarianchristians.com/lciteam/laurence-vance/)

[ ](https://libertarianchristians.com/lciteam/ruth-ryder/)

## [Ruth Ryder](https://libertarianchristians.com/lciteam/ruth-ryder/)

[ ](https://libertarianchristians.com/lciteam/surit-dasgupta/)

## [Surit Dasgupta](https://libertarianchristians.com/lciteam/surit-dasgupta/)

## Board of Directors

[ ](https://libertarianchristians.com/lciteam/dougstuart/)

## [Doug Stuart](https://libertarianchristians.com/lciteam/dougstuart/)

[ ](https://libertarianchristians.com/lciteam/dr-norman-horn/)

## [Dr. Norman Horn](https://libertarianchristians.com/lciteam/dr-norman-horn/)

[ ](https://libertarianchristians.com/lciteam/josh-feinberg/)

## [Josh Feinberg](https://libertarianchristians.com/lciteam/josh-feinberg/)

[ ](https://libertarianchristians.com/lciteam/katelyn-horn/)

## [Katelyn Horn](https://libertarianchristians.com/lciteam/katelyn-horn/)

[ ](https://libertarianchristians.com/lciteam/nick-gausling/)

## [Nick Gausling](https://libertarianchristians.com/lciteam/nick-gausling/)

## Advisory Board

[ ](https://libertarianchristians.com/lciteam/wade-beavers/)

## [Wade Beavers](https://libertarianchristians.com/lciteam/wade-beavers/)

[ ](https://libertarianchristians.com/lciteam/matthew-bellis/)

## [Matthew Bellis](https://libertarianchristians.com/lciteam/matthew-bellis/)

[ ](https://libertarianchristians.com/lciteam/jaired-hall/)

## [Jaired Hall](https://libertarianchristians.com/lciteam/jaired-hall/)",https://libertarianchristians.com/team/
5337,2015-05-21T10:33:41,Articles by Christian Libertarians,Dr. Norman Horn,,https://libertarianchristians.com/blog/
5167,2015-02-12T12:13:48,Groups,Dr. Norman Horn,"# Meet Other Libertarian Christians!

### Learn and grow together!

Being a Christian libertarian can at times be challenging. Rarely will you find a church with very many people who share your political philosophy, and online interactions can only go so far.

LCI's local group program is connecting Christian libertarians all across the globe, and we want you to be involved. There are numerous Christian libertarians out there, and our goal is to help connect you with others in your area for fellowship, learning, and the equipping the community around you to make the Christian case for a free society. 

### Together We Are Stronger

This is more than just getting to know other libertarian Christians in your area. Together you can learn how to be more effective ambassadors for freedom in your community!*

*adjacent image not indicative of suggested crowd size of your group

### WARNING: Your group is NOT a replacement for your local church! 

LCI-affiliated groups should be seen as a place to discuss, learn, and ultimately become more effective representatives of liberty within your local church and community.

### Find Your Group Today

Look below for our current list of local groups, and connect via their social media links. The leaders communicate their events through these channels, so don't delay and sign up today! If you don't use social media, please [contact LCI](https://libertarianchristians.com/contact/) and we will put you in touch with the local leader.

No group in your area? Then let us help you start your own!

Find a Group

Launch a Group

## Current Groups

## **United States**

### **Arizona**

**Phoenix, AZ Chapter**. Leader: Chalon Hutson.  
To find out more, join their [Facebook Group](https://www.facebook.com/groups/1012284118806860/) and [Google Group](https://groups.google.com/forum/?hl=en#!forum/christians-for-liberty---phoenix-chapter).

### **California**

**Riverside, CA Chapter**. Leader: Corey Keast.  
To find out more, join their [Facebook Group](https://www.facebook.com/groups/813153972096167).

**Sacramento, CA Chapter**. Leader: C. Jay Engel.  
To find out more, join their [Facebook Group](https://www.facebook.com/groups/716275255148682).

### **Florida**

**Brevard County / NE Florida Chapter**. Leader: Wes Morrison.  
To find out more, join their [Facebook Group](https://www.facebook.com/groups/272627119857149/).

### **Idaho**

**Boise / Treasure Valley Chapter**. Leader: Chuck Adams.  
To find out more, join their [Facebook Group](https://www.facebook.com/groups/233936610403916/).

### **Indiana**

**South Bend, Indiana Chapter (‘Michiana’ region)**. Leader: Steve Bencsics.  
To find out more, join their [Facebook Group](https://www.facebook.com/groups/MichianaChristianLibertarians/).

### **Tennessee**

**Knoxville, TN Chapter**. Leader: Lesley Swann.  
To find out more, join their [Facebook Group](https://www.facebook.com/groups/1806448022956803/).

### **Texas**

**Houston, TX Chapter**. Leader: Keith Strahan.  
To find out more, join their [Facebook Group](https://www.facebook.com/groups/1612375728996864) and [Google Group](https://groups.google.com/d/forum/cfl-houston). Email libertychristians (at) gmail.com for additional information.

### **New York**

**New York City / Long Island, NY Chapter**. Leader: Don Hammarth and Addison Quale.  
To find out more, join their [Facebook Group](https://www.facebook.com/groups/373646236153889/).

### **Pennsylvania**

**Lancaster, PA Chapter**. Leader: Doug Stuart.  
To find out more, join their [Facebook Group](https://www.facebook.com/groups/cfl.lancaster.pa/).

### **Virginia**

**Hampton Roads, VA Chapter**. Leader: Titus Folks.  
To find out more, join their [Facebook Group](https://www.facebook.com/groups/217347938709045/).

### **Washington, D.C.**

**Washington, D.C. Chapter.** Leader: Christopher Wolske.  
To find out more, join their [Facebook Group](https://www.facebook.com/groups/CFLDC/) and [Google Plus Group](https://plus.google.com/u/0/communities/101165828738216778190).

### **Wisconsin**

**Milwaukee, WI Chapter**. Leader: Anthony Wick.  
To find out more, join their [Facebook Group](https://www.facebook.com/groups/864930726905127/) and [Google Group](https://groups.google.com/forum/#!forum/cflmilwaukee).

## **International**

### **Ontario, Canada**

**Barrie, Ontario Chapter**. Leader: George Vlahos (our first international group!)  
To find out more, join their [Facebook Group](https://www.facebook.com/groups/389036134621721/).

****

### Are you a Group Leader?   
We're here to Help

We know launching a group can be a lot of work. We have some experience in this, so we created a brief guide on getting started. 

[ Download Leader Guide PDF ](https://libertarianchristians.com/wp-content/uploads/2019/10/sg-leader-guide-2019a.pdf)

### Recommended Videos

If you have access to watch or listen to these during your meeting, these videos are bound to get you talking about faith and liberty!

### [ The Biblical Foundations of Christian Libertarianism  ](https://libertarianchristians.com/2014/08/12/the-biblical-foundations-of-christian-libertarianism/) ### [ Gospel Against Empire  ](https://libertarianchristians.com/2015/10/26/gospel-against-empire/) ### [ American Idol: How the State Attempts to Replace God  ](https://libertarianchristians.com/2014/08/13/american-idol-how-the-state-attempts-to-replace-god/)",https://libertarianchristians.com/groups/
4579,2014-05-03T19:24:39,Christians for Liberty Network,Doug Stuart,"# CHristians for Liberty Network

Diverse Voices of Liberty

##### Available Now!

[ ](https://libertarianchristians.com/shows/libertarian-christian-podcast/)

##### Available Now!

[ ](https://libertarianchristians.com/shows/reformed-libertarians-podcast/)

##### Coming Nov 16

[ ](https://libertarianchristians.com/shows/biblical-anarchy/)

[ ](https://libertarianchristians.com/shows/faith-seeking-freedom-podcast/)

##### Available Now!

[ ](https://libertarianchristians.com/shows/good-news-bad-news/)

##### Available Now!

[ ](https://libertarianchristians.com/shows/godarchy-podcast/)

##### Rebooting Nov 19

[ View all Shows ](https://libertarianchristians.com/shows/)",https://libertarianchristians.com/cfl/
33587,2010-08-14T20:20:32,Become an LCI Insider,Dr. Norman Horn,"## Become a Libertarian Christian Insider

We want everyone to feel engaged and excited about what we are doing, which is why if you become a monthly supporter, we will keep you updated and informed regularly on our progress. Read below to decide what level of commitment you want to make:

### Benefits for giving $10/month

  * FREE eBook of _Faith Seeking Freedom_
  * FREE Monthly eBook
  * 10% discount on LCI Merch and Books
  * Exclusive invites to our quarterly LCI team livestreams
  * First Invitation to LCI Monthly Book Clubs

Donate Today

#### Benefits for giving $20/month (or more!)

  * FREE **paperback** of _Faith Seeking Freedom_
  * FREE **paperback** of _Strangers with Candy_
  * FREE **audiobook** of _Faith Seeking Freedom_
  * FREE **audiobook** of _Called to Freedom_
  * Exclusive ""Christ is King"" lapel pin
  * FREE monthly eBook
  * 10% discount on LCI Merch and Books
  * First Invitation to LCI Monthly Book Clubs
  * Exclusive invites to our quarterly LCI team livestreams

Donate Today

## Other ways to donate to LCI

### No matter your method, your money is put to good work! 

## Give Directly Online

Give to LCI using our donation platform, Aplos.

Donate

## Give via Facebook

_No Fees charged to LCI when donating via Facebook!_

If you donate via Facebook, your contact information is hidden from LCI. If you itemize your charitable contributions, please keep your donation receipt for your records. 

[ Donate Today ](https://www.facebook.com/libertarianchristians/)

## Write us a Check

Send checks to:

Libertarian Christian Institute  
11016 Pem Road  
St. Louis, MO 63146

** _Please be sure to include your full contact information so that we can send you a donation receipt as soon as possible._**

[ ](https://www.dafdirect.org/DAFDirect/daflink?_dafdirect_settings=NDc0NDk4MzczXzIxMTFfZmVjMjQ3NTItYzM4NS00ZDNlLTlmMTYtMzYyYmI4YzliY2Jm&designatedText=d2hlcmUgaXQncyBuZWVkZWQgbW9zdA==&amountValue=)

## Use a Donor-Advised Fund

DAF Direct makes it easier to support your favorite charities by giving directly from your donor-advised fund.

[ Donate Today ](https://www.dafdirect.org/DAFDirect/daflink?_dafdirect_settings=NDc0NDk4MzczXzIxMTFfZmVjMjQ3NTItYzM4NS00ZDNlLTlmMTYtMzYyYmI4YzliY2Jm&designatedText=d2hlcmUgaXQncyBuZWVkZWQgbW9zdA==&amountValue=)

## Your support enables us to equip others to flourish with the message of freedom!

Since 2008 libertarianchristians.com has been a place to find solid theology, sound reasoning, and competent economic thinking. For over a dozen years, Norman Horn's side project to promote the message of liberty from a Christian perspective has grown into a movement within the libertarian movement over the past decade. 

Many of you have been a part of this growing movement, and have seen the progress we've made. Whether you've been a regular [reader of our blog](https://libertarianchristians.com/blog/), a faithful [listener to our podcast](https://libertarianchristians.com/podcast/), or a supporter in a myriad other ways, you know what it's like to find solid, faith-based arguments for a free society. 

####  _**The Libertarian Christian Institute has been slowly and steadily growing to create more and more resources for believers to make the Christian case for a free society.**_

We are working on improvements to our website, podcast, YouTube channel, and more that will improve our ability to equip you to spread the message of liberty! 

 _**If there were ever a critical time to begin supporting LCI financially, now is such a crucial year for us to gain traction toward spreading the message.**_ We want to distribute thousands of copies of Faith Seeking Freedom this year, and we need your help in order to do this. 

So here are are four simple ways you can support us: 

  1. **Pray for us** – if you regularly pray for LCI, please send us a note and we'll share with you specific ways we know you can pray for us

  2. **Encourage us** – if you have a moment, [send us a brief note of encouragement](https://libertarianchristians.com/contact/), and be specific about what you're thankful for! We love hearing from you! 

  3. **Connect us to Christian influencers** – if you know a podcaster, a preacher, or publication willing to talk to LCI about our book, reply to this email with the details

  4. **Support us financially** – we know not everyone can support us with a large donation, but if a large number supports LCI at just $10/month, we could meet and exceed our goals each month! 

Obviously, there are other ways to help our cause, from writing guest posts to sharing our articles on social media. But the above are some really critical ways to help us create more Christians who love liberty and promote a peaceful, free society. 

Will you be part of the Christian movement toward a free society? The Libertarian Christian Institute will help you make that case. **Join us today!**

### The Libertarian Christian Institute has helped me to be more bold in proclaiming to friends, family, and strangers that all people, everywhere, are freely given God's love, and in this we can move in our freedom and love each other completely.""

#### Laura

### LCI has helped me know I am not alone in my Christian convictions concerning the illegitimacy of the state. The resources they make available have been challenging and edifying. 

#### Gregory",https://libertarianchristians.com/insider/
1792,2010-08-14T20:20:32,Support the Libertarian Christian Institute,Dr. Norman Horn,"## Your support enables us to equip others to flourish with the message of freedom!

### The Libertarian Christian Institute has been advancing the case for liberty by creating more and more resources to help believers make the Christian case for a free society!

If there were ever a critical time to begin supporting LCI financially, now is such a crucial year for us to gain traction toward spreading the message. 

Donate Today

## Become a Libertarian Christian Insider

We want everyone to feel engaged and excited about what we are doing, which is why if you become a monthly supporter, we will keep you updated and informed regularly on our progress. Click to learn more. 

[ Become an insider ](/insider/)

Looking for more ways to give? [Click here](/donate/ways-to-give-to-lci/)!",https://libertarianchristians.com/donate/
30282,2010-08-14T19:42:00,Free Libertarian Christian eBooks to Download,Doug Stuart,"## FREE Libertarian Christian eBooks to Download

### Strangers with Candy: Observations from the Ordinary Business of Life

[ Download ](https://libertarianchristians.com/book/strangers-with-candy-sampler/)

### Jesus Wasn't a Libertarian (But He's Glad I Am)

[ Download ](https://libertarianchristians.com/book/jesus-wasnt-a-libertarian-but-hes-glad-i-am/)

### Make Immigration Great Again

[ Download ](https://libertarianchristians.com/book/make-immigration-great-again/)

### Is the Bible Pro-Coercion?

[ Download ](https://libertarianchristians.com/book/is-the-bible-pro-coercion/)

### Peaceful Christians: What does the Bible Say About War?

[ Download ](https://libertarianchristians.com/book/peaceful-christians-what-does-the-bible-say-about-war/)

### The Birth of Mercy: Essays on the Birth of the Christ

[ Download ](https://libertarianchristians.com/book/the-birth-of-mercy-essays-on-the-birth-of-the-christ/)

### Romans 13: A Libertarian Guide

[ Download ](https://libertarianchristians.com/book/romans-13-a-libertarian-guide/)

### Christianity & Libertarianism: Allies, not Enemies

[ Download ](https://libertarianchristians.com/book/christianity-libertarianism-allies-not-enemies-2/)

### The Church of Christ & World Powers

[ Download ](https://libertarianchristians.com/book/the-church-of-christ-world-powers/)

### What About Abortion?

[ Download ](https://libertarianchristians.com/book/what-about-abortion/)

### The Idolatry of Statism

[ Download ](https://libertarianchristians.com/book/the-idolatry-of-statism/)

### Christianity & Libertarianism: Allies, not Enemies

Download

## Purchase our paperback books!

  * [](https://libertarianchristians.com/store/faith-seeking-freedom-2/)

Books  ## [Faith Seeking Freedom](https://libertarianchristians.com/store/faith-seeking-freedom-2/) $11.99 [Add to cart](?add-to-cart=25688)

  * [](https://libertarianchristians.com/store/strangers-with-candy-2/)

Books  ## [Strangers with Candy Paperback](https://libertarianchristians.com/store/strangers-with-candy-2/) $14.99 [Add to cart](?add-to-cart=33131)

## FREE Faith Seeking Freedom Study Guide!

We've created the Faith Seeking Freedom Study Guide to help you get the most out of _[Faith Seeking Freedom](https://www.amazon.com/dp/B08LDZMP8M)_. Whether you plan to use it for group discussion, personal reflection, or something else, we know you'll find it a valuable resource in your journey! 

By filling out the form below, you'll be redirected to the PDF version of the Study Guide (we'll also email it to you!), and will be opted-in to our mailing list (you can unsubscribe at any time). 

First 

Last 

Email 

Get my Study Guide!",https://libertarianchristians.com/free-ebooks/
1777,2010-08-14T19:42:00,Libertarian Christian Books to Read,Dr. Norman Horn,"####  Download FREE eBooks from LCI 

[ Get My Free Ebooks!  ](/free-ebooks/)

## Recommended Reading for Libertarian Christians

Below is our recommend reading list to start one’s education in Christian theology and libertarian political theory. The views expressed by each author are, of course, their own, and may not represent the views of the Libertarian Christian Institute. 

This is one of the best and most accessible books explaining why you can be both a Christian and a libertarian.

[https://smile.amazon.com/Religion-Capitalism-Allies-Not-Enemies/dp/0910614814/ref=sr_1_1?s=books&ie=UTF8&qid=1515298235&sr=1-1&keywords=edmund+opitz](https://smile.amazon.com/Religion-Capitalism-Allies-Not-Enemies/dp/0910614814/ref=sr_1_1?s=books&ie=UTF8&qid=1515298235&sr=1-1&keywords=edmund+opitz)

Religion and Capitalism: Allies, Not Enemies

Another great book to help back up your defense of the free market from a Christian perspective.

A Libertarian Theology of Freedom by Edmund Opitz

The Reverend Opitz has long been, and remains, one of the most articulate and deeply thoughtful defenders of a free society.

For a New Liberty by Murray Rothbard

Anarchy and Christianity by Jacques Ellul

Healing our World by Mary Ruwart

Bible and Government

This book contains the best treatment of Romans 13 that you will find in contemporary theology. You _must_ get this book if you are interested in Biblical interpretation.[/vc_column_text]

The Quest for Community

Democracy, the God that Failed

Naming the Powers

Unmasking the Powers

Engaging the Powers by Walter Wink

""Christian Libertarian Books""

This is one of the best and most accessible books explaining why you can be both a Christian and a libertarian.

Revolution: A Manifesto - An absolutely essential book for all Americans, so give it to ANYBODY who you think will listen.

End the Fed

Christian Theology of Public Policy

This book contains the best treatment of Romans 13 that you will find in contemporary theology. You _must_ get this book if you are interested in Biblical interpretation.

On Civil Government

Few people in the 19th century had a radical vision like David Lipscomb. His critique of statism from a Christian standpoint is classic.

Religion and Capitalism: Allies, Not Enemies

Another great book to help back up your defense of the free market from a Christian perspective.

Foundations of Economics by Shawn Ritenouer

Every Christian ought to understand some economics, and Shawn’s book is a great way to get a _thorough_ understanding. This one is _not_ for the uninitiated.

The Church and the Market: A Catholic Defense of the Free Economy by Thomas E. Woods

A vigorous and lively defense of the market economy and a withering attack on all forms of state intervention.

A Libertarian Theology of Freedom by Edmund Opitz

The Reverend Opitz has long been, and remains, one of the most articulate and deeply thoughtful defenders of a free society.

Christianity and War by Laurence Vance

War is the health of the state, and the enemy of mankind. Laurence demolishes every “Christian” argument for war you’ll ever hear.

General “Must-Read” Libertarian Books

For a New Liberty by Murray Rothbard

Our Enemy the State by Albert Jay Nock

Healing our World by Mary Ruwart

The Politically Incorrect Guide to American History by Thomas E. Woods

The Politically Incorrect Guide to Capitalism by Bob Murphy

Rollback by Thomas E. Woods

The Law by Frederic Bastiat

The Kingdom of God is Within You by Leo Tolstoy

Anarchy and Christianity by Jacques Ellul",https://libertarianchristians.com/books-to-read/
1255,2009-11-03T00:34:52,Albert Jay Nock Archive,Dr. Norman Horn,"[Albert Jay Nock](http://en.wikipedia.org/wiki/Albert_Jay_Nock) (1870 - 1945) was an author, educational theorist, and social critic who greatly influenced 20th century libertarianism. He played a major role in the development of Murray Rothbard and Edmund Opitz, who figure prominently in contemporary libertarian philosophy.

## Articles by Albert Jay Nock

  * [Anarchist's Progress](http://mises.org/story/2714)
  * [Isaiah's Job](https://libertarianchristians.com/2009/10/19/isaiahs-job/)
  * Peruse the [Nock Archive at Mises.org](http://mises.org/literature.aspx?action=author&Id=731)

 

## Articles about Albert Jay Nock

  * [Albert Jay Nock: Apostle to the Remnant](https://libertarianchristians.com/2009/10/24/nock-apostle/) - by [Edmund Opitz](https://libertarianchristians.com/resources/opitz-archive)
  * [Albert Jay Nock: Forgotten Man of the Old Right](http://mises.org/story/2717) - by Jeff Tucker 
  * [Nock on Education](http://www.wendymcelroy.com/e107_plugins/content/content.php?content.96) - by Wendy McElroy

 

## Nock Book Reviews

  * Our Enemy, the State (In progress)

 

## Books by Nock (links to Amazon.com listing)

[](http://amazon.com/o/ASIN/0865970939/ref=nosim/libchr-20) [](http://amazon.com/o/ASIN/B000XGAFEC/ref=nosim/libchr-20) [](http://amazon.com/o/ASIN/B000XGBZ14/ref=nosim/libchr-20) [](http://amazon.com/o/ASIN/B001D0JBKG/ref=nosim/libchr-20)

[](http://amazon.com/o/ASIN/B001BY7UEI/ref=nosim/libchr-20) [](http://amazon.com/o/ASIN/B001E28SUM/ref=nosim/libchr-20) [](http://amazon.com/o/ASIN/B000XGAFE2/ref=nosim/libchr-20)",https://libertarianchristians.com/resources/nock-archive/
1166,2009-10-02T13:24:41,Edmund Opitz Archive,Dr. Norman Horn,"Welcome to the Rev. Edmund A. Opitz Archive on LibertarianChristians.com. Here you will find an expanding collection of articles by and about Opitz. The ultimate goal is to have a complete reprinting of all his major articles and pamphlets, all available for you to read online and download. If you find an online article by Opitz not on this page, please feel free to send me a link via my [Contact Page](https://libertarianchristians.com/contact) and I will add it to the list.

**Books by Edmund Opitz (links to Amazon.com listing)**

[](http://www.amazon.com/o/ASIN/0873190467/ref=nosim/libchr-20)[](http://www.amazon.com/o/ASIN/0910614814/ref=nosim/libchr-20)[](http://www.amazon.com/o/ASIN/1572460091/ref=nosim/libchr-20)

**Articles about Edmund Opitz**

  * [Minster for Liberty](/2010/03/08/edmund-opitz-minister-to-liberty/) - by Norman Horn (also published in [Young American Revolution](http://www.yaliberty.org/yar/minister-to-liberty))
  * [Ed Opitz, RIP](/2009/10/02/north-on-opitz/) - by Gary North
  * [A Tribute to Edmund Opitz](/2009/10/03/sirico-tribute/) - by Robert Sirico of the [Acton Institute](http://acton.org/)

**Opitz Book Reviews**

  * [The Libertarian Theology of Freedom](/2009/06/17/opitz/) - by Norman Horn of LibertarianChristians.com ([Order on Amazon.com](http://amazon.com/o/ASIN/0873190467/ref=nosim/libchr-20))
  * [Leviathan at War](/2009/10/05/leviathan-at-war/) - by Robert Higgs ([Order on Amazon.com](http://www.amazon.com/o/ASIN/1572460091/ref=nosim/libchr-20))

## Articles by Edmund Opitz

[ ](https://libertarianchristians.com/2022/01/07/constitutional-restraints/ ""Constitutional Restraints on Power"")

[Libertarianism](https://libertarianchristians.com/category/libertarianism/)

###  [Constitutional Restraints on Power](https://libertarianchristians.com/2022/01/07/constitutional-restraints/)

[Edmund Opitz](https://libertarianchristians.com/author/edmundopitz/ ""Posts by Edmund Opitz"") January 7, 2022  No Comments 

[ Read More  ](https://libertarianchristians.com/2022/01/07/constitutional-restraints/ ""Constitutional Restraints on Power"")

[ ](https://libertarianchristians.com/2021/12/17/opitz-roots/ ""Religious Roots of Liberty"")

[History](https://libertarianchristians.com/category/history/)

###  [Religious Roots of Liberty](https://libertarianchristians.com/2021/12/17/opitz-roots/)

[Edmund Opitz](https://libertarianchristians.com/author/edmundopitz/ ""Posts by Edmund Opitz"") December 17, 2021  6 Comments 

[ Read More  ](https://libertarianchristians.com/2021/12/17/opitz-roots/ ""Religious Roots of Liberty"")

[ ](https://libertarianchristians.com/2021/07/16/the-person-and-his-society/ ""The Person and His Society"")

[Christian Worldview](https://libertarianchristians.com/category/christian-worldview/)

###  [The Person and His Society](https://libertarianchristians.com/2021/07/16/the-person-and-his-society/)

[Edmund Opitz](https://libertarianchristians.com/author/edmundopitz/ ""Posts by Edmund Opitz"") July 16, 2021  1 Comment 

[ Read More  ](https://libertarianchristians.com/2021/07/16/the-person-and-his-society/ ""The Person and His Society"")

[ ](https://libertarianchristians.com/2021/05/14/human-nature-and-free-society/ ""Human Nature and the Free Society"")

[Economics](https://libertarianchristians.com/category/economics/)

###  [Human Nature and the Free Society](https://libertarianchristians.com/2021/05/14/human-nature-and-free-society/)

[Edmund Opitz](https://libertarianchristians.com/author/edmundopitz/ ""Posts by Edmund Opitz"") May 14, 2021  No Comments 

[ Read More  ](https://libertarianchristians.com/2021/05/14/human-nature-and-free-society/ ""Human Nature and the Free Society"")

[ ](https://libertarianchristians.com/2021/05/07/equal-but-not-the-same/ ""Equal But Not the Same"")

[Philosophy](https://libertarianchristians.com/category/philosophy/)

###  [Equal But Not the Same](https://libertarianchristians.com/2021/05/07/equal-but-not-the-same/)

[Edmund Opitz](https://libertarianchristians.com/author/edmundopitz/ ""Posts by Edmund Opitz"") May 7, 2021  No Comments 

[ Read More  ](https://libertarianchristians.com/2021/05/07/equal-but-not-the-same/ ""Equal But Not the Same"")

[ ](https://libertarianchristians.com/2013/07/09/the-freedom-nobody-wants/ ""The Freedom Nobody Wants"")

[Economics](https://libertarianchristians.com/category/economics/)

###  [The Freedom Nobody Wants](https://libertarianchristians.com/2013/07/09/the-freedom-nobody-wants/)

[Edmund Opitz](https://libertarianchristians.com/author/edmundopitz/ ""Posts by Edmund Opitz"") July 9, 2013  No Comments 

[ Read More  ](https://libertarianchristians.com/2013/07/09/the-freedom-nobody-wants/ ""The Freedom Nobody Wants"")

[ ](https://libertarianchristians.com/2013/05/06/thoughts-on-censorship/ ""Thoughts on Censorship"")

[Libertarianism](https://libertarianchristians.com/category/libertarianism/)

###  [Thoughts on Censorship](https://libertarianchristians.com/2013/05/06/thoughts-on-censorship/)

[Edmund Opitz](https://libertarianchristians.com/author/edmundopitz/ ""Posts by Edmund Opitz"") May 6, 2013  1 Comment 

[ Read More  ](https://libertarianchristians.com/2013/05/06/thoughts-on-censorship/ ""Thoughts on Censorship"")

[ ](https://libertarianchristians.com/2013/02/21/six-ideas-to-keep-us-human/ ""Six Ideas to Keep Us Human"")

[Culture](https://libertarianchristians.com/category/culture/)

###  [Six Ideas to Keep Us Human](https://libertarianchristians.com/2013/02/21/six-ideas-to-keep-us-human/)

[Edmund Opitz](https://libertarianchristians.com/author/edmundopitz/ ""Posts by Edmund Opitz"") February 21, 2013  3 Comments 

[ Read More  ](https://libertarianchristians.com/2013/02/21/six-ideas-to-keep-us-human/ ""Six Ideas to Keep Us Human"")

[ ](https://libertarianchristians.com/2012/11/02/the-quiet-revolution/ ""The Quiet Revolution"")

[Libertarianism](https://libertarianchristians.com/category/libertarianism/)

###  [The Quiet Revolution](https://libertarianchristians.com/2012/11/02/the-quiet-revolution/)

[Edmund Opitz](https://libertarianchristians.com/author/edmundopitz/ ""Posts by Edmund Opitz"") November 2, 2012  1 Comment 

[ Read More  ](https://libertarianchristians.com/2012/11/02/the-quiet-revolution/ ""The Quiet Revolution"")

[ ](https://libertarianchristians.com/2012/10/11/the-war-on-poverty-a-critical-view/ ""The War on Poverty: A Critical View"")

[Economics](https://libertarianchristians.com/category/economics/)

###  [The War on Poverty: A Critical View](https://libertarianchristians.com/2012/10/11/the-war-on-poverty-a-critical-view/)

[Edmund Opitz](https://libertarianchristians.com/author/edmundopitz/ ""Posts by Edmund Opitz"") October 11, 2012  1 Comment 

[ Read More  ](https://libertarianchristians.com/2012/10/11/the-war-on-poverty-a-critical-view/ ""The War on Poverty: A Critical View"")

[ ](https://libertarianchristians.com/2012/10/05/our-disordered-lives/ ""Our Disordered Lives"")

[American History](https://libertarianchristians.com/category/american-history/)

###  [Our Disordered Lives](https://libertarianchristians.com/2012/10/05/our-disordered-lives/)

[Edmund Opitz](https://libertarianchristians.com/author/edmundopitz/ ""Posts by Edmund Opitz"") October 5, 2012  3 Comments 

[ Read More  ](https://libertarianchristians.com/2012/10/05/our-disordered-lives/ ""Our Disordered Lives"")

[ ](https://libertarianchristians.com/2012/09/26/stubborn-facts-and-hard-heads/ ""Stubborn Facts and Hard Heads"")

[Christian Worldview](https://libertarianchristians.com/category/christian-worldview/)

###  [Stubborn Facts and Hard Heads](https://libertarianchristians.com/2012/09/26/stubborn-facts-and-hard-heads/)

[Edmund Opitz](https://libertarianchristians.com/author/edmundopitz/ ""Posts by Edmund Opitz"") September 26, 2012  4 Comments 

[ Read More  ](https://libertarianchristians.com/2012/09/26/stubborn-facts-and-hard-heads/ ""Stubborn Facts and Hard Heads"")

[ ](https://libertarianchristians.com/2012/09/21/painting-government-into-a-corner/ ""Painting Government Into a Corner"")

[Economics](https://libertarianchristians.com/category/economics/)

###  [Painting Government Into a Corner](https://libertarianchristians.com/2012/09/21/painting-government-into-a-corner/)

[Edmund Opitz](https://libertarianchristians.com/author/edmundopitz/ ""Posts by Edmund Opitz"") September 21, 2012  3 Comments 

[ Read More  ](https://libertarianchristians.com/2012/09/21/painting-government-into-a-corner/ ""Painting Government Into a Corner"")

[ ](https://libertarianchristians.com/2012/08/09/instinct-and-ethics/ ""Instinct and Ethics"")

[Culture](https://libertarianchristians.com/category/culture/)

###  [Instinct and Ethics](https://libertarianchristians.com/2012/08/09/instinct-and-ethics/)

[Edmund Opitz](https://libertarianchristians.com/author/edmundopitz/ ""Posts by Edmund Opitz"") August 9, 2012  4 Comments 

[ Read More  ](https://libertarianchristians.com/2012/08/09/instinct-and-ethics/ ""Instinct and Ethics"")

[ ](https://libertarianchristians.com/2012/06/15/winner-take-all/ ""Winner Take All"")

[Libertarianism](https://libertarianchristians.com/category/libertarianism/)

###  [Winner Take All](https://libertarianchristians.com/2012/06/15/winner-take-all/)

[Edmund Opitz](https://libertarianchristians.com/author/edmundopitz/ ""Posts by Edmund Opitz"") June 15, 2012  No Comments 

[ Read More  ](https://libertarianchristians.com/2012/06/15/winner-take-all/ ""Winner Take All"")

[ ](https://libertarianchristians.com/2012/05/31/socialism-is-not-christian/ ""Socialism is not Christian"")

[Christian Ethics](https://libertarianchristians.com/category/christian-ethics/)

###  [Socialism is not Christian](https://libertarianchristians.com/2012/05/31/socialism-is-not-christian/)

[Edmund Opitz](https://libertarianchristians.com/author/edmundopitz/ ""Posts by Edmund Opitz"") May 31, 2012  12 Comments 

[ Read More  ](https://libertarianchristians.com/2012/05/31/socialism-is-not-christian/ ""Socialism is not Christian"")

[ ](https://libertarianchristians.com/2012/05/17/adam-smith-and-the-invisible-hand/ ""Adam Smith and the Invisible Hand"")

[Economics](https://libertarianchristians.com/category/economics/)

###  [Adam Smith and the Invisible Hand](https://libertarianchristians.com/2012/05/17/adam-smith-and-the-invisible-hand/)

[Edmund Opitz](https://libertarianchristians.com/author/edmundopitz/ ""Posts by Edmund Opitz"") May 17, 2012  1 Comment 

[ Read More  ](https://libertarianchristians.com/2012/05/17/adam-smith-and-the-invisible-hand/ ""Adam Smith and the Invisible Hand"")

[ ](https://libertarianchristians.com/2012/05/04/humane-values-and-the-free-economy/ ""Humane Values and the Free Economy"")

[Culture](https://libertarianchristians.com/category/culture/)

###  [Humane Values and the Free Economy](https://libertarianchristians.com/2012/05/04/humane-values-and-the-free-economy/)

[Edmund Opitz](https://libertarianchristians.com/author/edmundopitz/ ""Posts by Edmund Opitz"") May 4, 2012  No Comments 

[ Read More  ](https://libertarianchristians.com/2012/05/04/humane-values-and-the-free-economy/ ""Humane Values and the Free Economy"")

[ ](https://libertarianchristians.com/2012/04/25/thinking-about-economics-its-more-than-just-money/ ""Thinking About Economics: It’s more than just money."")

[Culture](https://libertarianchristians.com/category/culture/)

###  [Thinking About Economics: It's more than just money.](https://libertarianchristians.com/2012/04/25/thinking-about-economics-its-more-than-just-money/)

[Edmund Opitz](https://libertarianchristians.com/author/edmundopitz/ ""Posts by Edmund Opitz"") April 25, 2012  No Comments 

[ Read More  ](https://libertarianchristians.com/2012/04/25/thinking-about-economics-its-more-than-just-money/ ""Thinking About Economics: It’s more than just money."")

[ ](https://libertarianchristians.com/2011/06/23/why-do-they-turn-to-socialism/ ""Why do “They” turn to socialism?"")

[History](https://libertarianchristians.com/category/history/)

###  [Why do ""They"" turn to socialism?](https://libertarianchristians.com/2011/06/23/why-do-they-turn-to-socialism/)

[Edmund Opitz](https://libertarianchristians.com/author/edmundopitz/ ""Posts by Edmund Opitz"") June 23, 2011  No Comments 

[ Read More  ](https://libertarianchristians.com/2011/06/23/why-do-they-turn-to-socialism/ ""Why do “They” turn to socialism?"")

[ ](https://libertarianchristians.com/2011/05/05/two-concepts-of-equality/ ""Two Concepts of Equality"")

[Economics](https://libertarianchristians.com/category/economics/)

###  [Two Concepts of Equality](https://libertarianchristians.com/2011/05/05/two-concepts-of-equality/)

[Edmund Opitz](https://libertarianchristians.com/author/edmundopitz/ ""Posts by Edmund Opitz"") May 5, 2011  No Comments 

[ Read More  ](https://libertarianchristians.com/2011/05/05/two-concepts-of-equality/ ""Two Concepts of Equality"")

[ ](https://libertarianchristians.com/2011/04/27/which-kind-of-equality/ ""Which kind of Equality?"")

[Culture](https://libertarianchristians.com/category/culture/)

###  [Which kind of Equality?](https://libertarianchristians.com/2011/04/27/which-kind-of-equality/)

[Edmund Opitz](https://libertarianchristians.com/author/edmundopitz/ ""Posts by Edmund Opitz"") April 27, 2011  No Comments 

[ Read More  ](https://libertarianchristians.com/2011/04/27/which-kind-of-equality/ ""Which kind of Equality?"")

[ ](https://libertarianchristians.com/2011/04/20/god-the-author-of-liberty/ ""God: The Author of Liberty"")

[History](https://libertarianchristians.com/category/history/)

###  [God: The Author of Liberty](https://libertarianchristians.com/2011/04/20/god-the-author-of-liberty/)

[Edmund Opitz](https://libertarianchristians.com/author/edmundopitz/ ""Posts by Edmund Opitz"") April 20, 2011  1 Comment 

[ Read More  ](https://libertarianchristians.com/2011/04/20/god-the-author-of-liberty/ ""God: The Author of Liberty"")

[ ](https://libertarianchristians.com/2011/04/04/some-thoughts-on-violence/ ""Some Thoughts on Violence"")

[Theology](https://libertarianchristians.com/category/theology/)

###  [Some Thoughts on Violence](https://libertarianchristians.com/2011/04/04/some-thoughts-on-violence/)

[Edmund Opitz](https://libertarianchristians.com/author/edmundopitz/ ""Posts by Edmund Opitz"") April 4, 2011  No Comments 

[ Read More  ](https://libertarianchristians.com/2011/04/04/some-thoughts-on-violence/ ""Some Thoughts on Violence"")

[ ](https://libertarianchristians.com/2011/03/30/no-continuing-city/ ""No Continuing City: The Paradox of a Christian Society"")

[History](https://libertarianchristians.com/category/history/)

###  [No Continuing City: The Paradox of a Christian Society](https://libertarianchristians.com/2011/03/30/no-continuing-city/)

[Edmund Opitz](https://libertarianchristians.com/author/edmundopitz/ ""Posts by Edmund Opitz"") March 30, 2011  1 Comment 

[ Read More  ](https://libertarianchristians.com/2011/03/30/no-continuing-city/ ""No Continuing City: The Paradox of a Christian Society"")

[ ](https://libertarianchristians.com/2011/03/11/the-philosophy-of-ludwig-von-mises/ ""The Philosophy of Ludwig von Mises"")

[Economics](https://libertarianchristians.com/category/economics/)

###  [The Philosophy of Ludwig von Mises](https://libertarianchristians.com/2011/03/11/the-philosophy-of-ludwig-von-mises/)

[Edmund Opitz](https://libertarianchristians.com/author/edmundopitz/ ""Posts by Edmund Opitz"") March 11, 2011  1 Comment 

[ Read More  ](https://libertarianchristians.com/2011/03/11/the-philosophy-of-ludwig-von-mises/ ""The Philosophy of Ludwig von Mises"")

[ ](https://libertarianchristians.com/2011/02/11/the-robber-barons-and-the-real-gilded-age/ ""The Robber Barons and the Real Gilded Age"")

[History](https://libertarianchristians.com/category/history/)

###  [The Robber Barons and the Real Gilded Age](https://libertarianchristians.com/2011/02/11/the-robber-barons-and-the-real-gilded-age/)

[Edmund Opitz](https://libertarianchristians.com/author/edmundopitz/ ""Posts by Edmund Opitz"") February 11, 2011  No Comments 

[ Read More  ](https://libertarianchristians.com/2011/02/11/the-robber-barons-and-the-real-gilded-age/ ""The Robber Barons and the Real Gilded Age"")

[ ](https://libertarianchristians.com/2011/01/25/the-market-economy-and-its-life-support-system/ ""The Market Economy and Its Life-Support System"")

[Economics](https://libertarianchristians.com/category/economics/)

###  [The Market Economy and Its Life-Support System](https://libertarianchristians.com/2011/01/25/the-market-economy-and-its-life-support-system/)

[Edmund Opitz](https://libertarianchristians.com/author/edmundopitz/ ""Posts by Edmund Opitz"") January 25, 2011  2 Comments 

[ Read More  ](https://libertarianchristians.com/2011/01/25/the-market-economy-and-its-life-support-system/ ""The Market Economy and Its Life-Support System"")

[ ](https://libertarianchristians.com/2011/01/11/the-war-on-poverty-revisited/ ""The War on Poverty Revisited"")

[Economics](https://libertarianchristians.com/category/economics/)

###  [The War on Poverty Revisited](https://libertarianchristians.com/2011/01/11/the-war-on-poverty-revisited/)

[Edmund Opitz](https://libertarianchristians.com/author/edmundopitz/ ""Posts by Edmund Opitz"") January 11, 2011  3 Comments 

[ Read More  ](https://libertarianchristians.com/2011/01/11/the-war-on-poverty-revisited/ ""The War on Poverty Revisited"")

[ ](https://libertarianchristians.com/2010/12/31/battle-for-the-mind/ ""Battle for the Mind"")

[Theology](https://libertarianchristians.com/category/theology/)

###  [Battle for the Mind](https://libertarianchristians.com/2010/12/31/battle-for-the-mind/)

[Edmund Opitz](https://libertarianchristians.com/author/edmundopitz/ ""Posts by Edmund Opitz"") December 31, 2010  1 Comment 

[ Read More  ](https://libertarianchristians.com/2010/12/31/battle-for-the-mind/ ""Battle for the Mind"")

[ ](https://libertarianchristians.com/2010/12/17/to-save-the-world/ ""To Save the World"")

[Economics](https://libertarianchristians.com/category/economics/)

###  [To Save the World](https://libertarianchristians.com/2010/12/17/to-save-the-world/)

[Edmund Opitz](https://libertarianchristians.com/author/edmundopitz/ ""Posts by Edmund Opitz"") December 17, 2010  1 Comment 

[ Read More  ](https://libertarianchristians.com/2010/12/17/to-save-the-world/ ""To Save the World"")

[ ](https://libertarianchristians.com/2010/12/07/classical-liberalism-and-religion/ ""Classical Liberalism and Religion"")

[Libertarianism](https://libertarianchristians.com/category/libertarianism/)

###  [Classical Liberalism and Religion](https://libertarianchristians.com/2010/12/07/classical-liberalism-and-religion/)

[Edmund Opitz](https://libertarianchristians.com/author/edmundopitz/ ""Posts by Edmund Opitz"") December 7, 2010  1 Comment 

[ Read More  ](https://libertarianchristians.com/2010/12/07/classical-liberalism-and-religion/ ""Classical Liberalism and Religion"")

[ ](https://libertarianchristians.com/2010/11/10/defending-freedom-and-the-free-society-2/ ""Defending Freedom and the Free Society"")

[History](https://libertarianchristians.com/category/history/)

###  [Defending Freedom and the Free Society](https://libertarianchristians.com/2010/11/10/defending-freedom-and-the-free-society-2/)

[Edmund Opitz](https://libertarianchristians.com/author/edmundopitz/ ""Posts by Edmund Opitz"") November 10, 2010  3 Comments 

[ Read More  ](https://libertarianchristians.com/2010/11/10/defending-freedom-and-the-free-society-2/ ""Defending Freedom and the Free Society"")

[ ](https://libertarianchristians.com/2010/11/03/biblical-roots-of-american-liberty/ ""Biblical Roots of American Liberty"")

[Theology](https://libertarianchristians.com/category/theology/)

###  [Biblical Roots of American Liberty](https://libertarianchristians.com/2010/11/03/biblical-roots-of-american-liberty/)

[Edmund Opitz](https://libertarianchristians.com/author/edmundopitz/ ""Posts by Edmund Opitz"") November 3, 2010  5 Comments 

[ Read More  ](https://libertarianchristians.com/2010/11/03/biblical-roots-of-american-liberty/ ""Biblical Roots of American Liberty"")

[ ](https://libertarianchristians.com/2009/11/05/the-answer/ ""Economics Has the Answer: What’s the Question?"")

[Economics](https://libertarianchristians.com/category/economics/)

###  [Economics Has the Answer: What's the Question?](https://libertarianchristians.com/2009/11/05/the-answer/)

[Edmund Opitz](https://libertarianchristians.com/author/edmundopitz/ ""Posts by Edmund Opitz"") November 5, 2009  No Comments 

[ Read More  ](https://libertarianchristians.com/2009/11/05/the-answer/ ""Economics Has the Answer: What’s the Question?"")

[ ](https://libertarianchristians.com/2009/11/04/churches-and-social-order/ ""Churches and the Social Order"")

[Christian Ethics](https://libertarianchristians.com/category/christian-ethics/)

###  [Churches and the Social Order](https://libertarianchristians.com/2009/11/04/churches-and-social-order/)

[Edmund Opitz](https://libertarianchristians.com/author/edmundopitz/ ""Posts by Edmund Opitz"") November 4, 2009  No Comments 

[ Read More  ](https://libertarianchristians.com/2009/11/04/churches-and-social-order/ ""Churches and the Social Order"")

[ ](https://libertarianchristians.com/2009/11/02/defending-freedom-and-the-free-society/ ""Defending Freedom and the Free Society"")

[History](https://libertarianchristians.com/category/history/)

###  [Defending Freedom and the Free Society](https://libertarianchristians.com/2009/11/02/defending-freedom-and-the-free-society/)

[Edmund Opitz](https://libertarianchristians.com/author/edmundopitz/ ""Posts by Edmund Opitz"") November 2, 2009  No Comments 

[ Read More  ](https://libertarianchristians.com/2009/11/02/defending-freedom-and-the-free-society/ ""Defending Freedom and the Free Society"")

[ ](https://libertarianchristians.com/2009/10/28/business-and-ethics/ ""Ethics and Business"")

[Economics](https://libertarianchristians.com/category/economics/)

###  [Ethics and Business](https://libertarianchristians.com/2009/10/28/business-and-ethics/)

[Edmund Opitz](https://libertarianchristians.com/author/edmundopitz/ ""Posts by Edmund Opitz"") October 28, 2009  No Comments 

[ Read More  ](https://libertarianchristians.com/2009/10/28/business-and-ethics/ ""Ethics and Business"")

[ ](https://libertarianchristians.com/2009/10/24/nock-apostle/ ""Albert Jay Nock: Apostle to The Remnant"")

[Culture](https://libertarianchristians.com/category/culture/)

###  [Albert Jay Nock: Apostle to The Remnant](https://libertarianchristians.com/2009/10/24/nock-apostle/)

[Edmund Opitz](https://libertarianchristians.com/author/edmundopitz/ ""Posts by Edmund Opitz"") October 24, 2009  No Comments 

[ Read More  ](https://libertarianchristians.com/2009/10/24/nock-apostle/ ""Albert Jay Nock: Apostle to The Remnant"")

[ ](https://libertarianchristians.com/2009/10/22/freedom-and-majority-rule/ ""Freedom and Majority Rule"")

[Economics](https://libertarianchristians.com/category/economics/)

###  [Freedom and Majority Rule](https://libertarianchristians.com/2009/10/22/freedom-and-majority-rule/)

[Edmund Opitz](https://libertarianchristians.com/author/edmundopitz/ ""Posts by Edmund Opitz"") October 22, 2009  No Comments 

[ Read More  ](https://libertarianchristians.com/2009/10/22/freedom-and-majority-rule/ ""Freedom and Majority Rule"")

[ ](https://libertarianchristians.com/2009/10/15/black-magic/ ""Black Magic"")

[Economics](https://libertarianchristians.com/category/economics/)

###  [Black Magic](https://libertarianchristians.com/2009/10/15/black-magic/)

[Edmund Opitz](https://libertarianchristians.com/author/edmundopitz/ ""Posts by Edmund Opitz"") October 15, 2009  No Comments 

[ Read More  ](https://libertarianchristians.com/2009/10/15/black-magic/ ""Black Magic"")

[ ](https://libertarianchristians.com/2009/10/11/religion-and-capitalism/ ""Perspectives on Religion and Capitalism"")

[Christian Ethics](https://libertarianchristians.com/category/christian-ethics/)

###  [Perspectives on Religion and Capitalism](https://libertarianchristians.com/2009/10/11/religion-and-capitalism/)

[Edmund Opitz](https://libertarianchristians.com/author/edmundopitz/ ""Posts by Edmund Opitz"") October 11, 2009  5 Comments 

[ Read More  ](https://libertarianchristians.com/2009/10/11/religion-and-capitalism/ ""Perspectives on Religion and Capitalism"")

[ ](https://libertarianchristians.com/2009/10/09/architects/ ""Architects of Leviathan"")

[Politics](https://libertarianchristians.com/category/politics/)

###  [Architects of Leviathan](https://libertarianchristians.com/2009/10/09/architects/)

[Edmund Opitz](https://libertarianchristians.com/author/edmundopitz/ ""Posts by Edmund Opitz"") October 9, 2009  No Comments 

[ Read More  ](https://libertarianchristians.com/2009/10/09/architects/ ""Architects of Leviathan"")

[ ](https://libertarianchristians.com/2009/10/09/bourgeoisie/ ""The Nobility of the Bourgeoisie"")

[Economics](https://libertarianchristians.com/category/economics/)

###  [The Nobility of the Bourgeoisie](https://libertarianchristians.com/2009/10/09/bourgeoisie/)

[Edmund Opitz](https://libertarianchristians.com/author/edmundopitz/ ""Posts by Edmund Opitz"") October 9, 2009  No Comments 

[ Read More  ](https://libertarianchristians.com/2009/10/09/bourgeoisie/ ""The Nobility of the Bourgeoisie"")

[ ](https://libertarianchristians.com/2009/10/07/liberalism-means-freedom/ ""Liberalism Used to Mean Freedom"")

[Culture](https://libertarianchristians.com/category/culture/)

###  [Liberalism Used to Mean Freedom](https://libertarianchristians.com/2009/10/07/liberalism-means-freedom/)

[Edmund Opitz](https://libertarianchristians.com/author/edmundopitz/ ""Posts by Edmund Opitz"") October 7, 2009  No Comments 

[ Read More  ](https://libertarianchristians.com/2009/10/07/liberalism-means-freedom/ ""Liberalism Used to Mean Freedom"")",https://libertarianchristians.com/resources/opitz-archive/
1150,2009-09-04T11:25:11,About the Libertarian Christian Institute,Dr. Norman Horn,"The Libertarian Christian Institute is a federal 501(c)(3) tax-exempt educational and religious nonprofit organization that promotes libertarianism from a Christian point of view. We are convinced that libertarianism is the most consistent expression of Christian political thought. LCI is ecumenical in nature, welcoming all those who confess the traditional creeds of the universal church.

Our goals are to persuade our fellow Christians through online programs, physical publications, in-person conferences, and regional small group meetups, and to love our fellow libertarians as Jesus would have us do. Our online presence is unmatched in the libertarian community, with hundreds of articles, book reviews, videos, podcasts, news reports, and much more. Dr. Horn is regularly sought after for a Christian libertarian perspective on a variety of political and cultural topics. Our Christians For Liberty Conferences brought hundreds of Christian Libertarians together to share and to learn from great speakers in Austin, Texas. As the organization grows, we are actively seeking out donors who desire to see an organization such as this make a positive difference in the church and in the world today for liberty and for Christ.

## Our Mission

### Equipping Christians to Spread the Message of Individual Liberty

We seek to create quality resources to equip Christians to promote individual liberty among their families, friends, ministries, and churches. We view ourselves as a contributor to the vast resources of libertarian content online by making the Christian case for a free society. We resist the assumption that the default political position of Christianity is domination and control, and we combat this by employing studies in history, theology, and biblical exegesis in a variety of venues.

## Our Vision

### Christians Embracing a Free Society

The Libertarian Christian Institute envisions a world where Christians around the world promote the values and principles of a free society as the most consistent expression of Christian political thought. We see a world where, instead of polarizing to the left or right, Christians demonstrate that individual liberty is a force for the common good. We aim to persuade Christians that the political expression of our faith inclines us toward the principles of individual liberty and free markets.

## Our Core Values

The Libertarian Christian Institute has five core values that we believe every Christian libertarian should feel confident affirming, even if those individuals express these values with their own nuance. Our aim is not to comprehensively spell out everything Christian libertarians must believe, but provide a central set of tenets that we can all start from, regardless of differences in denomination or theological inclinations. 

[Listen to our podcast episodes about these core values](https://libertarianchristians.com/episode/ep-357-the-core-values-of-a-libertarian-christian/)

## The LCI Story: From Blog to Movement

Discover how a humble blog became a leading voice for liberty rooted in the Christian faith.

[ Read the Story ](/lci-story/)

## Meet Our Team

LCI has a talented team dedicated to creating the best in Christian libertarian content. From board members to contributors, our team members help LCI fulfill our mission every day.

LCI's website content is provided by authors and contributors from a spectrum of orthodox Christian beliefs, and all are committed to an ethic of non-aggression concordant with our Christian faith. You will also see guest posts throughout the site.

[ Meet Our Team ](/team/)

Core Value 1: Christian Political Philosophy Should be Informed by a Holistic View of Scripture, Reason, and Historical Theology

A comprehensive view of the biblical narrative indicates that the Church's proclamation of Jesus' lordship is not a mere personal statement of allegiance; it is also an anti-imperial declaration that the way of peace comes through Christ's counter-cultural kingdom of love and service. Followers of Christ are called to be a prophetic voice against the powers of domination and violence. The State — the monopolized institution of force in society — is never to be confused with the Kingdom of God, and when the power of the state grows, the rightful influence of churches, families, and local communities is diminished.

Core Value 2: A Free And Civil Society Depends Upon Respect For The Non-Aggression Principle

The ethics modeled by Christ and the early Church call us to change the world and build the Kingdom of God through service rather than force; through persuasion rather than coercion. The use of political force to compel ethical behavior does not change hearts and does not produce lasting social change. Christians must call for repentance from sin in humility and never with violence. As such, a consistently Christian ethic always embodies non-aggression.

Core Value 3: Individual Liberty and the Common Good are not at Odds

As God is intrinsically relational within the Trinity, so also human beings are created to live in community. Sin has marred the communal relationships for which we were created by pitting individuals against God, against one another, and against the earth for which we are called to be wise stewards. Affirming the dignity, worth, and rights of the individual as an image-bearer of God is a first step toward restoring authentic, Christ-centered community among diverse individuals. Because society is comprised of individuals, a healthy society requires healthy individuals. Through voluntary cooperation and respect for freedom, people can join together to trade, innovate, create, collaborate, share, and build a world that simultaneously respects the individual and betters our neighbor.

Core Value 4: Social Institutions Matter for Human Flourishing

Humans are created to be social beings, and God's design is that we work together to develop institutions which promote human flourishing. Insofar as these institutions are voluntary, peaceful, and non-coercive, human beings possess the God-given capacity to solve the worst of problems in the best of ways. Social institutions founded upon mutual cooperation — such as marriage, family, church, organizations, and businesses — are vital for authentic humanity.

Core Value 5: Christian Theology Affirms the Essential Tenets of Free Market Economics

Respect for private property, voluntary exchange, condemnation of theft, and the value of cooperation and service towards achieving common goals flow naturally from Christian thought and habit. This is what defines “capitalism” in the libertarian view. Wealth is a tool given by God, and all who possess such wealth are expected to utilize it for God's Kingdom and the good of our neighbor. Taxation and regulation tend to destroy wealth, discourage innovation, and centralize power, and therefore hamper our ability to fulfill the calling of God. Where free markets are allowed to flourish, human beings will prosper both materially and spiritually. Additionally, Christian ethics helps equip our economies for service toward God and neighbor.

## Core Values of a Libertarian Christian

The Libertarian Christian Institute has five core values that we believe every Christian libertarian should feel confident affirming, even if those individuals express these values with their own nuance. Our aim is not to comprehensively spell out everything Christian libertarians  _must_ believe, but provide a central set of tenets that we can all start from, regardless of differences in denomination or theological inclinations.

## Core Value 1

### Christian Political Philosophy Should be Informed by a Holistic View of Scripture, Reason, and Historical Theology

A comprehensive view of the biblical narrative indicates that the Church's proclamation of Jesus' lordship is not a mere personal statement of allegiance; it is also an anti-imperial declaration that the way of peace comes through Christ's counter-cultural kingdom of love and service. Followers of Christ are called to be a prophetic voice against the powers of domination and violence. The State — the monopolized institution of force in society — is never to be confused with the Kingdom of God, and when the power of the state grows, the rightful influence of churches, families, and local communities is diminished.

## Core Value 2

### A Free And Civil Society Depends Upon Respect For The Non-Aggression Principle

The ethics modeled by Christ and the early Church call us to change the world and build the Kingdom of God through service rather than force; through persuasion rather than coercion. The use of political force to compel ethical behavior cannot change hearts and only antagonizes our struggle against sin, death, and evil. Christians must call for repentance from sin in humility and never with violence. As such, a consistently Christian ethic always embodies non-aggression.

## Core Value 3

### Individual Liberty and the Common Good are not at Odds

As God is intrinsically relational within the Trinity, so also human beings are created to live in community. Sin has marred the communal relationships for which we were created by pitting individuals against God, against one another, and against the earth for which we are called to be wise stewards. Affirming the dignity, worth, and rights of the individual as an image-bearer of God is a first step toward restoring authentic, Christ-centered community among diverse individuals. Because society is comprised of individuals, a healthy society requires healthy individuals. Through voluntary cooperation and respect for freedom, people can join together to trade, innovate, create, collaborate, share, and build a world that simultaneously respects the individual and betters our neighbor.

## Core Value 4

### Social Institutions Matter for Human Flourishing

Humans are created to be social beings, and God's design is that we work together to develop institutions which promote human flourishing. Insofar as these institutions are voluntary, peaceful, and non-coercive, human beings possess the God-given capacity to solve the worst of problems in the best of ways. Social institutions founded upon mutual cooperation — such as marriage, family, church, organizations, and businesses — are vital for authentic humanity.

## Core Value 5

### Christian Theology Affirms the Essential Tenets of Free Market Economics

Respect for private property, voluntary exchange, condemnation of theft, and the value of cooperation and service towards achieving common goals flow naturally from Christian thought and habit. This is what defines “capitalism” in the libertarian view. Wealth is a tool given by God, and all who possess such wealth are expected to utilize it for God's Kingdom and the good of our neighbor. Taxation and regulation tend to destroy wealth, discourage innovation, and centralize power, and therefore hamper our ability to fulfill the calling of God. Where free markets are allowed to flourish, human beings will prosper both materially and spiritually. Additionally, Christian ethics helps equip our economies for service toward God and neighbor.

## Core Values FAQ

#### Are you associated with the Libertarian Party?

We are not affiliated with the Libertarian Party. We are a 501(c)(3) organization, and as such are unable to do so. For other reasons, however, we do not align with the Libertarian Party, even though we of course share some of the same views politically. We neither reject nor endorse the official platform of the Libertarian Party, and come to our own conclusions about the core values of the LP.

We believe that party affiliation is a personal choice, and that “small-l libertarians” can advance the cause of liberty from within any party with varying amounts of efficacy.

#### Isn't the term ""capitalism"" old and worn out?

One might think that because capitalism has gotten a bad rap, and is essentially conflated with the idea of “cronyism,” that we would abandon the term altogether for a something more accurate, maybe even catchier. But all of the alternatives, even if they capture the essence of capitalism better than the connotations of the term itself, are not catchy, are in some ways clunky, and really don’t improve our ability to argue for it. Furthermore, it’s not always necessary for us to replace a perfectly good word, properly understood. In fact, we think of it as a pedagogical opportunity for Christians and libertarians alike to reclaim a proper understanding and appreciation for what capitalism is and does.

So while we don’t disparage the promotion of other words and phrases to describe capitalism in a way that captures its essence, we believe the larger purpose of those endeavors is to point us back to what capitalism really is all about.

#### What is LCI's position on [insert issue here]?

As an organization we support the libertarian movement broadly and affirm the ecumenical Christian creeds. We may sometimes not have an official opinion or position on any given topic, as it is often the case that well-meaning and well-reasoned libertarians will come to different conclusions about the same topic. Even within the organization, individuals hold nuanced and sometimes opposing views. And we believe this is okay. One of the reasons we developed our Core Values statement is so that Christian libertarians can align with and maintain affinity for the same things as we advance the message of liberty.

#### Do you have a doctrinal statement?

The Core Values above, as well as our commitment to the historic ecumenical creeds, is the extent to which we have a “statement of faith.” We understand and encourage that those belonging to other faith traditions hold and defend more specific views, but we also recognize that the plurality of doctrinal alignments within the libertarian Christian movement is a strength and not a weakness. We do not all need to align to the same narrow doctrinal statements to preach the message of peace.",https://libertarianchristians.com/about/
845,2009-05-02T11:17:31,Resources,Dr. Norman Horn,"####  New to LCI? 

#####  Start Here 

If you are new to LibertarianChristians.com, we encourage you to start with a few of our best articles describing who we are, what we believe, and our apologetics.

[ Get Started  ](/get-started-here/)

####  Edmund Opitz Library 

Here you will find an expanding collection of articles by and about Opitz.

[ Read More  ](/resources/opitz-archive/)

####  FAQ 

#####  Frequently Asked Questions 

Get some answers on some of the many questions you've been asking.

[ Read More  ](/faq/)

####  Book Reviews 

#####  What should you read next? 

We love books, and we know you want to spend your time on the best literature. So we've read and reviewed plenty of books here so you know what you're getting yourself into.

[ Read More  ](/2021/02/16/top-10-websites-2021/)

####  Book Reviews 

#####  What should you read next? 

We love books, and we know you want to spend your time on the best literature. So we've read and reviewed plenty of books here so you know what you're getting yourself into.

[ Read More  ](/2021/02/16/top-10-websites-2021/)

####  Libertarian Christian Top 10 

#####  Blogs and Sites for you to review 

Christians are becoming ever more aware of the corruption and deceit of their respective political leaders, but finding good material on the internet about libertarianism from a Christian perspective can sometimes be a bit tricky.

[ Read More  ](/2021/02/16/top-10-websites-2021/)",https://libertarianchristians.com/resources/
